raw_city,raw_state,standardized_city,standardized_state,match_method
acrelandia,AC,Acrelândia,AC,municipio
acrelândia,AC,Acrelândia,AC,municipio
assis brasil,AC,Assis Brasil,AC,municipio
brasileia,AC,Brasiléia,AC,municipio
brasiléia,AC,Brasiléia,AC,municipio
bujari,AC,Bujari,AC,municipio
campinas,AC,Plácido de Castro,AC,distrito
capixaba,AC,Capixaba,AC,municipio
cruzeiro do sul,AC,Cruzeiro do Sul,AC,municipio
epitaciolandia,AC,Epitaciolândia,AC,municipio
epitaciolândia,AC,Epitaciolândia,AC,municipio
feijo,AC,Feijó,AC,municipio
feijó,AC,Feijó,AC,municipio
jordao,AC,Jordão,AC,municipio
jordão,AC,Jordão,AC,municipio
mancio lima,AC,Mâncio Lima,AC,municipio
manoel urbano,AC,Manoel Urbano,AC,municipio
marechal thaumaturgo,AC,Marechal Thaumaturgo,AC,municipio
mâncio lima,AC,Mâncio Lima,AC,municipio
placido de castro,AC,Plácido de Castro,AC,municipio
plácido de castro,AC,Plácido de Castro,AC,municipio
porto acre,AC,Porto Acre,AC,municipio
porto walter,AC,Porto Walter,AC,municipio
rio bracnco,AC,Rio Branco,AC,fuzzy
rio branco,AC,Rio Branco,AC,municipio
rio de janeiro,AC,Rio de Janeiro,RJ,viacep
rodrigues alves,AC,Rodrigues Alves,AC,municipio
santa rosa do purus,AC,Santa Rosa do Purus,AC,municipio
sao paulo,AC,São Paulo,SP,viacep
sena madureira,AC,Sena Madureira,AC,municipio
senador guiomard,AC,Senador Guiomard,AC,municipio
tarauaca,AC,Tarauacá,AC,municipio
tarauacá,AC,Tarauacá,AC,municipio
xapuri,AC,Xapuri,AC,municipio
agua branca,AL,Água Branca,AL,municipio
anadia,AL,Anadia,AL,municipio
arapiraca,AL,Arapiraca,AL,municipio
atalaia,AL,Atalaia,AL,municipio
barra de  santo antônio,AL,Barra de Santo Antônio,AL,municipio
barra de santo antonio,AL,Barra de Santo Antônio,AL,municipio
barra de santo antônio,AL,Barra de Santo Antônio,AL,municipio
barra de sao miguel,AL,Barra de São Miguel,AL,municipio
barra de são miguel,AL,Barra de São Miguel,AL,municipio
batalha,AL,Batalha,AL,municipio
belem,AL,Belém,AL,municipio
boca da mata,AL,Boca da Mata,AL,municipio
branquinha,AL,Branquinha,AL,municipio
cacimbinhas,AL,Cacimbinhas,AL,municipio
cajueiro,AL,Cajueiro,AL,municipio
campestre,AL,Campestre,AL,municipio
campo alegre,AL,Campo Alegre,AL,municipio
campo grande,AL,Campo Grande,AL,municipio
canapi,AL,Canapi,AL,municipio
capela,AL,Capela,AL,municipio
carneiros,AL,Carneiros,AL,municipio
cha preta,AL,Chã Preta,AL,municipio
chã preta,AL,Chã Preta,AL,municipio
coite do noia,AL,Coité do Nóia,AL,municipio
colonia leopoldina,AL,Colônia Leopoldina,AL,municipio
colônia leopoldina,AL,Colônia Leopoldina,AL,municipio
coqueiro seco,AL,Coqueiro Seco,AL,municipio
coruripe,AL,Coruripe,AL,municipio
craibas,AL,Craíbas,AL,municipio
delmiro gouveia,AL,Delmiro Gouveia,AL,municipio
dois riachos,AL,Dois Riachos,AL,municipio
estrela de alagoas,AL,Estrela de Alagoas,AL,municipio
feira grande,AL,Feira Grande,AL,municipio
feliz deserto,AL,Feliz Deserto,AL,municipio
flexeiras,AL,Flexeiras,AL,municipio
girau do ponciano,AL,Girau do Ponciano,AL,municipio
ibateguara,AL,Ibateguara,AL,municipio
igaci,AL,Igaci,AL,municipio
igreja nova,AL,Igreja Nova,AL,municipio
inhapi,AL,Inhapi,AL,municipio
jacare dos homens,AL,Jacaré dos Homens,AL,municipio
jacuipe,AL,Jacuípe,AL,municipio
jacuípe,AL,Jacuípe,AL,municipio
japaratinga,AL,Japaratinga,AL,municipio
jaramataia,AL,Jaramataia,AL,municipio
jequia da praia,AL,Jequiá da Praia,AL,municipio
joaquim gomes,AL,Joaquim Gomes,AL,municipio
jundia,AL,Jundiá,AL,municipio
junqueiro,AL,Junqueiro,AL,municipio
lagoa da canoa,AL,Lagoa da Canoa,AL,municipio
limoeiro de anadia,AL,Limoeiro de Anadia,AL,municipio
luziapolis,AL,Campo Alegre,AL,manual_review
maceia³,AL,Maceió,AL,viacep
maceio,AL,Maceió,AL,municipio
maceió,AL,Maceió,AL,municipio
major isidoro,AL,Major Isidoro,AL,municipio
mar vermelho,AL,Mar Vermelho,AL,municipio
maragogi,AL,Maragogi,AL,municipio
maravilha,AL,Maravilha,AL,municipio
marechal deodoro,AL,Marechal Deodoro,AL,municipio
maribondo,AL,Maribondo,AL,municipio
mata grande,AL,Mata Grande,AL,municipio
matriz de camaragibe,AL,Matriz de Camaragibe,AL,municipio
messias,AL,Messias,AL,municipio
monteiropolis,AL,Monteirópolis,AL,municipio
murici,AL,Murici,AL,municipio
novo lino,AL,Novo Lino,AL,municipio
olho d agua das flores,AL,Olho d'Água das Flores,AL,fuzzy
olho d'agua das flores,AL,Olho d'Água das Flores,AL,municipio
olho d'agua grande,AL,Olho d'Água Grande,AL,municipio
olho d'água das flores,AL,Olho d'Água das Flores,AL,municipio
olho d'água do casado,AL,Olho d'Água do Casado,AL,municipio
olho dágua grande,AL,Olho d'Água Grande,AL,fuzzy
olivenca,AL,Olivença,AL,municipio
ouro branco,AL,Ouro Branco,AL,municipio
palestina,AL,Palestina,AL,municipio
palmeira dos indios,AL,Palmeira dos Índios,AL,municipio
palmeira dos índios,AL,Palmeira dos Índios,AL,municipio
pao de acucar,AL,Pão de Açúcar,AL,municipio
pariconha,AL,Pariconha,AL,municipio
paripueira,AL,Paripueira,AL,municipio
passo de camaragibe,AL,Passo de Camaragibe,AL,municipio
pau d'arco,AL,Arapiraca,AL,manual_review
paulo jacinto,AL,Paulo Jacinto,AL,municipio
penedo,AL,Penedo,AL,municipio
piacabucu,AL,Piaçabuçu,AL,municipio
piaçabuçu,AL,Piaçabuçu,AL,municipio
pilar,AL,Pilar,AL,municipio
pindoba,AL,Pindoba,AL,municipio
piranhas,AL,Piranhas,AL,municipio
poco das trincheiras,AL,Poço das Trincheiras,AL,municipio
porto calvo,AL,Porto Calvo,AL,municipio
porto de pedras,AL,Porto de Pedras,AL,municipio
porto real do colegio,AL,Porto Real do Colégio,AL,municipio
poxim,AL,Coruripe,AL,distrito
poço das trincheiras,AL,Poço das Trincheiras,AL,municipio
pão de açúcar,AL,Pão de Açúcar,AL,municipio
quebrangulo,AL,Quebrangulo,AL,municipio
rio largo,AL,Rio Largo,AL,municipio
roteiro,AL,Roteiro,AL,municipio
santa luzia do norte,AL,Santa Luzia do Norte,AL,municipio
santana do ipanema,AL,Santana do Ipanema,AL,municipio
santana do mundau,AL,Santana do Mundaú,AL,municipio
santana do mundaú,AL,Santana do Mundaú,AL,municipio
sao bras,AL,São Brás,AL,municipio
sao jose da laje,AL,São José da Laje,AL,municipio
sao jose da tapera,AL,São José da Tapera,AL,municipio
sao luis do quitunde,AL,São Luís do Quitunde,AL,municipio
sao miguel dos campos,AL,São Miguel dos Campos,AL,municipio
sao miguel dos milagres,AL,São Miguel dos Milagres,AL,municipio
sao sebastiao,AL,São Sebastião,AL,municipio
satuba,AL,Satuba,AL,municipio
senador rui palmeira,AL,Senador Rui Palmeira,AL,municipio
são brás,AL,São Brás,AL,municipio
são josé da laje,AL,São José da Laje,AL,municipio
são josé da tapera,AL,São José da Tapera,AL,municipio
são luís do quitunde,AL,São Luís do Quitunde,AL,municipio
são miguel dos campos,AL,São Miguel dos Campos,AL,municipio
são miguel dos milagres,AL,São Miguel dos Milagres,AL,municipio
são sebastião,AL,São Sebastião,AL,municipio
tanque d'arca,AL,Tanque d'Arca,AL,municipio
taquarana,AL,Taquarana,AL,municipio
teotonio vilela,AL,Teotônio Vilela,AL,municipio
teotônio vilela,AL,Teotônio Vilela,AL,municipio
traipu,AL,Traipu,AL,municipio
uniao dos palmares,AL,União dos Palmares,AL,municipio
união dos palmares,AL,União dos Palmares,AL,municipio
vicosa,AL,Viçosa,AL,municipio
vila sao francisco,AL,Arapiraca,AL,manual_review
viçosa,AL,Viçosa,AL,municipio
alvaraes,AM,Alvarães,AM,municipio
amatura,AM,Amaturá,AM,municipio
amaturá,AM,Amaturá,AM,municipio
anama,AM,Anamã,AM,municipio
anori,AM,Anori,AM,municipio
apui,AM,Apuí,AM,municipio
apuí,AM,Apuí,AM,municipio
atalaia do norte,AM,Atalaia do Norte,AM,municipio
autazes,AM,Autazes,AM,municipio
barcelos,AM,Barcelos,AM,municipio
benjamin constant,AM,Benjamin Constant,AM,municipio
boa vista do ramos,AM,Boa Vista do Ramos,AM,municipio
boca do acre,AM,Boca do Acre,AM,municipio
borba,AM,Borba,AM,municipio
caapiranga,AM,Caapiranga,AM,municipio
canutama,AM,Canutama,AM,municipio
carauari,AM,Carauari,AM,municipio
careiro,AM,Careiro,AM,municipio
careiro da varzea,AM,Careiro da Várzea,AM,municipio
coari,AM,Coari,AM,municipio
codajas,AM,Codajás,AM,municipio
codajás,AM,Codajás,AM,municipio
eirunepe,AM,Eirunepé,AM,municipio
eirunepé,AM,Eirunepé,AM,municipio
envira,AM,Envira,AM,municipio
fonte boa,AM,Fonte Boa,AM,municipio
freguesia do andira,AM,Barreirinha,AM,distrito
guajara,AM,Guajará,AM,municipio
guajará,AM,Guajará,AM,municipio
humaita,AM,Humaitá,AM,municipio
humaitá,AM,Humaitá,AM,municipio
iauarete,AM,São Gabriel da Cachoeira,AM,viacep
ipixuna,AM,Ipixuna,AM,municipio
iranduba,AM,Iranduba,AM,municipio
itacoatiara,AM,Itacoatiara,AM,municipio
itamarati,AM,Itamarati,AM,municipio
itapiranga,AM,Itapiranga,AM,municipio
japura,AM,Japurá,AM,municipio
jurua,AM,Juruá,AM,municipio
jutai,AM,Jutaí,AM,municipio
labrea,AM,Lábrea,AM,municipio
lábrea,AM,Lábrea,AM,municipio
manacapuru,AM,Manacapuru,AM,municipio
manaquiri,AM,Manaquiri,AM,municipio
manaus,AM,Manaus,AM,municipio
manicore,AM,Manicoré,AM,municipio
manicoré,AM,Manicoré,AM,municipio
maraa,AM,Maraã,AM,municipio
maraã,AM,Maraã,AM,municipio
maues,AM,Maués,AM,municipio
maués,AM,Maués,AM,municipio
nhamunda,AM,Nhamundá,AM,municipio
nova olinda do norte,AM,Nova Olinda do Norte,AM,municipio
novo airao,AM,Novo Airão,AM,municipio
novo airão,AM,Novo Airão,AM,municipio
novo aripuana,AM,Novo Aripuanã,AM,municipio
novo aripuanã,AM,Novo Aripuanã,AM,municipio
parintins,AM,Parintins,AM,municipio
pauini,AM,Pauini,AM,municipio
presidente figueiredo,AM,Presidente Figueiredo,AM,municipio
rio preto da eva,AM,Rio Preto da Eva,AM,municipio
sao gabriel da cachoeira,AM,São Gabriel da Cachoeira,AM,municipio
sao paulo de olivenca,AM,São Paulo de Olivença,AM,municipio
sao sebastiao do uatuma,AM,São Sebastião do Uatumã,AM,municipio
silves,AM,Silves,AM,municipio
são paulo de olivença,AM,São Paulo de Olivença,AM,municipio
tabatinga,AM,Tabatinga,AM,municipio
tapaua,AM,Tapauá,AM,municipio
tapauá,AM,Tapauá,AM,municipio
tefe,AM,Tefé,AM,municipio
tefé,AM,Tefé,AM,municipio
tonantins,AM,Tonantins,AM,municipio
urucará,AM,Urucará,AM,municipio
urucurituba,AM,Urucurituba,AM,municipio
amapa,AP,Amapá,AP,municipio
amapari,AP,Pedra Branca do Amaparí,AP,viacep
calcoene,AP,Calçoene,AP,municipio
clevelandia do norte,AP,Oiapoque,AP,distrito
clevelândia do norte,AP,Oiapoque,AP,distrito
ferreira gomes,AP,Ferreira Gomes,AP,municipio
laranjal do jari,AP,Laranjal do Jari,AP,municipio
macapa,AP,Macapá,AP,municipio
macapá,AP,Macapá,AP,municipio
mazagao,AP,Mazagão,AP,municipio
oiapoque,AP,Oiapoque,AP,municipio
pedra branca do amapari,AP,Pedra Branca do Amapari,AP,municipio
porto grande,AP,Porto Grande,AP,municipio
santana,AP,Santana,AP,municipio
serra do navio,AP,Serra do Navio,AP,municipio
vitoria do jari,AP,Vitória do Jari,AP,municipio
vitória do jari,AP,Vitória do Jari,AP,municipio
abaira,BA,Abaíra,BA,municipio
abare,BA,Abaré,BA,municipio
abaré,BA,Abaré,BA,municipio
abaíra,BA,Abaíra,BA,municipio
abrantes,BA,Camaçari,BA,distrito
acajutiba,BA,Acajutiba,BA,municipio
acupe,BA,Santo Amaro,BA,distrito
adustina,BA,Adustina,BA,municipio
agua fria,BA,Água Fria,BA,municipio
aiquara,BA,Aiquara,BA,municipio
alagoinhas,BA,Alagoinhas,BA,municipio
alcobaca,BA,Alcobaça,BA,municipio
alcobaça,BA,Alcobaça,BA,municipio
algodões,BA,Quijingue,BA,distrito
almadina,BA,Almadina,BA,municipio
amargosa,BA,Amargosa,BA,municipio
amelia rodrigues,BA,Amélia Rodrigues,BA,municipio
america dourada,BA,América Dourada,BA,municipio
amélia rodrigues,BA,Amélia Rodrigues,BA,municipio
anage,BA,Anagé,BA,municipio
anagé,BA,Anagé,BA,municipio
andarai,BA,Andaraí,BA,municipio
andaraí,BA,Andaraí,BA,municipio
andorinha,BA,Andorinha,BA,municipio
angical,BA,Angical,BA,municipio
anguera,BA,Anguera,BA,municipio
antas,BA,Antas,BA,municipio
antonio cardoso,BA,Antônio Cardoso,BA,municipio
antonio goncalves,BA,Antônio Gonçalves,BA,municipio
antônio cardoso,BA,Antônio Cardoso,BA,municipio
antônio gonçalves,BA,Antônio Gonçalves,BA,municipio
apora,BA,Aporá,BA,municipio
aporá,BA,Aporá,BA,municipio
apuarema,BA,Apuarema,BA,municipio
aracas,BA,Araçás,BA,municipio
aracatu,BA,Aracatu,BA,municipio
araci,BA,Araci,BA,municipio
aramari,BA,Aramari,BA,municipio
arataca,BA,Arataca,BA,municipio
aratuipe,BA,Aratuípe,BA,municipio
aratuípe,BA,Aratuípe,BA,municipio
araçás,BA,Araçás,BA,municipio
arembepe,BA,Camaçari,BA,manual_review
aribice,BA,Euclides da Cunha,BA,distrito
arraial d ajuda,BA,Porto Seguro,BA,viacep
arraial d'ajuda,BA,Porto Seguro,BA,distrito
arraial d'ajuda (porto seguro),BA,Porto Seguro,BA,viacep
aurelino leal,BA,Aurelino Leal,BA,municipio
açu da torre,BA,Mata de São João,BA,distrito
bahia,BA,Paulo Afonso,BA,manual_review
baianopolis,BA,Baianópolis,BA,municipio
baixa grande,BA,Baixa Grande,BA,municipio
banzae,BA,Banzaê,BA,municipio
banzaê,BA,Banzaê,BA,municipio
barra,BA,Barra,BA,municipio
barra da estiva,BA,Barra da Estiva,BA,municipio
barra do choca,BA,Barra do Choça,BA,municipio
barra do choça,BA,Barra do Choça,BA,municipio
barra do jacuipe,BA,Camaçari,BA,viacep
barra do mendes,BA,Barra do Mendes,BA,municipio
barra do rocha,BA,Barra do Rocha,BA,municipio
barra do tarrachil,BA,Chorrochó,BA,viacep
barreiras,BA,Barreiras,BA,municipio
barro alto,BA,Barro Alto,BA,municipio
barro preto,BA,Barro Preto,BA,municipio
barrocas,BA,Barrocas,BA,municipio
batinga,BA,Itanhém,BA,distrito
belmonte,BA,Belmonte,BA,municipio
belo campo,BA,Belo Campo,BA,municipio
biritinga,BA,Biritinga,BA,municipio
boa nova,BA,Boa Nova,BA,municipio
boa uniao,BA,Alagoinhas,BA,distrito
boa vista do tupim,BA,Boa Vista do Tupim,BA,municipio
bom jesus da lapa,BA,Bom Jesus da Lapa,BA,municipio
bom jesus da serra,BA,Bom Jesus da Serra,BA,municipio
boninal,BA,Boninal,BA,municipio
bonito,BA,Bonito,BA,municipio
boquira,BA,Boquira,BA,municipio
botupora,BA,Botuporã,BA,municipio
botuporã,BA,Botuporã,BA,municipio
brejoes,BA,Brejões,BA,municipio
brejolandia,BA,Brejolândia,BA,municipio
brejolândia,BA,Brejolândia,BA,municipio
brejões,BA,Brejões,BA,municipio
brotas de macaubas,BA,Brotas de Macaúbas,BA,municipio
brotas de macaúbas,BA,Brotas de Macaúbas,BA,municipio
brumado,BA,Brumado,BA,municipio
buerarema,BA,Buerarema,BA,municipio
buritirama,BA,Buritirama,BA,municipio
caatiba,BA,Caatiba,BA,municipio
cabaceiras do paraguacu,BA,Cabaceiras do Paraguaçu,BA,municipio
cabaceiras do paraguaçu,BA,Cabaceiras do Paraguaçu,BA,municipio
cachoeira,BA,Cachoeira,BA,municipio
cacule,BA,Caculé,BA,municipio
caculé,BA,Caculé,BA,municipio
caem,BA,Caém,BA,municipio
caetanos,BA,Caetanos,BA,municipio
caetite,BA,Caetité,BA,municipio
caetité,BA,Caetité,BA,municipio
cafarnaum,BA,Cafarnaum,BA,municipio
cairu,BA,Cairu,BA,municipio
caldas do jorro,BA,Tucano,BA,viacep
caldeirao grande,BA,Caldeirão Grande,BA,municipio
caldeirão grande,BA,Caldeirão Grande,BA,municipio
camacan,BA,Camacan,BA,municipio
camacari,BA,Camaçari,BA,municipio
camamu,BA,Camamu,BA,municipio
camaçari,BA,Camaçari,BA,municipio
campo alegre de lourdes,BA,Campo Alegre de Lourdes,BA,municipio
"campo alegre de lourdes, bahia, brasil",BA,Campo Alegre de Lourdes,BA,viacep
campo formoso,BA,Campo Formoso,BA,municipio
canapolis,BA,Canápolis,BA,municipio
canarana,BA,Canarana,BA,municipio
canavieiras,BA,Canavieiras,BA,municipio
candeal,BA,Candeal,BA,municipio
candeias,BA,Candeias,BA,municipio
candiba,BA,Candiba,BA,municipio
candido sales,BA,Cândido Sales,BA,municipio
cansancao,BA,Cansanção,BA,municipio
cansanção,BA,Cansanção,BA,municipio
canudos,BA,Canudos,BA,municipio
canápolis,BA,Canápolis,BA,municipio
capela do alto alegre,BA,Capela do Alto Alegre,BA,municipio
capim grosso,BA,Capim Grosso,BA,municipio
caraibas,BA,Caraíbas,BA,municipio
caravelas,BA,Caravelas,BA,municipio
caraíbas,BA,Caraíbas,BA,municipio
cardeal da silva,BA,Cardeal da Silva,BA,municipio
carinhanha,BA,Carinhanha,BA,municipio
carnaiba do sertao,BA,Juazeiro,BA,distrito
casa nova,BA,Casa Nova,BA,municipio
castro alves,BA,Castro Alves,BA,municipio
catingal,BA,Manoel Vitorino,BA,distrito
catolândia,BA,Catolândia,BA,municipio
catu,BA,Catu,BA,municipio
catu de abrantes,BA,Camaçari,BA,manual_review
caturama,BA,Caturama,BA,municipio
caém,BA,Caém,BA,municipio
central,BA,Central,BA,municipio
chorrocho,BA,Chorrochó,BA,municipio
chorrochó,BA,Chorrochó,BA,municipio
cicero dantas,BA,Cícero Dantas,BA,municipio
cipo,BA,Cipó,BA,municipio
cipó,BA,Cipó,BA,municipio
coaraci,BA,Coaraci,BA,municipio
cocos,BA,Cocos,BA,municipio
conceicao da feira,BA,Conceição da Feira,BA,municipio
conceicao do almeida,BA,Conceição do Almeida,BA,municipio
conceicao do coite,BA,Conceição do Coité,BA,municipio
conceicao do jacuipe,BA,Conceição do Jacuípe,BA,municipio
conceição da feira,BA,Conceição da Feira,BA,municipio
conceição do almeida,BA,Conceição do Almeida,BA,municipio
conceição do coité,BA,Conceição do Coité,BA,municipio
conceição do jacuípe,BA,Conceição do Jacuípe,BA,municipio
conde,BA,Conde,BA,municipio
condeuba,BA,Condeúba,BA,municipio
condeúba,BA,Condeúba,BA,municipio
contendas do sincora,BA,Contendas do Sincorá,BA,municipio
contendas do sincorá,BA,Contendas do Sincorá,BA,municipio
coracao de maria,BA,Coração de Maria,BA,municipio
coração de maria,BA,Coração de Maria,BA,municipio
cordeiros,BA,Cordeiros,BA,municipio
coribe,BA,Coribe,BA,municipio
coronel joao sa,BA,Coronel João Sá,BA,municipio
coronel joão sá,BA,Coronel João Sá,BA,municipio
correntina,BA,Correntina,BA,municipio
cotegipe,BA,Cotegipe,BA,municipio
cravolandia,BA,Cravolândia,BA,municipio
cravolândia,BA,Cravolândia,BA,municipio
crisopolis,BA,Crisópolis,BA,municipio
cristopolis,BA,Cristópolis,BA,municipio
cristópolis,BA,Cristópolis,BA,municipio
crisópolis,BA,Crisópolis,BA,municipio
cruz das almas,BA,Cruz das Almas,BA,municipio
cumuruxatiba,BA,Prado,BA,distrito
curaca,BA,Curaçá,BA,municipio
curaçá,BA,Curaçá,BA,municipio
cândido sales,BA,Cândido Sales,BA,municipio
cícero dantas,BA,Cícero Dantas,BA,municipio
dario meira,BA,Dário Meira,BA,municipio
dias d avila,BA,Dias d'Ávila,BA,fuzzy
dias d'avila,BA,Dias d'Ávila,BA,municipio
dias d'ávila,BA,Dias d'Ávila,BA,municipio
dias davila,BA,Dias d'Ávila,BA,fuzzy
dias dávila,BA,Dias d'Ávila,BA,fuzzy
dom basilio,BA,Dom Basílio,BA,municipio
dom basílio,BA,Dom Basílio,BA,municipio
dom macedo costa,BA,Dom Macedo Costa,BA,municipio
dário meira,BA,Dário Meira,BA,municipio
elisio medrado,BA,Elísio Medrado,BA,municipio
encruzilhada,BA,Encruzilhada,BA,municipio
engenheiro franca,BA,Ubaíra,BA,distrito
entre rios,BA,Entre Rios,BA,municipio
erico cardoso,BA,Érico Cardoso,BA,municipio
esplanada,BA,Esplanada,BA,municipio
euclides da cunha,BA,Euclides da Cunha,BA,municipio
eunapolis,BA,Eunápolis,BA,municipio
eunápolis,BA,Eunápolis,BA,municipio
fatima,BA,Fátima,BA,municipio
feira da mata,BA,Feira da Mata,BA,municipio
feira de santana,BA,Feira de Santana,BA,municipio
filadelfia,BA,Filadélfia,BA,municipio
filadélfia,BA,Filadélfia,BA,municipio
firmino alves,BA,Firmino Alves,BA,municipio
floresta azul,BA,Floresta Azul,BA,municipio
formosa do rio preto,BA,Formosa do Rio Preto,BA,municipio
fátima,BA,Fátima,BA,municipio
gandu,BA,Gandu,BA,municipio
gaviao,BA,Gavião,BA,municipio
gentio do ouro,BA,Gentio do Ouro,BA,municipio
gloria,BA,Glória,BA,municipio
glória,BA,Glória,BA,municipio
gongogi,BA,Gongogi,BA,municipio
governador lomanto junior,BA,Barro Preto,BA,viacep
governador mangabeira,BA,Governador Mangabeira,BA,municipio
guajeru,BA,Guajeru,BA,municipio
guanambi,BA,Guanambi,BA,municipio
guaratinga,BA,Guaratinga,BA,municipio
heliopolis,BA,Heliópolis,BA,municipio
heliópolis,BA,Heliópolis,BA,municipio
humildes,BA,Feira de Santana,BA,distrito
iacu,BA,Iaçu,BA,municipio
iaçu,BA,Iaçu,BA,municipio
ibiajara,BA,Rio do Pires,BA,distrito
ibiassuce,BA,Ibiassucê,BA,municipio
ibiassucê,BA,Ibiassucê,BA,municipio
ibicarai,BA,Ibicaraí,BA,municipio
ibicaraí,BA,Ibicaraí,BA,municipio
ibicoara,BA,Ibicoara,BA,municipio
ibicui,BA,Ibicuí,BA,municipio
ibicuí,BA,Ibicuí,BA,municipio
ibipeba,BA,Ibipeba,BA,municipio
ibipitanga,BA,Ibipitanga,BA,municipio
ibiquera,BA,Ibiquera,BA,municipio
ibiraja,BA,Itanhém,BA,distrito
ibirajá,BA,Itanhém,BA,distrito
ibirapitanga,BA,Ibirapitanga,BA,municipio
ibirapua,BA,Ibirapuã,BA,municipio
ibirapuã,BA,Ibirapuã,BA,municipio
ibirataia,BA,Ibirataia,BA,municipio
ibitiara,BA,Ibitiara,BA,municipio
ibitira,BA,Rio do Antônio,BA,distrito
ibitita,BA,Ibititá,BA,municipio
ibititá,BA,Ibititá,BA,municipio
ibo,BA,Abaré,BA,distrito
ibotirama,BA,Ibotirama,BA,municipio
ichu,BA,Ichu,BA,municipio
igapora,BA,Igaporã,BA,municipio
igaporã,BA,Igaporã,BA,municipio
igrapiuna,BA,Igrapiúna,BA,municipio
igrapiúna,BA,Igrapiúna,BA,municipio
iguai,BA,Iguaí,BA,municipio
iguaibi,BA,Iguaí,BA,distrito
iguaí,BA,Iguaí,BA,municipio
ilheus,BA,Ilhéus,BA,municipio
ilhéus,BA,Ilhéus,BA,municipio
inhambupe,BA,Inhambupe,BA,municipio
inubia,BA,Piatã,BA,distrito
inúbia,BA,Piatã,BA,distrito
ipecaeta,BA,Ipecaetá,BA,municipio
ipecaetá,BA,Ipecaetá,BA,municipio
ipiau,BA,Ipiaú,BA,municipio
ipiaú,BA,Ipiaú,BA,municipio
ipira,BA,Ipirá,BA,municipio
ipirá,BA,Ipirá,BA,municipio
ipupiara,BA,Ipupiara,BA,municipio
irajuba,BA,Irajuba,BA,municipio
iramaia,BA,Iramaia,BA,municipio
iraporanga,BA,Iraquara,BA,distrito
iraquara,BA,Iraquara,BA,municipio
irara,BA,Irará,BA,municipio
irará,BA,Irará,BA,municipio
irece,BA,Irecê,BA,municipio
irecê,BA,Irecê,BA,municipio
irundiara,BA,Jacaraci,BA,distrito
itabata,BA,Mucuri,BA,distrito
itabatan,BA,Mucuri,BA,viacep
itabatan (mucuri),BA,Mucuri,BA,viacep
itabela,BA,Itabela,BA,municipio
itaberaba,BA,Itaberaba,BA,municipio
itabuna,BA,Itabuna,BA,municipio
itacare,BA,Itacaré,BA,municipio
itacaré,BA,Itacaré,BA,municipio
itaete,BA,Itaeté,BA,municipio
itaeté,BA,Itaeté,BA,municipio
itagi,BA,Itagi,BA,municipio
itagiba,BA,Itagibá,BA,municipio
itagibá,BA,Itagibá,BA,municipio
itagimirim,BA,Itagimirim,BA,municipio
itaguacu da bahia,BA,Itaguaçu da Bahia,BA,municipio
itaguaçu da bahia,BA,Itaguaçu da Bahia,BA,municipio
itaju do colonia,BA,Itaju do Colônia,BA,municipio
itaju do colônia,BA,Itaju do Colônia,BA,municipio
itajuipe,BA,Itajuípe,BA,municipio
itajuípe,BA,Itajuípe,BA,municipio
itamaraju,BA,Itamaraju,BA,municipio
itamari,BA,Itamari,BA,municipio
itambe,BA,Itambé,BA,municipio
itambé,BA,Itambé,BA,municipio
itamira,BA,Aporá,BA,distrito
itanagra,BA,Itanagra,BA,municipio
itanhem,BA,Itanhém,BA,municipio
itanhém,BA,Itanhém,BA,municipio
itaparica,BA,Itaparica,BA,municipio
itape,BA,Itapé,BA,municipio
itapebi,BA,Itapebi,BA,municipio
itapetinga,BA,Itapetinga,BA,municipio
itapicuru,BA,Itapicuru,BA,municipio
itapitanga,BA,Itapitanga,BA,municipio
itapé,BA,Itapé,BA,municipio
itaquara,BA,Itaquara,BA,municipio
itaquarai,BA,Brumado,BA,distrito
itarantim,BA,Itarantim,BA,municipio
itatim,BA,Itatim,BA,municipio
itirucu,BA,Itiruçu,BA,municipio
itiruçu,BA,Itiruçu,BA,municipio
itiuba,BA,Itiúba,BA,municipio
itiúba,BA,Itiúba,BA,municipio
itororo,BA,Itororó,BA,municipio
itororó,BA,Itororó,BA,municipio
ituacu,BA,Ituaçu,BA,municipio
ituaçu,BA,Ituaçu,BA,municipio
itubera,BA,Ituberá,BA,municipio
ituberá,BA,Ituberá,BA,municipio
itupeva,BA,Medeiros Neto,BA,distrito
iuiu,BA,Iuiu,BA,municipio
jaborandi,BA,Jaborandi,BA,municipio
jacaraci,BA,Jacaraci,BA,municipio
jacobina,BA,Jacobina,BA,municipio
jacuipe,BA,São Sebastião do Passé,BA,distrito
jaguaquara,BA,Jaguaquara,BA,municipio
jaguarari,BA,Jaguarari,BA,municipio
jaguaripe,BA,Jaguaripe,BA,municipio
jandaira,BA,Jandaíra,BA,municipio
jandaíra,BA,Jandaíra,BA,municipio
jaua,BA,Camaçari,BA,manual_review
jequie,BA,Jequié,BA,municipio
jequirica,BA,Jiquiriçá,BA,fuzzy
jequiriçá,BA,Jiquiriçá,BA,fuzzy
jequié,BA,Jequié,BA,municipio
jeremoabo,BA,Jeremoabo,BA,municipio
jiquirica,BA,Jiquiriçá,BA,municipio
jiquiriçá,BA,Jiquiriçá,BA,municipio
jitauna,BA,Jitaúna,BA,municipio
jitaúna,BA,Jitaúna,BA,municipio
joao dourado,BA,João Dourado,BA,municipio
joão amaro,BA,Iaçu,BA,distrito
joão dourado,BA,João Dourado,BA,municipio
juazeiro,BA,Juazeiro,BA,municipio
jucurucu,BA,Jucuruçu,BA,municipio
jucuruçu,BA,Jucuruçu,BA,municipio
jussara,BA,Jussara,BA,municipio
jussari,BA,Jussari,BA,municipio
jussiape,BA,Jussiape,BA,municipio
lafaiete coutinho,BA,Lafaiete Coutinho,BA,municipio
lagoa real,BA,Lagoa Real,BA,municipio
laje,BA,Laje,BA,municipio
lajedao,BA,Lajedão,BA,municipio
lajedinho,BA,Lajedinho,BA,municipio
lajedo do tabocal,BA,Lajedo do Tabocal,BA,municipio
lamarao,BA,Lamarão,BA,municipio
lapao,BA,Lapão,BA,municipio
lapão,BA,Lapão,BA,municipio
lauro de freitas,BA,Lauro de Freitas,BA,municipio
lencois,BA,Lençóis,BA,municipio
lençóis,BA,Lençóis,BA,municipio
licinio de almeida,BA,Licínio de Almeida,BA,municipio
licínio de almeida,BA,Licínio de Almeida,BA,municipio
livramento de nossa senhora,BA,Livramento de Nossa Senhora,BA,municipio
lucaia,BA,Planalto,BA,distrito
luis eduardo magalhaes,BA,Luís Eduardo Magalhães,BA,municipio
luís eduardo magalhães,BA,Luís Eduardo Magalhães,BA,municipio
macajuba,BA,Macajuba,BA,municipio
macarani,BA,Macarani,BA,municipio
macaubas,BA,Macaúbas,BA,municipio
macaúbas,BA,Macaúbas,BA,municipio
macurure,BA,Macururé,BA,municipio
macururé,BA,Macururé,BA,municipio
madre de deus,BA,Madre de Deus,BA,municipio
maetinga,BA,Maetinga,BA,municipio
maiquinique,BA,Maiquinique,BA,municipio
mairi,BA,Mairi,BA,municipio
malhada,BA,Malhada,BA,municipio
malhada de pedras,BA,Malhada de Pedras,BA,municipio
maniacu,BA,Caetité,BA,distrito
manoel vitorino,BA,Manoel Vitorino,BA,municipio
mansidao,BA,Mansidão,BA,municipio
mansidão,BA,Mansidão,BA,municipio
maracas,BA,Maracás,BA,municipio
maracás,BA,Maracás,BA,municipio
maragogipe,BA,Maragogipe,BA,municipio
marau,BA,Maraú,BA,municipio
maraú,BA,Maraú,BA,municipio
marcionilio souza,BA,Marcionílio Souza,BA,municipio
marcionílio souza,BA,Marcionílio Souza,BA,municipio
mascote,BA,Mascote,BA,municipio
mata de sao joao,BA,Mata de São João,BA,municipio
mata de são joão,BA,Mata de São João,BA,municipio
matina,BA,Matina,BA,municipio
medeiros neto,BA,Medeiros Neto,BA,municipio
menino jesus,BA,Candeias,BA,distrito
miguel calmon,BA,Miguel Calmon,BA,municipio
milagres,BA,Milagres,BA,municipio
mirangaba,BA,Mirangaba,BA,municipio
mirante,BA,Mirante,BA,municipio
monte gordo,BA,Camaçari,BA,distrito
monte gordo (camacari) - distrito,BA,Camaçari,BA,manual_review
monte santo,BA,Monte Santo,BA,municipio
morpara,BA,Morpará,BA,municipio
morpará,BA,Morpará,BA,municipio
morro de sao paulo,BA,Cairu,BA,viacep
morro de são paulo,BA,Cairu,BA,viacep
morro do chapeu,BA,Morro do Chapéu,BA,municipio
morro do chapéu,BA,Morro do Chapéu,BA,municipio
mortugaba,BA,Mortugaba,BA,municipio
mucuge,BA,Mucugê,BA,municipio
mucugê,BA,Mucugê,BA,municipio
mucuri,BA,Mucuri,BA,municipio
mulungu do morro,BA,Mulungu do Morro,BA,municipio
mundo novo,BA,Mundo Novo,BA,municipio
muniz ferreira,BA,Muniz Ferreira,BA,municipio
muquem de sao francisco,BA,Muquém do São Francisco,BA,fuzzy
muquem do sao francisco,BA,Muquém do São Francisco,BA,municipio
muquém de são francisco,BA,Muquém do São Francisco,BA,fuzzy
muritiba,BA,Muritiba,BA,municipio
mutuipe,BA,Mutuípe,BA,municipio
mutuípe,BA,Mutuípe,BA,municipio
nazare,BA,Nazaré,BA,municipio
nazaré,BA,Nazaré,BA,municipio
nilo pecanha,BA,Nilo Peçanha,BA,municipio
nilo peçanha,BA,Nilo Peçanha,BA,municipio
nordestina,BA,Nordestina,BA,municipio
nova canaa,BA,Nova Canaã,BA,municipio
nova canaã,BA,Nova Canaã,BA,municipio
nova fatima,BA,Nova Fátima,BA,municipio
nova ibia,BA,Nova Ibiá,BA,municipio
nova itarana,BA,Nova Itarana,BA,municipio
nova redencao,BA,Nova Redenção,BA,municipio
nova redencao bahia,BA,Nova Redenção,BA,manual_review
nova redenção,BA,Nova Redenção,BA,municipio
nova soure,BA,Nova Soure,BA,municipio
nova vicosa,BA,Nova Viçosa,BA,municipio
nova viçosa,BA,Nova Viçosa,BA,municipio
novo horizonte,BA,Novo Horizonte,BA,municipio
novo triunfo,BA,Novo Triunfo,BA,municipio
nucleo residencial pilar,BA,Jaguarari,BA,viacep
olindina,BA,Olindina,BA,municipio
oliveira dos brejinhos,BA,Oliveira dos Brejinhos,BA,municipio
ouricangas,BA,Ouriçangas,BA,municipio
ourolandia,BA,Ourolândia,BA,municipio
ourolândia,BA,Ourolândia,BA,municipio
palmas de monte alto,BA,Palmas de Monte Alto,BA,municipio
palmeiras,BA,Palmeiras,BA,municipio
paramirim,BA,Paramirim,BA,municipio
paratinga,BA,Paratinga,BA,municipio
paripiranga,BA,Paripiranga,BA,municipio
passagem dos teixeiras,BA,Candeias,BA,distrito
passé,BA,Candeias,BA,distrito
pau brasil,BA,Pau Brasil,BA,municipio
paulo afonso,BA,Paulo Afonso,BA,municipio
pe de serra,BA,Pé de Serra,BA,municipio
pedrao,BA,Pedrão,BA,municipio
pedro alexandre,BA,Pedro Alexandre,BA,municipio
piata,BA,Piatã,BA,municipio
piatã,BA,Piatã,BA,municipio
pilao arcado,BA,Pilão Arcado,BA,municipio
pilão arcado,BA,Pilão Arcado,BA,municipio
pindai,BA,Pindaí,BA,municipio
pindaí,BA,Pindaí,BA,municipio
pindobacu,BA,Pindobaçu,BA,municipio
pindobaçu,BA,Pindobaçu,BA,municipio
pintadas,BA,Pintadas,BA,municipio
pirai do norte,BA,Piraí do Norte,BA,municipio
piraí do norte,BA,Piraí do Norte,BA,municipio
piripa,BA,Piripá,BA,municipio
piripá,BA,Piripá,BA,municipio
piritiba,BA,Piritiba,BA,municipio
planaltino,BA,Planaltino,BA,municipio
planalto,BA,Planalto,BA,municipio
pocoes,BA,Poções,BA,municipio
pojuca,BA,Pojuca,BA,municipio
ponto novo,BA,Ponto Novo,BA,municipio
porto seguro,BA,Porto Seguro,BA,municipio
posto da mata,BA,Nova Viçosa,BA,distrito
potiragua,BA,Potiraguá,BA,municipio
potiraguá,BA,Potiraguá,BA,municipio
poções,BA,Poções,BA,municipio
prado,BA,Prado,BA,municipio
presidente dutra,BA,Presidente Dutra,BA,municipio
presidente janio quadros,BA,Presidente Jânio Quadros,BA,municipio
presidente tancredo neves,BA,Presidente Tancredo Neves,BA,municipio
pé de serra,BA,Pé de Serra,BA,municipio
queimadas,BA,Queimadas,BA,municipio
quijingue,BA,Quijingue,BA,municipio
quixabeira,BA,Quixabeira,BA,municipio
rafael jambeiro,BA,Rafael Jambeiro,BA,municipio
remanso,BA,Remanso,BA,municipio
retirolandia,BA,Retirolândia,BA,municipio
retirolândia,BA,Retirolândia,BA,municipio
riachao das neves,BA,Riachão das Neves,BA,municipio
riachao do jacuipe,BA,Riachão do Jacuípe,BA,municipio
riacho de santana,BA,Riacho de Santana,BA,municipio
riachão das neves,BA,Riachão das Neves,BA,municipio
riachão do jacuípe,BA,Riachão do Jacuípe,BA,municipio
ribeira do amparo,BA,Ribeira do Amparo,BA,municipio
ribeira do pombal,BA,Ribeira do Pombal,BA,municipio
ribeirao do largo,BA,Ribeirão do Largo,BA,municipio
rio de contas,BA,Rio de Contas,BA,municipio
rio do antonio,BA,Rio do Antônio,BA,municipio
rio do antônio,BA,Rio do Antônio,BA,municipio
rio do meio,BA,Itororó,BA,distrito
rio do pires,BA,Rio do Pires,BA,municipio
rio real,BA,Rio Real,BA,municipio
roda velha,BA,São Desidério,BA,viacep
rodelas,BA,Rodelas,BA,municipio
ruy barbosa,BA,Ruy Barbosa,BA,municipio
salgadalia,BA,Conceição do Coité,BA,distrito
salinas da margarida,BA,Salinas da Margarida,BA,municipio
salobro,BA,Canarana,BA,viacep
salvador,BA,Salvador,BA,municipio
santa barbara,BA,Santa Bárbara,BA,municipio
santa brigida,BA,Santa Brígida,BA,municipio
santa brígida,BA,Santa Brígida,BA,municipio
santa cruz cabralia,BA,Santa Cruz Cabrália,BA,municipio
santa cruz cabrália,BA,Santa Cruz Cabrália,BA,municipio
santa cruz da vitoria,BA,Santa Cruz da Vitória,BA,municipio
santa cruz da vitória,BA,Santa Cruz da Vitória,BA,municipio
santa ines,BA,Santa Inês,BA,municipio
santa inês,BA,Santa Inês,BA,municipio
santa luzia,BA,Santa Luzia,BA,municipio
santa maria da vitoria,BA,Santa Maria da Vitória,BA,municipio
santa maria da vitória,BA,Santa Maria da Vitória,BA,municipio
santa rita de cassia,BA,Santa Rita de Cássia,BA,municipio
santa rita de cássia,BA,Santa Rita de Cássia,BA,municipio
santa teresinha,BA,Santa Terezinha,BA,fuzzy
santa terezinha,BA,Santa Terezinha,BA,municipio
santaluz,BA,Santaluz,BA,municipio
santana,BA,Santana,BA,municipio
santana do sobrado,BA,Casa Nova,BA,viacep
santanopolis,BA,Santanópolis,BA,municipio
santanópolis,BA,Santanópolis,BA,municipio
santo amaro,BA,Santo Amaro,BA,municipio
santo antonio de jesus,BA,Santo Antônio de Jesus,BA,municipio
santo antônio de jesus,BA,Santo Antônio de Jesus,BA,municipio
santo estevao,BA,Santo Estêvão,BA,municipio
santo estevão,BA,Santo Estêvão,BA,municipio
santo estêvão,BA,Santo Estêvão,BA,municipio
sao desiderio,BA,São Desidério,BA,municipio
sao domingos,BA,São Domingos,BA,municipio
sao felipe,BA,São Felipe,BA,municipio
sao felix,BA,São Félix,BA,municipio
sao felix do coribe,BA,São Félix do Coribe,BA,municipio
sao francisco do conde,BA,São Francisco do Conde,BA,municipio
sao gabriel,BA,São Gabriel,BA,municipio
sao goncalo dos campos,BA,São Gonçalo dos Campos,BA,municipio
sao joao da fortaleza,BA,Cícero Dantas,BA,distrito
sao jose da vitoria,BA,São José da Vitória,BA,municipio
sao jose do jacuipe,BA,São José do Jacuípe,BA,municipio
sao miguel das matas,BA,São Miguel das Matas,BA,municipio
sao roque do paraguacu,BA,Maragogipe,BA,distrito
sao sebastiao do passe,BA,São Sebastião do Passé,BA,municipio
sapeacu,BA,Sapeaçu,BA,municipio
sapeaçu,BA,Sapeaçu,BA,municipio
satiro dias,BA,Sátiro Dias,BA,municipio
saubara,BA,Saubara,BA,municipio
saude,BA,Saúde,BA,municipio
saúde,BA,Saúde,BA,municipio
seabra,BA,Seabra,BA,municipio
sebastiao laranjeiras,BA,Sebastião Laranjeiras,BA,municipio
sebastião laranjeiras,BA,Sebastião Laranjeiras,BA,municipio
senhor do bonfim,BA,Senhor do Bonfim,BA,municipio
sento se,BA,Sento Sé,BA,municipio
sento sé,BA,Sento Sé,BA,municipio
serra do ramalho,BA,Serra do Ramalho,BA,municipio
serra dourada,BA,Serra Dourada,BA,municipio
serra preta,BA,Serra Preta,BA,municipio
serrinha,BA,Serrinha,BA,municipio
serrolandia,BA,Serrolândia,BA,municipio
serrolândia,BA,Serrolândia,BA,municipio
simoes filho,BA,Simões Filho,BA,municipio
simões filho,BA,Simões Filho,BA,municipio
sitio do mato,BA,Sítio do Mato,BA,municipio
sitio do quinto,BA,Sítio do Quinto,BA,municipio
sobradinho,BA,Sobradinho,BA,municipio
souto soares,BA,Souto Soares,BA,municipio
sátiro dias,BA,Sátiro Dias,BA,municipio
são desidério,BA,São Desidério,BA,municipio
são domingos,BA,São Domingos,BA,municipio
são felipe,BA,São Felipe,BA,municipio
são francisco do conde,BA,São Francisco do Conde,BA,municipio
são félix,BA,São Félix,BA,municipio
são félix do coribe,BA,São Félix do Coribe,BA,municipio
são gabriel,BA,São Gabriel,BA,municipio
são gonçalo dos campos,BA,São Gonçalo dos Campos,BA,municipio
são josé da vitória,BA,São José da Vitória,BA,municipio
são josé do jacuípe,BA,São José do Jacuípe,BA,municipio
são miguel das matas,BA,São Miguel das Matas,BA,municipio
são sebastião do passe,BA,São Sebastião do Passé,BA,municipio
são sebastião do passé,BA,São Sebastião do Passé,BA,municipio
sítio do mato,BA,Sítio do Mato,BA,municipio
sítio do quinto,BA,Sítio do Quinto,BA,municipio
sítio grande,BA,São Desidério,BA,distrito
tabocas do brejo velho,BA,Tabocas do Brejo Velho,BA,municipio
taboquinhas,BA,Itacaré,BA,distrito
tanhacu,BA,Tanhaçu,BA,municipio
tanhaçu,BA,Tanhaçu,BA,municipio
tanque novo,BA,Tanque Novo,BA,municipio
tanquinho,BA,Tanquinho,BA,municipio
taperoa,BA,Taperoá,BA,municipio
taperoá,BA,Taperoá,BA,municipio
tapiramuta,BA,Tapiramutá,BA,municipio
tapiramutá,BA,Tapiramutá,BA,municipio
tauape,BA,Licínio de Almeida,BA,distrito
teixeira de freitas,BA,Teixeira de Freitas,BA,municipio
teodoro sampaio,BA,Teodoro Sampaio,BA,municipio
teofilandia,BA,Teofilândia,BA,municipio
teofilândia,BA,Teofilândia,BA,municipio
teolandia,BA,Teolândia,BA,municipio
teolândia,BA,Teolândia,BA,municipio
terra nova,BA,Terra Nova,BA,municipio
trancoso,BA,Porto Seguro,BA,distrito
tremedal,BA,Tremedal,BA,municipio
tucano,BA,Tucano,BA,municipio
uaua,BA,Uauá,BA,municipio
uauá,BA,Uauá,BA,municipio
ubaira,BA,Ubaíra,BA,municipio
ubaitaba,BA,Ubaitaba,BA,municipio
ubata,BA,Ubatã,BA,municipio
ubatã,BA,Ubatã,BA,municipio
ubaíra,BA,Ubaíra,BA,municipio
ubiraita,BA,Andaraí,BA,distrito
uibai,BA,Uibaí,BA,municipio
uibaí,BA,Uibaí,BA,municipio
umburanas,BA,Umburanas,BA,municipio
una,BA,Una,BA,municipio
urandi,BA,Urandi,BA,municipio
urucuca,BA,Uruçuca,BA,municipio
uruçuca,BA,Uruçuca,BA,municipio
utinga,BA,Utinga,BA,municipio
valenca,BA,Valença,BA,municipio
valente,BA,Valente,BA,municipio
valença,BA,Valença,BA,municipio
varzea da roca,BA,Várzea da Roça,BA,municipio
varzea do poco,BA,Várzea do Poço,BA,municipio
varzea nova,BA,Várzea Nova,BA,municipio
varzedo,BA,Varzedo,BA,municipio
vera cruz,BA,Vera Cruz,BA,municipio
vereda,BA,Vereda,BA,municipio
vitoria da conquista,BA,Vitória da Conquista,BA,municipio
vitória da conquista,BA,Vitória da Conquista,BA,municipio
várzea da roça,BA,Várzea da Roça,BA,municipio
várzea do poço,BA,Várzea do Poço,BA,municipio
várzea nova,BA,Várzea Nova,BA,municipio
wagner,BA,Wagner,BA,municipio
wanderley,BA,Wanderley,BA,municipio
wenceslau guimaraes,BA,Wenceslau Guimarães,BA,municipio
wenceslau guimarães,BA,Wenceslau Guimarães,BA,municipio
xique-xique,BA,Xique-Xique,BA,municipio
água fria,BA,Água Fria,BA,municipio
érico cardoso,BA,Érico Cardoso,BA,municipio
abaiara,CE,Abaiara,CE,municipio
acarape,CE,Acarape,CE,municipio
acarau,CE,Acaraú,CE,municipio
acaraú,CE,Acaraú,CE,municipio
acopiara,CE,Acopiara,CE,municipio
aiuaba,CE,Aiuaba,CE,municipio
alcantaras,CE,Alcântaras,CE,municipio
alcântaras,CE,Alcântaras,CE,municipio
altaneira,CE,Altaneira,CE,municipio
alto santo,CE,Alto Santo,CE,municipio
amanari,CE,Maranguape,CE,distrito
amontada,CE,Amontada,CE,municipio
antonina do norte,CE,Antonina do Norte,CE,municipio
apuiares,CE,Apuiarés,CE,municipio
apuiarés,CE,Apuiarés,CE,municipio
aquiraz,CE,Aquiraz,CE,municipio
aracati,CE,Aracati,CE,municipio
aracoiaba,CE,Aracoiaba,CE,municipio
ararenda,CE,Ararendá,CE,municipio
ararendá,CE,Ararendá,CE,municipio
araripe,CE,Araripe,CE,municipio
aratuba,CE,Aratuba,CE,municipio
arneiroz,CE,Arneiroz,CE,municipio
assare,CE,Assaré,CE,municipio
assaré,CE,Assaré,CE,municipio
aurora,CE,Aurora,CE,municipio
baixio,CE,Baixio,CE,municipio
banabuiu,CE,Banabuiú,CE,municipio
banabuiú,CE,Banabuiú,CE,municipio
barbalha,CE,Barbalha,CE,municipio
barreira,CE,Barreira,CE,municipio
barro,CE,Barro,CE,municipio
barroquinha,CE,Barroquinha,CE,municipio
baturite,CE,Baturité,CE,municipio
baturité,CE,Baturité,CE,municipio
beberibe,CE,Beberibe,CE,municipio
bela cruz,CE,Bela Cruz,CE,municipio
bitupita,CE,Barroquinha,CE,distrito
boa viagem,CE,Boa Viagem,CE,municipio
brejo santo,CE,Brejo Santo,CE,municipio
caicara,CE,Canindé,CE,distrito
camocim,CE,Camocim,CE,municipio
campos sales,CE,Campos Sales,CE,municipio
caninde,CE,Canindé,CE,municipio
canindé,CE,Canindé,CE,municipio
capistrano,CE,Capistrano,CE,municipio
caponga,CE,Cascavel,CE,distrito
caridade,CE,Caridade,CE,municipio
carire,CE,Cariré,CE,municipio
caririacu,CE,Caririaçu,CE,municipio
caririaçu,CE,Caririaçu,CE,municipio
cariré,CE,Cariré,CE,municipio
carius,CE,Cariús,CE,municipio
cariús,CE,Cariús,CE,municipio
carnaubal,CE,Carnaubal,CE,municipio
cascavel,CE,Cascavel,CE,municipio
catarina,CE,Catarina,CE,municipio
catunda,CE,Catunda,CE,municipio
caucaia,CE,Caucaia,CE,municipio
cedro,CE,Cedro,CE,municipio
chaval,CE,Chaval,CE,municipio
chorozinho,CE,Chorozinho,CE,municipio
coreau,CE,Coreaú,CE,municipio
coreaú,CE,Coreaú,CE,municipio
crateus,CE,Crateús,CE,municipio
crateús,CE,Crateús,CE,municipio
crato,CE,Crato,CE,municipio
croata,CE,Croatá,CE,municipio
croatá,CE,Croatá,CE,municipio
cruz,CE,Cruz,CE,municipio
deputado irapuan pinheiro,CE,Deputado Irapuan Pinheiro,CE,municipio
deserto,CE,Itapipoca,CE,distrito
dourado,CE,Guaiúba,CE,distrito
erere,CE,Ereré,CE,municipio
eusebio,CE,Eusébio,CE,municipio
eusébio,CE,Eusébio,CE,municipio
farias brito,CE,Farias Brito,CE,municipio
feiticeiro,CE,Jaguaribe,CE,distrito
flores,CE,Ipu,CE,distrito
forquilha,CE,Forquilha,CE,municipio
fortaleza,CE,Fortaleza,CE,municipio
fortim,CE,Fortim,CE,municipio
frecheirinha,CE,Frecheirinha,CE,municipio
general sampaio,CE,General Sampaio,CE,municipio
graca,CE,Graça,CE,municipio
granja,CE,Granja,CE,municipio
granjeiro,CE,Granjeiro,CE,municipio
groairas,CE,Groaíras,CE,municipio
guaiuba,CE,Guaiúba,CE,municipio
guaraciaba do norte,CE,Guaraciaba do Norte,CE,municipio
guaramiranga,CE,Guaramiranga,CE,municipio
guassusse,CE,Orós,CE,distrito
guassussê,CE,Orós,CE,distrito
hidrolandia,CE,Hidrolândia,CE,municipio
hidrolândia,CE,Hidrolândia,CE,municipio
horizonte,CE,Horizonte,CE,municipio
ibaretama,CE,Ibaretama,CE,municipio
ibiapina,CE,Ibiapina,CE,municipio
ibicua,CE,Piquet Carneiro,CE,distrito
ibicuitinga,CE,Ibicuitinga,CE,municipio
icapui,CE,Icapuí,CE,municipio
icapuí,CE,Icapuí,CE,municipio
ico,CE,Icó,CE,municipio
icó,CE,Icó,CE,municipio
iguatu,CE,Iguatu,CE,municipio
independencia,CE,Independência,CE,municipio
ipaporanga,CE,Ipaporanga,CE,municipio
ipaumirim,CE,Ipaumirim,CE,municipio
ipu,CE,Ipu,CE,municipio
ipueiras,CE,Ipueiras,CE,municipio
iracema,CE,Iracema,CE,municipio
iraucuba,CE,Irauçuba,CE,municipio
irauçuba,CE,Irauçuba,CE,municipio
itaicaba,CE,Itaiçaba,CE,municipio
itaitinga,CE,Itaitinga,CE,municipio
itapage,CE,Itapajé,CE,fuzzy
itapaje,CE,Itapajé,CE,municipio
itapajé,CE,Itapajé,CE,municipio
itapipoca,CE,Itapipoca,CE,municipio
itapiuna,CE,Itapiúna,CE,municipio
itapiúna,CE,Itapiúna,CE,municipio
itarema,CE,Itarema,CE,municipio
jaguaretama,CE,Jaguaretama,CE,municipio
jaguaribara,CE,Jaguaribara,CE,municipio
jaguaribe,CE,Jaguaribe,CE,municipio
jaguaruana,CE,Jaguaruana,CE,municipio
jaibaras,CE,Sobral,CE,distrito
jardim,CE,Jardim,CE,municipio
jati,CE,Jati,CE,municipio
jijoca de jericoacoara,CE,Jijoca de Jericoacoara,CE,municipio
jordao,CE,Sobral,CE,distrito
juatama,CE,Quixadá,CE,distrito
juazeiro do norte,CE,Juazeiro do Norte,CE,municipio
jucas,CE,Jucás,CE,municipio
jucás,CE,Jucás,CE,municipio
juzeiro do norte,CE,Juazeiro do Norte,CE,fuzzy
lages,CE,Maranguape,CE,distrito
lagoa do mato,CE,Itatira,CE,distrito
lagoinha,CE,Paraipaba,CE,distrito
lavras da mangabeira,CE,Lavras da Mangabeira,CE,municipio
limoeiro do norte,CE,Limoeiro do Norte,CE,municipio
madalena,CE,Madalena,CE,municipio
mangabeira,CE,Lavras da Mangabeira,CE,distrito
maracanau,CE,Maracanaú,CE,municipio
maracanaú,CE,Maracanaú,CE,municipio
maranguape,CE,Maranguape,CE,municipio
marco,CE,Marco,CE,municipio
martinopole,CE,Martinópole,CE,municipio
martinópole,CE,Martinópole,CE,municipio
massape,CE,Massapê,CE,municipio
massapê,CE,Massapê,CE,municipio
mauriti,CE,Mauriti,CE,municipio
meruoca,CE,Meruoca,CE,municipio
milagres,CE,Milagres,CE,municipio
milha,CE,Milhã,CE,municipio
milhã,CE,Milhã,CE,municipio
mineirolândia,CE,Pedra Branca,CE,distrito
miraima,CE,Miraíma,CE,municipio
missao velha,CE,Missão Velha,CE,municipio
missi,CE,Irauçuba,CE,distrito
missão velha,CE,Missão Velha,CE,municipio
mombaca,CE,Mombaça,CE,municipio
mombaça,CE,Mombaça,CE,municipio
monsenhor tabosa,CE,Monsenhor Tabosa,CE,municipio
morada nova,CE,Morada Nova,CE,municipio
moraujo,CE,Moraújo,CE,municipio
morrinhos,CE,Morrinhos,CE,municipio
mucambo,CE,Mucambo,CE,municipio
mulungu,CE,Mulungu,CE,municipio
nova floresta,CE,Jaguaribe,CE,distrito
nova olinda,CE,Nova Olinda,CE,municipio
nova russas,CE,Nova Russas,CE,municipio
novo oriente,CE,Novo Oriente,CE,municipio
ocara,CE,Ocara,CE,municipio
oros,CE,Orós,CE,municipio
orós,CE,Orós,CE,municipio
pacajus,CE,Pacajus,CE,municipio
pacatuba,CE,Pacatuba,CE,municipio
pacoti,CE,Pacoti,CE,municipio
pacuja,CE,Pacujá,CE,municipio
pacujá,CE,Pacujá,CE,municipio
palhano,CE,Palhano,CE,municipio
palmacia,CE,Palmácia,CE,municipio
paracuru,CE,Paracuru,CE,municipio
paraipaba,CE,Paraipaba,CE,municipio
parambu,CE,Parambu,CE,municipio
paramoti,CE,Paramoti,CE,municipio
pecem,CE,São Gonçalo do Amarante,CE,distrito
pedra branca,CE,Pedra Branca,CE,municipio
penaforte,CE,Penaforte,CE,municipio
pentecoste,CE,Pentecoste,CE,municipio
pereiro,CE,Pereiro,CE,municipio
pindoretama,CE,Pindoretama,CE,municipio
piquet carneiro,CE,Piquet Carneiro,CE,municipio
pires ferreira,CE,Pires Ferreira,CE,municipio
poranga,CE,Poranga,CE,municipio
porteiras,CE,Porteiras,CE,municipio
potengi,CE,Potengi,CE,municipio
potiretama,CE,Potiretama,CE,municipio
queimados,CE,Horizonte,CE,distrito
quiterianopolis,CE,Quiterianópolis,CE,municipio
quiterianópolis,CE,Quiterianópolis,CE,municipio
quixada,CE,Quixadá,CE,municipio
quixadá,CE,Quixadá,CE,municipio
quixelo,CE,Quixelô,CE,municipio
quixelô,CE,Quixelô,CE,municipio
quixeramobim,CE,Quixeramobim,CE,municipio
quixere,CE,Quixeré,CE,municipio
rafael arruda,CE,Sobral,CE,distrito
redencao,CE,Redenção,CE,municipio
redenção,CE,Redenção,CE,municipio
reriutaba,CE,Reriutaba,CE,municipio
russas,CE,Russas,CE,municipio
saboeiro,CE,Saboeiro,CE,municipio
salitre,CE,Salitre,CE,municipio
santa quiteria,CE,Santa Quitéria,CE,municipio
santa quitéria,CE,Santa Quitéria,CE,municipio
santana do acarau,CE,Santana do Acaraú,CE,municipio
santana do acaraú,CE,Santana do Acaraú,CE,municipio
santana do cariri,CE,Santana do Cariri,CE,municipio
sao benedito,CE,São Benedito,CE,municipio
sao goncalo do amarante,CE,São Gonçalo do Amarante,CE,municipio
sao joao de deus,CE,Russas,CE,distrito
sao joao do jaguaribe,CE,São João do Jaguaribe,CE,municipio
sao jose do torto,CE,Sobral,CE,distrito
sao luis do curu,CE,São Luís do Curu,CE,municipio
sao miguel,CE,Cedro,CE,distrito
sao pedro,CE,Nova Russas,CE,distrito
sebastiao de abreu,CE,Pentecoste,CE,distrito
senador pompeu,CE,Senador Pompeu,CE,municipio
senador sa,CE,Senador Sá,CE,municipio
sobral,CE,Sobral,CE,municipio
solonopole,CE,Solonópole,CE,municipio
solonópole,CE,Solonópole,CE,municipio
sucatinga,CE,Beberibe,CE,distrito
sucesso,CE,Tamboril,CE,distrito
são benedito,CE,São Benedito,CE,municipio
são gonçalo do amarante,CE,São Gonçalo do Amarante,CE,municipio
são josé do torto,CE,Sobral,CE,distrito
são joão do jaguaribe,CE,São João do Jaguaribe,CE,municipio
são luís do curu,CE,São Luís do Curu,CE,municipio
tabuleiro do norte,CE,Tabuleiro do Norte,CE,municipio
tamboril,CE,Tamboril,CE,municipio
taperuaba,CE,Sobral,CE,distrito
tarrafas,CE,Tarrafas,CE,municipio
taua,CE,Tauá,CE,municipio
tauá,CE,Tauá,CE,municipio
tejucuoca,CE,Tejuçuoca,CE,municipio
tejuçuoca,CE,Tejuçuoca,CE,municipio
tiangua,CE,Tianguá,CE,municipio
tianguá,CE,Tianguá,CE,municipio
trairi,CE,Trairi,CE,municipio
tururu,CE,Tururu,CE,municipio
ubajara,CE,Ubajara,CE,municipio
umari,CE,Umari,CE,municipio
umirim,CE,Umirim,CE,municipio
uruburetama,CE,Uruburetama,CE,municipio
uruoca,CE,Uruoca,CE,municipio
varjota,CE,Varjota,CE,municipio
varzea alegre,CE,Várzea Alegre,CE,municipio
vicosa do ceara,CE,Viçosa do Ceará,CE,municipio
viçosa do ceará,CE,Viçosa do Ceará,CE,municipio
várzea alegre,CE,Várzea Alegre,CE,municipio
brasilia,DF,Brasília,DF,municipio
brasilia df,DF,Brasília,DF,fuzzy
brasília,DF,Brasília,DF,municipio
brazlandia,DF,Brasília,DF,manual_review
brazlândia,DF,Brasília,DF,manual_review
candangolandia,DF,Brasília,DF,viacep
candangolândia,DF,Brasília,DF,manual_review
ceilandia,DF,Brasília,DF,manual_review
ceilandia norte,DF,Brasília,DF,manual_review
ceilândia,DF,Brasília,DF,manual_review
cruzeiro,DF,Brasília,DF,manual_review
gama,DF,Brasília,DF,manual_review
guara,DF,Brasília,DF,manual_review
guará,DF,Brasília,DF,manual_review
lago norte,DF,Brasília,DF,viacep
lago sul,DF,Brasília,DF,manual_review
nucleo bandeirante,DF,Brasília,DF,manual_review
núcleo bandeirante,DF,Brasília,DF,manual_review
paranoa,DF,Brasília,DF,viacep
planaltina,DF,Brasília,DF,manual_review
recanto das emas,DF,Brasília,DF,manual_review
riacho fundo,DF,Brasília,DF,manual_review
riacho fundo 2,DF,Brasília,DF,manual_review
samambaia,DF,Brasília,DF,viacep
santa maria,DF,Brasília,DF,manual_review
sao sebastiao,DF,Brasília,DF,viacep
sobradinho,DF,Brasília,DF,manual_review
são sebastião,DF,Brasília,DF,manual_review
taguatinga,DF,Brasília,DF,manual_review
acioli,ES,João Neiva,ES,distrito
afonso claudio,ES,Afonso Cláudio,ES,municipio
afonso cláudio,ES,Afonso Cláudio,ES,municipio
agua doce do norte,ES,Água Doce do Norte,ES,municipio
aguia branca,ES,Águia Branca,ES,municipio
alegre,ES,Alegre,ES,municipio
alfredo chaves,ES,Alfredo Chaves,ES,municipio
alto calcado,ES,São José do Calçado,ES,distrito
alto mutum preto,ES,Baixo Guandu,ES,distrito
alto rio novo,ES,Alto Rio Novo,ES,municipio
anchieta,ES,Anchieta,ES,municipio
angelo frechiani,ES,Colatina,ES,distrito
apiaca,ES,Apiacá,ES,municipio
apiacá,ES,Apiacá,ES,municipio
arace,ES,Domingos Martins,ES,distrito
aracruz,ES,Aracruz,ES,municipio
araguaia,ES,Marechal Floriano,ES,distrito
atilio vivacqua,ES,Atílio Vivácqua,ES,municipio
baixo guandu,ES,Baixo Guandu,ES,municipio
barra de sao francisco,ES,Barra de São Francisco,ES,municipio
barra de são francisco,ES,Barra de São Francisco,ES,municipio
boa esperanca,ES,Boa Esperança,ES,municipio
boa esperança,ES,Boa Esperança,ES,municipio
bom jesus do norte,ES,Bom Jesus do Norte,ES,municipio
braco do rio,ES,Conceição da Barra,ES,distrito
braço do rio,ES,Conceição da Barra,ES,distrito
brejetuba,ES,Brejetuba,ES,municipio
burarama,ES,Cachoeiro de Itapemirim,ES,distrito
cachoeiro de itapemirim,ES,Cachoeiro de Itapemirim,ES,municipio
cafe,ES,Alegre,ES,distrito
cariacica,ES,Cariacica,ES,municipio
cariacica / es,ES,Cariacica,ES,fuzzy
castelo,ES,Castelo,ES,municipio
celina,ES,Alegre,ES,distrito
colatina,ES,Colatina,ES,municipio
conceicao da barra,ES,Conceição da Barra,ES,municipio
conceicao do castelo,ES,Conceição do Castelo,ES,municipio
conceição da barra,ES,Conceição da Barra,ES,municipio
conceição do castelo,ES,Conceição do Castelo,ES,municipio
conduru,ES,Cachoeiro de Itapemirim,ES,distrito
coqueiral,ES,Aracruz,ES,manual_review
corrego dos monos,ES,Cachoeiro de Itapemirim,ES,distrito
cristal do norte,ES,Pedro Canário,ES,distrito
córrego dos monos,ES,Cachoeiro de Itapemirim,ES,distrito
divino de sao lourenco,ES,Divino de São Lourenço,ES,municipio
divino de são lourenço,ES,Divino de São Lourenço,ES,municipio
domingos martins,ES,Domingos Martins,ES,municipio
dores do rio preto,ES,Dores do Rio Preto,ES,municipio
ecoporanga,ES,Ecoporanga,ES,municipio
fundao,ES,Fundão,ES,municipio
fundão,ES,Fundão,ES,municipio
governador lacerda de aguiar,ES,Água Doce do Norte,ES,distrito
governador lindenberg,ES,Governador Lindenberg,ES,municipio
guacui,ES,Guaçuí,ES,municipio
guarapari,ES,Guarapari,ES,municipio
guaçuí,ES,Guaçuí,ES,municipio
ibatiba,ES,Ibatiba,ES,municipio
ibiracu,ES,Ibiraçu,ES,municipio
ibiraçu,ES,Ibiraçu,ES,municipio
ibitirama,ES,Ibitirama,ES,municipio
iconha,ES,Iconha,ES,municipio
irupi,ES,Irupi,ES,municipio
isabel,ES,Domingos Martins,ES,distrito
itabaiana,ES,Mucurici,ES,distrito
itaguacu,ES,Itaguaçu,ES,municipio
itaguaçu,ES,Itaguaçu,ES,municipio
itaimbe,ES,Itaguaçu,ES,distrito
itaipava,ES,Itapemirim,ES,distrito
itaoca,ES,Cachoeiro de Itapemirim,ES,distrito
itapemirim,ES,Itapemirim,ES,municipio
itarana,ES,Itarana,ES,municipio
itaunas,ES,Conceição da Barra,ES,distrito
iuna,ES,Iúna,ES,municipio
iúna,ES,Iúna,ES,municipio
jacigua,ES,Vargem Alta,ES,distrito
jaguare,ES,Jaguaré,ES,municipio
jaguaré,ES,Jaguaré,ES,municipio
jeronimo monteiro,ES,Jerônimo Monteiro,ES,municipio
jerônimo monteiro,ES,Jerônimo Monteiro,ES,municipio
joao neiva,ES,João Neiva,ES,municipio
joão neiva,ES,João Neiva,ES,municipio
lajinha,ES,Pancas,ES,distrito
laranja da terra,ES,Laranja da Terra,ES,municipio
linhares,ES,Linhares,ES,municipio
linharesl,ES,Linhares,ES,fuzzy
mantenopolis,ES,Mantenópolis,ES,municipio
mantenópolis,ES,Mantenópolis,ES,municipio
marataizes,ES,Marataízes,ES,municipio
marataízes,ES,Marataízes,ES,municipio
marechal floriano,ES,Marechal Floriano,ES,municipio
marilandia,ES,Marilândia,ES,municipio
marilândia,ES,Marilândia,ES,municipio
mimoso do sul,ES,Mimoso do Sul,ES,municipio
montanha,ES,Montanha,ES,municipio
monte sinai,ES,Barra de São Francisco,ES,distrito
mucurici,ES,Mucurici,ES,municipio
muniz freire,ES,Muniz Freire,ES,municipio
muqui,ES,Muqui,ES,municipio
nova venecia,ES,Nova Venécia,ES,municipio
nova venécia,ES,Nova Venécia,ES,municipio
novo brasil,ES,Governador Lindenberg,ES,distrito
pacotuba,ES,Cachoeiro de Itapemirim,ES,distrito
pancas,ES,Pancas,ES,municipio
paraju,ES,Domingos Martins,ES,distrito
paulista,ES,Barra de São Francisco,ES,distrito
pedro canario,ES,Pedro Canário,ES,municipio
pedro canário,ES,Pedro Canário,ES,municipio
piacu,ES,Muniz Freire,ES,distrito
pinheiros,ES,Pinheiros,ES,municipio
piuma,ES,Piúma,ES,municipio
piúma,ES,Piúma,ES,municipio
ponto belo,ES,Ponto Belo,ES,municipio
praia grande,ES,Fundão,ES,distrito
praia grande (fundão) - distrito,ES,Fundão,ES,viacep
presidente kennedy,ES,Presidente Kennedy,ES,municipio
quilometro 14 do mutum,ES,Baixo Guandu,ES,distrito
rio bananal,ES,Rio Bananal,ES,municipio
rio novo do sul,ES,Rio Novo do Sul,ES,municipio
rive,ES,Alegre,ES,distrito
santa leopoldina,ES,Santa Leopoldina,ES,municipio
santa luzia de mantenopolis,ES,Mantenópolis,ES,distrito
santa maria de jetiba,ES,Santa Maria de Jetibá,ES,municipio
santa maria de jetibá,ES,Santa Maria de Jetibá,ES,municipio
santa teresa,ES,Santa Teresa,ES,municipio
santo agostinho,ES,Água Doce do Norte,ES,distrito
santo antonio do canaa,ES,Santa Teresa,ES,distrito
santo antônio do canaã,ES,Santa Teresa,ES,distrito
sao domingos do norte,ES,São Domingos do Norte,ES,municipio
sao gabriel da palha,ES,São Gabriel da Palha,ES,municipio
sao joao de petropolis,ES,Santa Teresa,ES,distrito
sao joao de vicosa,ES,Venda Nova do Imigrante,ES,distrito
sao joao do sobrado,ES,Pinheiros,ES,distrito
sao jorge do tiradentes,ES,Rio Bananal,ES,viacep
sao jose das torres,ES,Mimoso do Sul,ES,distrito
sao jose do calcado,ES,São José do Calçado,ES,municipio
sao mateus,ES,São Mateus,ES,municipio
sao roque do canaa,ES,São Roque do Canaã,ES,municipio
sao roque do cannaa,ES,São Roque do Canaã,ES,fuzzy
serra,ES,Serra,ES,municipio
sooretama,ES,Sooretama,ES,municipio
são domingos do norte,ES,São Domingos do Norte,ES,municipio
são gabriel da palha,ES,São Gabriel da Palha,ES,municipio
são josé do calçado,ES,São José do Calçado,ES,municipio
são mateus,ES,São Mateus,ES,municipio
são pedro de rates,ES,Guaçuí,ES,distrito
são roque do canaã,ES,São Roque do Canaã,ES,municipio
vargem alta,ES,Vargem Alta,ES,municipio
vargem grande do soturno,ES,Cachoeiro de Itapemirim,ES,distrito
venda nova do imigrante,ES,Venda Nova do Imigrante,ES,municipio
venda nova do imigrante-es,ES,Venda Nova do Imigrante,ES,fuzzy
viana,ES,Viana,ES,municipio
vila nelita,ES,Água Doce do Norte,ES,distrito
vila pavao,ES,Vila Pavão,ES,municipio
vila pavão,ES,Vila Pavão,ES,municipio
vila valerio,ES,Vila Valério,ES,municipio
vila valério,ES,Vila Valério,ES,municipio
vila velha,ES,Vila Velha,ES,municipio
vila verde,ES,Pancas,ES,distrito
vinhatico,ES,Montanha,ES,distrito
vitoria,ES,Vitória,ES,municipio
vitória,ES,Vitória,ES,municipio
água doce do norte,ES,Água Doce do Norte,ES,municipio
águia branca,ES,Águia Branca,ES,municipio
abadia de goias,GO,Abadia de Goiás,GO,municipio
abadiania,GO,Abadiânia,GO,municipio
abadiânia,GO,Abadiânia,GO,municipio
acreuna,GO,Acreúna,GO,municipio
acreúna,GO,Acreúna,GO,municipio
adelandia,GO,Adelândia,GO,municipio
agua fria de goias,GO,Água Fria de Goiás,GO,municipio
agua limpa,GO,Água Limpa,GO,municipio
aguas lindas de goias,GO,Águas Lindas de Goiás,GO,municipio
alexania,GO,Alexânia,GO,municipio
alexânia,GO,Alexânia,GO,municipio
aloandia,GO,Aloândia,GO,municipio
aloândia,GO,Aloândia,GO,municipio
alto horizonte,GO,Alto Horizonte,GO,municipio
alto paraiso de goias,GO,Alto Paraíso de Goiás,GO,municipio
alto paraíso de goiás,GO,Alto Paraíso de Goiás,GO,municipio
alvorada do norte,GO,Alvorada do Norte,GO,municipio
amaralina,GO,Amaralina,GO,municipio
americano do brasil,GO,Americano do Brasil,GO,municipio
amorinopolis,GO,Amorinópolis,GO,municipio
amorinópolis,GO,Amorinópolis,GO,municipio
anapolis,GO,Anápolis,GO,municipio
anhanguera,GO,Anhanguera,GO,municipio
anicuns,GO,Anicuns,GO,municipio
anápolis,GO,Anápolis,GO,municipio
aparecida de goiania,GO,Aparecida de Goiânia,GO,municipio
aparecida de goiânia,GO,Aparecida de Goiânia,GO,municipio
aparecida do rio doce,GO,Aparecida do Rio Doce,GO,municipio
apore,GO,Aporé,GO,municipio
aporé,GO,Aporé,GO,municipio
aracu,GO,Araçu,GO,municipio
aragarcas,GO,Aragarças,GO,municipio
aragarças,GO,Aragarças,GO,municipio
aragoiania,GO,Aragoiânia,GO,municipio
aragoiânia,GO,Aragoiânia,GO,municipio
araguapaz,GO,Araguapaz,GO,municipio
araçu,GO,Araçu,GO,municipio
arenopolis,GO,Arenópolis,GO,municipio
aruana,GO,Aruanã,GO,municipio
aruanã,GO,Aruanã,GO,municipio
aurilandia,GO,Aurilândia,GO,municipio
avelinopolis,GO,Avelinópolis,GO,municipio
baliza,GO,Baliza,GO,municipio
barro alto,GO,Barro Alto,GO,municipio
bela vista de goias,GO,Bela Vista de Goiás,GO,municipio
bela vista de goiás,GO,Bela Vista de Goiás,GO,municipio
bom jardim de goias,GO,Bom Jardim de Goiás,GO,municipio
bom jardim de goiás,GO,Bom Jardim de Goiás,GO,municipio
bom jesus,GO,Bom Jesus de Goiás,GO,viacep
bom jesus de goias,GO,Bom Jesus de Goiás,GO,municipio
bonfinopolis,GO,Bonfinópolis,GO,municipio
bonfinópolis,GO,Bonfinópolis,GO,municipio
bonopolis,GO,Bonópolis,GO,municipio
bonópolis,GO,Bonópolis,GO,municipio
brazabrantes,GO,Brazabrantes,GO,municipio
britania,GO,Britânia,GO,municipio
britânia,GO,Britânia,GO,municipio
buriti alegre,GO,Buriti Alegre,GO,municipio
buriti de goias,GO,Buriti de Goiás,GO,municipio
buriti de goiás,GO,Buriti de Goiás,GO,municipio
buritinopolis,GO,Buritinópolis,GO,municipio
buritinópolis,GO,Buritinópolis,GO,municipio
cabeceiras,GO,Cabeceiras,GO,municipio
cachoeira alta,GO,Cachoeira Alta,GO,municipio
cachoeira de goias,GO,Cachoeira de Goiás,GO,municipio
cachoeira de goiás,GO,Cachoeira de Goiás,GO,municipio
cachoeira dourada,GO,Cachoeira Dourada,GO,municipio
cacu,GO,Caçu,GO,municipio
caiaponia,GO,Caiapônia,GO,municipio
caiapônia,GO,Caiapônia,GO,municipio
caldas novas,GO,Caldas Novas,GO,municipio
caldazinha,GO,Caldazinha,GO,municipio
campestre de goias,GO,Campestre de Goiás,GO,municipio
campinacu,GO,Campinaçu,GO,municipio
campinaçu,GO,Campinaçu,GO,municipio
campinorte,GO,Campinorte,GO,municipio
campo alegre de goias,GO,Campo Alegre de Goiás,GO,municipio
campo limpo de goias,GO,Campo Limpo de Goiás,GO,municipio
campos belos,GO,Campos Belos,GO,municipio
campos verdes,GO,Campos Verdes,GO,municipio
carmo do rio verde,GO,Carmo do Rio Verde,GO,municipio
castelandia,GO,Castelândia,GO,municipio
castelândia,GO,Castelândia,GO,municipio
catalao,GO,Catalão,GO,municipio
catalão,GO,Catalão,GO,municipio
caturai,GO,Caturaí,GO,municipio
caturaí,GO,Caturaí,GO,municipio
cavalcante,GO,Cavalcante,GO,municipio
caçu,GO,Caçu,GO,municipio
ceres,GO,Ceres,GO,municipio
cezarina,GO,Cezarina,GO,municipio
chapadao do ceu,GO,Chapadão do Céu,GO,municipio
chapadão do céu,GO,Chapadão do Céu,GO,municipio
cidade ocidental,GO,Cidade Ocidental,GO,municipio
cocalzinho de goias,GO,Cocalzinho de Goiás,GO,municipio
cocalzinho de goiás,GO,Cocalzinho de Goiás,GO,municipio
colinas do sul,GO,Colinas do Sul,GO,municipio
corrego do ouro,GO,Córrego do Ouro,GO,municipio
corumba de goias,GO,Corumbá de Goiás,GO,municipio
corumbaiba,GO,Corumbaíba,GO,municipio
corumbaíba,GO,Corumbaíba,GO,municipio
corumbá de goiás,GO,Corumbá de Goiás,GO,municipio
cristalina,GO,Cristalina,GO,municipio
cristianopolis,GO,Cristianópolis,GO,municipio
cristianópolis,GO,Cristianópolis,GO,municipio
crixas,GO,Crixás,GO,municipio
crixás,GO,Crixás,GO,municipio
crominia,GO,Cromínia,GO,municipio
cromínia,GO,Cromínia,GO,municipio
cumari,GO,Cumari,GO,municipio
córrego do ouro,GO,Córrego do Ouro,GO,municipio
damianopolis,GO,Damianópolis,GO,municipio
damianópolis,GO,Damianópolis,GO,municipio
damolandia,GO,Damolândia,GO,municipio
davinopolis,GO,Davinópolis,GO,municipio
davinópolis,GO,Davinópolis,GO,municipio
diorama,GO,Diorama,GO,municipio
divinopolis de goias,GO,Divinópolis de Goiás,GO,municipio
divinópolis de goiás,GO,Divinópolis de Goiás,GO,municipio
domiciano ribeiro,GO,Ipameri,GO,distrito
doverlandia,GO,Doverlândia,GO,municipio
doverlândia,GO,Doverlândia,GO,municipio
edealina,GO,Edealina,GO,municipio
edeia,GO,Edéia,GO,municipio
edéia,GO,Edéia,GO,municipio
estrela do norte,GO,Estrela do Norte,GO,municipio
faina,GO,Faina,GO,municipio
fazenda nova,GO,Fazenda Nova,GO,municipio
firminopolis,GO,Firminópolis,GO,municipio
firminópolis,GO,Firminópolis,GO,municipio
flores de goias,GO,Flores de Goiás,GO,municipio
flores de goiás,GO,Flores de Goiás,GO,municipio
formosa,GO,Formosa,GO,municipio
formoso,GO,Formoso,GO,municipio
gameleira de goias,GO,Gameleira de Goiás,GO,municipio
goianapolis,GO,Goianápolis,GO,municipio
goiandira,GO,Goiandira,GO,municipio
goianesia,GO,Goianésia,GO,municipio
goiania,GO,Goiânia,GO,municipio
goianira,GO,Goianira,GO,municipio
goianápolis,GO,Goianápolis,GO,municipio
goianésia,GO,Goianésia,GO,municipio
goias,GO,Goiás,GO,municipio
goiatuba,GO,Goiatuba,GO,municipio
goiás,GO,Goiás,GO,municipio
goiânia,GO,Goiânia,GO,municipio
gouvelandia,GO,Gouvelândia,GO,municipio
gouvelândia,GO,Gouvelândia,GO,municipio
guapo,GO,Guapó,GO,municipio
guapó,GO,Guapó,GO,municipio
guaraita,GO,Guaraíta,GO,municipio
guarani de goias,GO,Guarani de Goiás,GO,municipio
guaraíta,GO,Guaraíta,GO,municipio
guarinos,GO,Guarinos,GO,municipio
heitorai,GO,Heitoraí,GO,municipio
heitoraí,GO,Heitoraí,GO,municipio
hidrolandia,GO,Hidrolândia,GO,municipio
hidrolina,GO,Hidrolina,GO,municipio
hidrolândia,GO,Hidrolândia,GO,municipio
iaciara,GO,Iaciara,GO,municipio
inaciolandia,GO,Inaciolândia,GO,municipio
inaciolândia,GO,Inaciolândia,GO,municipio
indiara,GO,Indiara,GO,municipio
inhumas,GO,Inhumas,GO,municipio
ipameri,GO,Ipameri,GO,municipio
ipiranga de goias,GO,Ipiranga de Goiás,GO,municipio
ipiranga de goiás,GO,Ipiranga de Goiás,GO,municipio
ipora,GO,Iporá,GO,municipio
iporá,GO,Iporá,GO,municipio
israelandia,GO,Israelândia,GO,municipio
itaberai,GO,Itaberaí,GO,municipio
itaberaí,GO,Itaberaí,GO,municipio
itaguacu,GO,São Simão,GO,distrito
itaguari,GO,Itaguari,GO,municipio
itaguaru,GO,Itaguaru,GO,municipio
itaja,GO,Itajá,GO,municipio
itajá,GO,Itajá,GO,municipio
itapaci,GO,Itapaci,GO,municipio
itapirapua,GO,Itapirapuã,GO,municipio
itapirapuã,GO,Itapirapuã,GO,municipio
itapuranga,GO,Itapuranga,GO,municipio
itaruma,GO,Itarumã,GO,municipio
itarumã,GO,Itarumã,GO,municipio
itaucu,GO,Itauçu,GO,municipio
itauçu,GO,Itauçu,GO,municipio
itumbiara,GO,Itumbiara,GO,municipio
ivolandia,GO,Ivolândia,GO,municipio
ivolândia,GO,Ivolândia,GO,municipio
jacilandia,GO,Itapirapuã,GO,distrito
jandaia,GO,Jandaia,GO,municipio
jaragua,GO,Jaraguá,GO,municipio
jaraguá,GO,Jaraguá,GO,municipio
jardim abc de goias,GO,Cidade Ocidental,GO,viacep
jatai,GO,Jataí,GO,municipio
jataí,GO,Jataí,GO,municipio
jaupaci,GO,Jaupaci,GO,municipio
jesupolis,GO,Jesúpolis,GO,municipio
jesúpolis,GO,Jesúpolis,GO,municipio
joviania,GO,Joviânia,GO,municipio
joviânia,GO,Joviânia,GO,municipio
jussara,GO,Jussara,GO,municipio
lagoa santa,GO,Lagoa Santa,GO,municipio
leopoldo de bulhoes,GO,Leopoldo de Bulhões,GO,municipio
leopoldo de bulhões,GO,Leopoldo de Bulhões,GO,municipio
luziania,GO,Luziânia,GO,municipio
luziânia,GO,Luziânia,GO,municipio
mairipotaba,GO,Mairipotaba,GO,municipio
mambai,GO,Mambaí,GO,municipio
mambaí,GO,Mambaí,GO,municipio
mara rosa,GO,Mara Rosa,GO,municipio
marzagao,GO,Marzagão,GO,municipio
marzagão,GO,Marzagão,GO,municipio
matrincha,GO,Matrinchã,GO,municipio
matrinchã,GO,Matrinchã,GO,municipio
maurilandia,GO,Maurilândia,GO,municipio
maurilândia,GO,Maurilândia,GO,municipio
mimoso de goias,GO,Mimoso de Goiás,GO,municipio
mimoso de goiás,GO,Mimoso de Goiás,GO,municipio
minacu,GO,Minaçu,GO,municipio
minaçu,GO,Minaçu,GO,municipio
mineiros,GO,Mineiros,GO,municipio
moipora,GO,Moiporá,GO,municipio
monte alegre de goias,GO,Monte Alegre de Goiás,GO,municipio
monte alegre de goiás,GO,Monte Alegre de Goiás,GO,municipio
montes claros de goias,GO,Montes Claros de Goiás,GO,municipio
montes claros de goiás,GO,Montes Claros de Goiás,GO,municipio
montividiu,GO,Montividiu,GO,municipio
montividiu do norte,GO,Montividiu do Norte,GO,municipio
morrinhos,GO,Morrinhos,GO,municipio
morro agudo de goias,GO,Morro Agudo de Goiás,GO,municipio
morro agudo de goiás,GO,Morro Agudo de Goiás,GO,municipio
mossamedes,GO,Mossâmedes,GO,municipio
mossâmedes,GO,Mossâmedes,GO,municipio
mozarlandia,GO,Mozarlândia,GO,municipio
mozarlândia,GO,Mozarlândia,GO,municipio
mundo novo,GO,Mundo Novo,GO,municipio
mutunopolis,GO,Mutunópolis,GO,municipio
mutunópolis,GO,Mutunópolis,GO,municipio
nazario,GO,Nazário,GO,municipio
nazário,GO,Nazário,GO,municipio
neropolis,GO,Nerópolis,GO,municipio
nerópolis,GO,Nerópolis,GO,municipio
niquelandia,GO,Niquelândia,GO,municipio
niquelândia,GO,Niquelândia,GO,municipio
nova america,GO,Nova América,GO,municipio
nova américa,GO,Nova América,GO,municipio
nova aurora,GO,Nova Aurora,GO,municipio
nova crixas,GO,Nova Crixás,GO,municipio
nova crixás,GO,Nova Crixás,GO,municipio
nova gloria,GO,Nova Glória,GO,municipio
nova glória,GO,Nova Glória,GO,municipio
nova iguacu de goias,GO,Nova Iguaçu de Goiás,GO,municipio
nova roma,GO,Nova Roma,GO,municipio
nova veneza,GO,Nova Veneza,GO,municipio
novo brasil,GO,Novo Brasil,GO,municipio
novo gama,GO,Novo Gama,GO,municipio
novo planalto,GO,Novo Planalto,GO,municipio
orizona,GO,Orizona,GO,municipio
ouro verde de goias,GO,Ouro Verde de Goiás,GO,municipio
ouroana,GO,Rio Verde,GO,distrito
ouvidor,GO,Ouvidor,GO,municipio
padre bernardo,GO,Padre Bernardo,GO,municipio
palestina de goias,GO,Palestina de Goiás,GO,municipio
palestina de goiás,GO,Palestina de Goiás,GO,municipio
palmeiras de goias,GO,Palmeiras de Goiás,GO,municipio
palmeiras de goiás,GO,Palmeiras de Goiás,GO,municipio
palmelo,GO,Palmelo,GO,municipio
palminopolis,GO,Palminópolis,GO,municipio
palminópolis,GO,Palminópolis,GO,municipio
panama,GO,Panamá,GO,municipio
paranaiguara,GO,Paranaiguara,GO,municipio
parauna,GO,Paraúna,GO,municipio
paraúna,GO,Paraúna,GO,municipio
perolandia,GO,Perolândia,GO,municipio
petrolina de goias,GO,Petrolina de Goiás,GO,municipio
petrolina de goiás,GO,Petrolina de Goiás,GO,municipio
pilar de goias,GO,Pilar de Goiás,GO,municipio
piracanjuba,GO,Piracanjuba,GO,municipio
piranhas,GO,Piranhas,GO,municipio
pirenopolis,GO,Pirenópolis,GO,municipio
pirenópolis,GO,Pirenópolis,GO,municipio
pires do rio,GO,Pires do Rio,GO,municipio
planaltina,GO,Planaltina,GO,municipio
planaltina de goias,GO,Planaltina,GO,manual_review
pontalina,GO,Pontalina,GO,municipio
porangatu,GO,Porangatu,GO,municipio
porteirao,GO,Porteirão,GO,municipio
porteirão,GO,Porteirão,GO,municipio
portelandia,GO,Portelândia,GO,municipio
posse,GO,Posse,GO,municipio
professor jamil,GO,Professor Jamil,GO,municipio
quirinopolis,GO,Quirinópolis,GO,municipio
quirinópolis,GO,Quirinópolis,GO,municipio
rialma,GO,Rialma,GO,municipio
rianapolis,GO,Rianápolis,GO,municipio
rianápolis,GO,Rianápolis,GO,municipio
rio quente,GO,Rio Quente,GO,municipio
rio verde,GO,Rio Verde,GO,municipio
riverlandia,GO,Rio Verde,GO,distrito
rubiataba,GO,Rubiataba,GO,municipio
sanclerlandia,GO,Sanclerlândia,GO,municipio
sanclerlândia,GO,Sanclerlândia,GO,municipio
santa barbara de goias,GO,Santa Bárbara de Goiás,GO,municipio
santa cruz de goias,GO,Santa Cruz de Goiás,GO,municipio
santa fe de goias,GO,Santa Fé de Goiás,GO,municipio
santa fé de goiás,GO,Santa Fé de Goiás,GO,municipio
santa helena de goias,GO,Santa Helena de Goiás,GO,municipio
santa helena de goiás,GO,Santa Helena de Goiás,GO,municipio
santa isabel,GO,Santa Isabel,GO,municipio
santa rita do araguaia,GO,Santa Rita do Araguaia,GO,municipio
santa rita do novo destino,GO,Santa Rita do Novo Destino,GO,municipio
santa rosa de goias,GO,Santa Rosa de Goiás,GO,municipio
santa rosa de goiás,GO,Santa Rosa de Goiás,GO,municipio
santa tereza de goias,GO,Santa Tereza de Goiás,GO,municipio
santa tereza de goiás,GO,Santa Tereza de Goiás,GO,municipio
santa terezinha de goias,GO,Santa Terezinha de Goiás,GO,municipio
santa terezinha de goiás,GO,Santa Terezinha de Goiás,GO,municipio
santo antonio da barra,GO,Santo Antônio da Barra,GO,municipio
santo antonio de goias,GO,Santo Antônio de Goiás,GO,municipio
santo antonio do descoberto,GO,Santo Antônio do Descoberto,GO,municipio
santo antonio do rio verde,GO,Catalão,GO,distrito
santo antônio da barra,GO,Santo Antônio da Barra,GO,municipio
santo antônio de goiás,GO,Santo Antônio de Goiás,GO,municipio
santo antônio do descoberto,GO,Santo Antônio do Descoberto,GO,municipio
santo antônio do rio verde,GO,Catalão,GO,distrito
sao domingos,GO,São Domingos,GO,municipio
sao francisco de goias,GO,São Francisco de Goiás,GO,municipio
sao joao d alianca,GO,São João d'Aliança,GO,fuzzy
sao joao d'alianca,GO,São João d'Aliança,GO,municipio
sao joao da parauna,GO,São João da Paraúna,GO,municipio
sao joao dalianca,GO,São João d'Aliança,GO,fuzzy
sao luis de montes belos,GO,São Luís de Montes Belos,GO,municipio
sao luiz do norte,GO,São Luiz do Norte,GO,municipio
sao miguel do araguaia,GO,São Miguel do Araguaia,GO,municipio
sao miguel do passa quatro,GO,São Miguel do Passa Quatro,GO,municipio
sao patricio,GO,São Patrício,GO,municipio
sao simao,GO,São Simão,GO,municipio
senador canedo,GO,Senador Canedo,GO,municipio
serranopolis,GO,Serranópolis,GO,municipio
serranópolis,GO,Serranópolis,GO,municipio
silvania,GO,Silvânia,GO,municipio
silvânia,GO,Silvânia,GO,municipio
simolandia,GO,Simolândia,GO,municipio
simolândia,GO,Simolândia,GO,municipio
sitio d'abadia,GO,Sítio d'Abadia,GO,municipio
sousania,GO,Anápolis,GO,viacep
são domingos,GO,São Domingos,GO,municipio
são francisco de goiás,GO,São Francisco de Goiás,GO,municipio
são joão d'aliança,GO,São João d'Aliança,GO,municipio
são luiz do norte,GO,São Luiz do Norte,GO,municipio
são luís de montes belos,GO,São Luís de Montes Belos,GO,municipio
são miguel do araguaia,GO,São Miguel do Araguaia,GO,municipio
são miguel do passa quatro,GO,São Miguel do Passa Quatro,GO,municipio
são simão,GO,São Simão,GO,municipio
taquaral de goias,GO,Taquaral de Goiás,GO,municipio
taquaral de goiás,GO,Taquaral de Goiás,GO,municipio
teresina de goias,GO,Teresina de Goiás,GO,municipio
teresina de goiás,GO,Teresina de Goiás,GO,municipio
terezopolis de goias,GO,Terezópolis de Goiás,GO,municipio
terezópolis de goiás,GO,Terezópolis de Goiás,GO,municipio
tres ranchos,GO,Três Ranchos,GO,municipio
trindade,GO,Trindade,GO,municipio
trombas,GO,Trombas,GO,municipio
três ranchos,GO,Três Ranchos,GO,municipio
turvania,GO,Turvânia,GO,municipio
turvelandia,GO,Turvelândia,GO,municipio
turvelândia,GO,Turvelândia,GO,municipio
uirapuru,GO,Uirapuru,GO,municipio
uruacu,GO,Uruaçu,GO,municipio
uruana,GO,Uruana,GO,municipio
uruaçu,GO,Uruaçu,GO,municipio
urutai,GO,Urutaí,GO,municipio
urutaí,GO,Urutaí,GO,municipio
valparaiso de goias,GO,Valparaíso de Goiás,GO,municipio
valparaíso de goiás,GO,Valparaíso de Goiás,GO,municipio
varjao,GO,Varjão,GO,municipio
vianopolis,GO,Vianópolis,GO,municipio
vianópolis,GO,Vianópolis,GO,municipio
vicentinopolis,GO,Vicentinópolis,GO,municipio
vicentinópolis,GO,Vicentinópolis,GO,municipio
vila boa,GO,Vila Boa,GO,municipio
vila propicio,GO,Vila Propício,GO,municipio
vila propício,GO,Vila Propício,GO,municipio
água fria de goiás,GO,Água Fria de Goiás,GO,municipio
águas lindas de goiás,GO,Águas Lindas de Goiás,GO,municipio
acailandia,MA,Açailândia,MA,municipio
afonso cunha,MA,Afonso Cunha,MA,municipio
agua doce do maranhao,MA,Água Doce do Maranhão,MA,municipio
alcantara,MA,Alcântara,MA,municipio
alcântara,MA,Alcântara,MA,municipio
aldeias altas,MA,Aldeias Altas,MA,municipio
altamira do maranhao,MA,Altamira do Maranhão,MA,municipio
alto alegre do maranhao,MA,Alto Alegre do Maranhão,MA,municipio
alto alegre do pindare,MA,Alto Alegre do Pindaré,MA,municipio
alto alegre do pindaré,MA,Alto Alegre do Pindaré,MA,municipio
alto parnaiba,MA,Alto Parnaíba,MA,municipio
alto parnaíba,MA,Alto Parnaíba,MA,municipio
amapa do maranhao,MA,Amapá do Maranhão,MA,municipio
amapá do maranhão,MA,Amapá do Maranhão,MA,municipio
amarante do maranhao,MA,Amarante do Maranhão,MA,municipio
anajatuba,MA,Anajatuba,MA,municipio
anapurus,MA,Anapurus,MA,municipio
apicum-acu,MA,Apicum-Açu,MA,municipio
araguana,MA,Araguanã,MA,municipio
araioses,MA,Araioses,MA,municipio
araióses,MA,Araioses,MA,municipio
arame,MA,Arame,MA,municipio
arari,MA,Arari,MA,municipio
axixa,MA,Axixá,MA,municipio
açailândia,MA,Açailândia,MA,municipio
bacabal,MA,Bacabal,MA,municipio
bacabeira,MA,Bacabeira,MA,municipio
bacuri,MA,Bacuri,MA,municipio
bacurituba,MA,Bacurituba,MA,municipio
balsas,MA,Balsas,MA,municipio
barao de grajau,MA,Barão de Grajaú,MA,municipio
barra do corda,MA,Barra do Corda,MA,municipio
barreirinhas,MA,Barreirinhas,MA,municipio
barro duro,MA,Tutóia,MA,distrito
barão de grajaú,MA,Barão de Grajaú,MA,municipio
bela vista do maranhao,MA,Bela Vista do Maranhão,MA,municipio
belagua,MA,Belágua,MA,municipio
belágua,MA,Belágua,MA,municipio
benedito leite,MA,Benedito Leite,MA,municipio
bequimao,MA,Bequimão,MA,municipio
bequimão,MA,Bequimão,MA,municipio
bernardo do mearim,MA,Bernardo do Mearim,MA,municipio
boa vista do gurupi,MA,Boa Vista do Gurupi,MA,municipio
bom jardim,MA,Bom Jardim,MA,municipio
bom jesus das selvas,MA,Bom Jesus das Selvas,MA,municipio
bom lugar,MA,Bom Lugar,MA,municipio
brejo,MA,Brejo,MA,municipio
brejo de areia,MA,Brejo de Areia,MA,municipio
buriti,MA,Buriti,MA,municipio
buriti bravo,MA,Buriti Bravo,MA,municipio
buriticupu,MA,Buriticupu,MA,municipio
buritirama,MA,Buritirana,MA,fuzzy
buritirana,MA,Buritirana,MA,municipio
cajapio,MA,Cajapió,MA,municipio
cajari,MA,Cajari,MA,municipio
campestre do maranhao,MA,Campestre do Maranhão,MA,municipio
campestre do maranhão,MA,Campestre do Maranhão,MA,municipio
candido mendes,MA,Cândido Mendes,MA,municipio
cantanhede,MA,Cantanhede,MA,municipio
capinzal do norte,MA,Capinzal do Norte,MA,municipio
carolina,MA,Carolina,MA,municipio
carutapera,MA,Carutapera,MA,municipio
caxias,MA,Caxias,MA,municipio
cedral,MA,Cedral,MA,municipio
central do maranhao,MA,Central do Maranhão,MA,municipio
centro do guilherme,MA,Centro do Guilherme,MA,municipio
centro novo do maranhao,MA,Centro Novo do Maranhão,MA,municipio
centro novo do maranhão,MA,Centro Novo do Maranhão,MA,municipio
chapadinha,MA,Chapadinha,MA,municipio
cidelandia,MA,Cidelândia,MA,municipio
codo,MA,Codó,MA,municipio
codó,MA,Codó,MA,municipio
coelho neto,MA,Coelho Neto,MA,municipio
colinas,MA,Colinas,MA,municipio
conceicao do lago-acu,MA,Conceição do Lago-Açu,MA,municipio
conceição do lago-açu,MA,Conceição do Lago-Açu,MA,municipio
coroata,MA,Coroatá,MA,municipio
coroatá,MA,Coroatá,MA,municipio
cururupu,MA,Cururupu,MA,municipio
cândido mendes,MA,Cândido Mendes,MA,municipio
davinopolis,MA,Davinópolis,MA,municipio
dom pedro,MA,Dom Pedro,MA,municipio
duque bacelar,MA,Duque Bacelar,MA,municipio
esperantinopolis,MA,Esperantinópolis,MA,municipio
esperantinópolis,MA,Esperantinópolis,MA,municipio
estreito,MA,Estreito,MA,municipio
fatimarmnte dutra,MA,Presidente Dutra,MA,viacep
feira nova do maranhao,MA,Feira Nova do Maranhão,MA,municipio
feira nova do maranhão,MA,Feira Nova do Maranhão,MA,municipio
formosa da serra negra,MA,Formosa da Serra Negra,MA,municipio
fortaleza dos nogueiras,MA,Fortaleza dos Nogueiras,MA,municipio
fortuna,MA,Fortuna,MA,municipio
godofredo viana,MA,Godofredo Viana,MA,municipio
goncalves dias,MA,Gonçalves Dias,MA,municipio
gonçalves dias,MA,Gonçalves Dias,MA,municipio
governador archer,MA,Governador Archer,MA,municipio
governador edison lobao,MA,Governador Edison Lobão,MA,municipio
governador edison lobão,MA,Governador Edison Lobão,MA,municipio
governador eugenio barros,MA,Governador Eugênio Barros,MA,municipio
governador eugênio barros,MA,Governador Eugênio Barros,MA,municipio
governador luiz rocha,MA,Governador Luiz Rocha,MA,municipio
governador newton bello,MA,Governador Newton Bello,MA,municipio
governador nunes freire,MA,Governador Nunes Freire,MA,municipio
graca aranha,MA,Graça Aranha,MA,municipio
grajau,MA,Grajaú,MA,municipio
grajaú,MA,Grajaú,MA,municipio
guimaraes,MA,Guimarães,MA,municipio
humberto de campos,MA,Humberto de Campos,MA,municipio
icatu,MA,Icatu,MA,municipio
igarape do meio,MA,Igarapé do Meio,MA,municipio
igarape grande,MA,Igarapé Grande,MA,municipio
igarapé grande,MA,Igarapé Grande,MA,municipio
imperatriz,MA,Imperatriz,MA,municipio
itaipava do grajau,MA,Itaipava do Grajaú,MA,municipio
itapecuru mirim,MA,Itapecuru Mirim,MA,municipio
itapecuru-mirim,MA,Itapecuru Mirim,MA,fuzzy
itinga do maranhao,MA,Itinga do Maranhão,MA,municipio
itinga do maranhão,MA,Itinga do Maranhão,MA,municipio
jatoba,MA,Jatobá,MA,municipio
jatobá,MA,Jatobá,MA,municipio
jenipapo dos vieiras,MA,Jenipapo dos Vieiras,MA,municipio
joao lisboa,MA,João Lisboa,MA,municipio
joselandia,MA,Joselândia,MA,municipio
joselândia,MA,Joselândia,MA,municipio
junco do maranhao,MA,Junco do Maranhão,MA,municipio
junco do maranhão,MA,Junco do Maranhão,MA,municipio
lago da pedra,MA,Lago da Pedra,MA,municipio
lago do junco,MA,Lago do Junco,MA,municipio
lago dos rodrigues,MA,Lago dos Rodrigues,MA,municipio
lago verde,MA,Lago Verde,MA,municipio
lagoa do mato,MA,Lagoa do Mato,MA,municipio
lagoa grande do maranhao,MA,Lagoa Grande do Maranhão,MA,municipio
lagoa grande do maranhão,MA,Lagoa Grande do Maranhão,MA,municipio
lajeado novo,MA,Lajeado Novo,MA,municipio
lima campos,MA,Lima Campos,MA,municipio
loreto,MA,Loreto,MA,municipio
luis domingues,MA,Luís Domingues,MA,municipio
luís domingues,MA,Luís Domingues,MA,municipio
magalhaes de almeida,MA,Magalhães de Almeida,MA,municipio
magalhães de almeida,MA,Magalhães de Almeida,MA,municipio
maioba,MA,Paço do Lumiar,MA,viacep
maracacume,MA,Maracaçumé,MA,municipio
maracaçumé,MA,Maracaçumé,MA,municipio
maraja do sena,MA,Marajá do Sena,MA,municipio
maranhaozinho,MA,Maranhãozinho,MA,municipio
maranhãozinho,MA,Maranhãozinho,MA,municipio
mata roma,MA,Mata Roma,MA,municipio
matinha,MA,Matinha,MA,municipio
matoes,MA,Matões,MA,municipio
matoes do norte,MA,Matões do Norte,MA,municipio
matões,MA,Matões,MA,municipio
milagres do maranhao,MA,Milagres do Maranhão,MA,municipio
milagres do maranhão,MA,Milagres do Maranhão,MA,municipio
mirador,MA,Mirador,MA,municipio
miranda do norte,MA,Miranda do Norte,MA,municipio
mirinzal,MA,Mirinzal,MA,municipio
moncao,MA,Monção,MA,municipio
montes altos,MA,Montes Altos,MA,municipio
monção,MA,Monção,MA,municipio
morros,MA,Morros,MA,municipio
nina rodrigues,MA,Nina Rodrigues,MA,municipio
nova colinas,MA,Nova Colinas,MA,municipio
nova iorque,MA,Nova Iorque,MA,municipio
nova olinda do maranhao,MA,Nova Olinda do Maranhão,MA,municipio
nova olinda do maranhão,MA,Nova Olinda do Maranhão,MA,municipio
olho d agua das cunhas,MA,Olho d'Água das Cunhãs,MA,fuzzy
olho d'agua das cunhas,MA,Olho d'Água das Cunhãs,MA,municipio
olho d'água das cunhãs,MA,Olho d'Água das Cunhãs,MA,municipio
olho dágua das cunhãs,MA,Olho d'Água das Cunhãs,MA,fuzzy
olinda nova do maranhao,MA,Olinda Nova do Maranhão,MA,municipio
olinda nova do maranhão,MA,Olinda Nova do Maranhão,MA,municipio
paco do lumiar,MA,Paço do Lumiar,MA,municipio
palmeirandia,MA,Palmeirândia,MA,municipio
paraibano,MA,Paraibano,MA,municipio
parnarama,MA,Parnarama,MA,municipio
passagem franca,MA,Passagem Franca,MA,municipio
pastos bons,MA,Pastos Bons,MA,municipio
paulino neves,MA,Paulino Neves,MA,municipio
paulo ramos,MA,Paulo Ramos,MA,municipio
paço do lumiar,MA,Paço do Lumiar,MA,municipio
pedreiras,MA,Pedreiras,MA,municipio
pedro do rosário,MA,Pedro do Rosário,MA,municipio
penalva,MA,Penalva,MA,municipio
peri mirim,MA,Peri Mirim,MA,municipio
peritoro,MA,Peritoró,MA,municipio
peritoró,MA,Peritoró,MA,municipio
pindare mirim,MA,Pindaré-Mirim,MA,fuzzy
pindaré mirim,MA,Pindaré-Mirim,MA,fuzzy
pindaré-mirim,MA,Pindaré-Mirim,MA,municipio
pinheiro,MA,Pinheiro,MA,municipio
pio xii,MA,Pio XII,MA,municipio
pirapemas,MA,Pirapemas,MA,municipio
pocao de pedras,MA,Poção de Pedras,MA,municipio
porto franco,MA,Porto Franco,MA,municipio
porto rico do maranhao,MA,Porto Rico do Maranhão,MA,municipio
poção de pedras,MA,Poção de Pedras,MA,municipio
presidente dutra,MA,Presidente Dutra,MA,municipio
presidente juscelino,MA,Presidente Juscelino,MA,municipio
presidente medici,MA,Presidente Médici,MA,municipio
presidente médici,MA,Presidente Médici,MA,municipio
presidente sarney,MA,Presidente Sarney,MA,municipio
presidente vargas,MA,Presidente Vargas,MA,municipio
primeira cruz,MA,Primeira Cruz,MA,municipio
raposa,MA,Raposa,MA,municipio
riachao,MA,Riachão,MA,municipio
riachão,MA,Riachão,MA,municipio
ribamar fiquene,MA,Ribamar Fiquene,MA,municipio
rosario,MA,Rosário,MA,municipio
rosário,MA,Rosário,MA,municipio
sambaiba,MA,Sambaíba,MA,municipio
santa filomena do maranhao,MA,Santa Filomena do Maranhão,MA,municipio
santa helena,MA,Santa Helena,MA,municipio
santa ines,MA,Santa Inês,MA,municipio
santa inês,MA,Santa Inês,MA,municipio
santa luzia,MA,Santa Luzia,MA,municipio
santa luzia do parua,MA,Santa Luzia do Paruá,MA,municipio
santa luzia do paruá,MA,Santa Luzia do Paruá,MA,municipio
santa quiteria do maranhao,MA,Santa Quitéria do Maranhão,MA,municipio
santa quitéria do maranhão,MA,Santa Quitéria do Maranhão,MA,municipio
santa rita,MA,Santa Rita,MA,municipio
santana do maranhao,MA,Santana do Maranhão,MA,municipio
santana do maranhão,MA,Santana do Maranhão,MA,municipio
santo amaro,MA,Santo Amaro do Maranhão,MA,viacep
santo antonio dos lopes,MA,Santo Antônio dos Lopes,MA,municipio
santo antônio dos lopes,MA,Santo Antônio dos Lopes,MA,municipio
sao benedito do rio preto,MA,São Benedito do Rio Preto,MA,municipio
sao bento,MA,São Bento,MA,municipio
sao bernardo,MA,São Bernardo,MA,municipio
sao domingos do azeitao,MA,São Domingos do Azeitão,MA,municipio
sao domingos do maranhao,MA,São Domingos do Maranhão,MA,municipio
sao felix de balsas,MA,São Félix de Balsas,MA,municipio
sao francisco do brejao,MA,São Francisco do Brejão,MA,municipio
sao francisco do maranhao,MA,São Francisco do Maranhão,MA,municipio
sao joao batista,MA,São João Batista,MA,municipio
sao joao do caru,MA,São João do Carú,MA,municipio
sao joao do paraiso,MA,São João do Paraíso,MA,municipio
sao joao do soter,MA,São João do Soter,MA,municipio
sao joao dos patos,MA,São João dos Patos,MA,municipio
sao jose de ribamar,MA,São José de Ribamar,MA,municipio
sao jose dos basilios,MA,São José dos Basílios,MA,municipio
sao luis,MA,São Luís,MA,municipio
sao luis gonzaga do maranhao,MA,São Luís Gonzaga do Maranhão,MA,municipio
sao mateus do maranhao,MA,São Mateus do Maranhão,MA,municipio
sao pedro da agua branca,MA,São Pedro da Água Branca,MA,municipio
sao pedro dos crentes,MA,São Pedro dos Crentes,MA,municipio
sao raimundo das mangabeiras,MA,São Raimundo das Mangabeiras,MA,municipio
sao raimundo do doca bezerra,MA,São Raimundo do Doca Bezerra,MA,municipio
sao roberto,MA,São Roberto,MA,municipio
sao vicente ferrer,MA,São Vicente Ferrer,MA,municipio
satubinha,MA,Satubinha,MA,municipio
senador alexandre costa,MA,Senador Alexandre Costa,MA,municipio
senador la rocque,MA,Senador La Rocque,MA,municipio
senador la roque,MA,Senador La Rocque,MA,fuzzy
serrano do maranhao,MA,Serrano do Maranhão,MA,municipio
sitio novo,MA,Sítio Novo,MA,municipio
sucupira do norte,MA,Sucupira do Norte,MA,municipio
sucupira do riachao,MA,Sucupira do Riachão,MA,municipio
são benedito do rio preto,MA,São Benedito do Rio Preto,MA,municipio
são bento,MA,São Bento,MA,municipio
são bernardo,MA,São Bernardo,MA,municipio
são domingos do maranhão,MA,São Domingos do Maranhão,MA,municipio
são francisco do brejão,MA,São Francisco do Brejão,MA,municipio
são francisco do maranhão,MA,São Francisco do Maranhão,MA,municipio
são félix de balsas,MA,São Félix de Balsas,MA,municipio
são josé de ribamar,MA,São José de Ribamar,MA,municipio
são joão batista,MA,São João Batista,MA,municipio
são joão do carú,MA,São João do Carú,MA,municipio
são joão do paraíso,MA,São João do Paraíso,MA,municipio
são joão do soter,MA,São João do Soter,MA,municipio
são joão dos patos,MA,São João dos Patos,MA,municipio
são luís,MA,São Luís,MA,municipio
são luís gonzaga do maranhão,MA,São Luís Gonzaga do Maranhão,MA,municipio
são mateus do maranhão,MA,São Mateus do Maranhão,MA,municipio
são pedro da água branca,MA,São Pedro da Água Branca,MA,municipio
são raimundo das mangabeiras,MA,São Raimundo das Mangabeiras,MA,municipio
são raimundo do doca bezerra,MA,São Raimundo do Doca Bezerra,MA,municipio
são roberto,MA,São Roberto,MA,municipio
são vicente ferrer,MA,São Vicente Ferrer,MA,municipio
tasso fragoso,MA,Tasso Fragoso,MA,municipio
timbiras,MA,Timbiras,MA,municipio
timon,MA,Timon,MA,municipio
trizidela do vale,MA,Trizidela do Vale,MA,municipio
tufilandia,MA,Tufilândia,MA,municipio
tufilândia,MA,Tufilândia,MA,municipio
tuntum,MA,Tuntum,MA,municipio
turiacu,MA,Turiaçu,MA,municipio
turiaçu,MA,Turiaçu,MA,municipio
turilandia,MA,Turilândia,MA,municipio
tutoia,MA,Tutóia,MA,municipio
tutóia,MA,Tutóia,MA,municipio
urbano santos,MA,Urbano Santos,MA,municipio
vargem grande,MA,Vargem Grande,MA,municipio
viana,MA,Viana,MA,municipio
vila nova dos martirios,MA,Vila Nova dos Martírios,MA,municipio
vila nova dos martírios,MA,Vila Nova dos Martírios,MA,municipio
vitoria do mearim,MA,Vitória do Mearim,MA,municipio
vitorino freire,MA,Vitorino Freire,MA,municipio
vitória do mearim,MA,Vitória do Mearim,MA,municipio
ze doca,MA,Zé Doca,MA,municipio
zé doca,MA,Zé Doca,MA,municipio
água doce do maranhão,MA,Água Doce do Maranhão,MA,municipio
abadia dos dourados,MG,Abadia dos Dourados,MG,municipio
abaete,MG,Abaeté,MG,municipio
abaeté,MG,Abaeté,MG,municipio
abre campo,MG,Abre Campo,MG,municipio
abreus,MG,Alto Rio Doce,MG,distrito
acaiaca,MG,Acaiaca,MG,municipio
acucena,MG,Açucena,MG,municipio
adao colares,MG,Botumirim,MG,distrito
agua boa,MG,Água Boa,MG,municipio
agua branca de minas,MG,Comercinho,MG,distrito
agua comprida,MG,Água Comprida,MG,municipio
aguanil,MG,Aguanil,MG,municipio
aguas ferreas,MG,São Pedro dos Ferros,MG,distrito
aguas formosas,MG,Águas Formosas,MG,municipio
aguas vermelhas,MG,Águas Vermelhas,MG,municipio
aimores,MG,Aimorés,MG,municipio
aimorés,MG,Aimorés,MG,municipio
aiuruoca,MG,Aiuruoca,MG,municipio
alagoa,MG,Alagoa,MG,municipio
albertina,MG,Albertina,MG,municipio
alberto isaacson,MG,Martinho Campos,MG,distrito
aldeia,MG,Cuparaque,MG,distrito
alegria,MG,Simonésia,MG,distrito
alem paraiba,MG,Além Paraíba,MG,municipio
alexandrita,MG,Iturama,MG,distrito
alfenas,MG,Alfenas,MG,municipio
alfredo vasconcelos,MG,Alfredo Vasconcelos,MG,municipio
almenara,MG,Almenara,MG,municipio
alpercata,MG,Alpercata,MG,municipio
alpinopolis,MG,Alpinópolis,MG,municipio
alpinópolis,MG,Alpinópolis,MG,municipio
alterosa,MG,Alterosa,MG,municipio
alto caparao,MG,Alto Caparaó,MG,municipio
alto caparaó,MG,Alto Caparaó,MG,municipio
alto jequitiba,MG,Alto Jequitibá,MG,municipio
alto jequitibá,MG,Alto Jequitibá,MG,municipio
alto maranhao,MG,Congonhas,MG,distrito
alto rio doce,MG,Alto Rio Doce,MG,municipio
alvacao,MG,Coração de Jesus,MG,distrito
alvarenga,MG,Alvarenga,MG,municipio
alvinopolis,MG,Alvinópolis,MG,municipio
alvinópolis,MG,Alvinópolis,MG,municipio
alvorada,MG,Carangola,MG,distrito
alvorada de minas,MG,Alvorada de Minas,MG,municipio
além paraíba,MG,Além Paraíba,MG,municipio
amanhece,MG,Araguari,MG,distrito
amarantina,MG,Ouro Preto,MG,distrito
amparo da serra,MG,Amparo do Serra,MG,fuzzy
andradas,MG,Andradas,MG,municipio
andrelandia,MG,Andrelândia,MG,municipio
andrelândia,MG,Andrelândia,MG,municipio
andrequice,MG,Três Marias,MG,distrito
angelandia,MG,Angelândia,MG,municipio
angelândia,MG,Angelândia,MG,municipio
anguereta,MG,Curvelo,MG,distrito
angustura,MG,Além Paraíba,MG,distrito
antonio carlos,MG,Antônio Carlos,MG,municipio
antonio dias,MG,Antônio Dias,MG,municipio
antonio pereira,MG,Ouro Preto,MG,distrito
antonio prado de minas,MG,Antônio Prado de Minas,MG,municipio
antunes,MG,Igaratinga,MG,distrito
antunes (igaratinga),MG,Igaratinga,MG,viacep
antônio carlos,MG,Antônio Carlos,MG,municipio
antônio dias,MG,Antônio Dias,MG,municipio
antônio pereira,MG,Ouro Preto,MG,distrito
antônio prado de minas,MG,Antônio Prado de Minas,MG,municipio
aparecida de minas,MG,Frutal,MG,distrito
aracai,MG,Araçaí,MG,municipio
aracitaba,MG,Aracitaba,MG,municipio
aracuai,MG,Araçuaí,MG,municipio
araguari,MG,Araguari,MG,municipio
arantina,MG,Arantina,MG,municipio
araponga,MG,Araponga,MG,municipio
arapora,MG,Araporã,MG,municipio
araporã,MG,Araporã,MG,municipio
arapua,MG,Arapuá,MG,municipio
arapuá,MG,Arapuá,MG,municipio
araujos,MG,Araújos,MG,municipio
araxa,MG,Araxá,MG,municipio
araxá,MG,Araxá,MG,municipio
araçaí,MG,Araçaí,MG,municipio
araçuaí,MG,Araçuaí,MG,municipio
araújos,MG,Araújos,MG,municipio
arceburgo,MG,Arceburgo,MG,municipio
arcos,MG,Arcos,MG,municipio
areado,MG,Areado,MG,municipio
argirita,MG,Argirita,MG,municipio
aricanduva,MG,Aricanduva,MG,municipio
arinos,MG,Arinos,MG,municipio
astolfo dutra,MG,Astolfo Dutra,MG,municipio
ataleia,MG,Ataléia,MG,municipio
ataléia,MG,Ataléia,MG,municipio
augusto de lima,MG,Augusto de Lima,MG,municipio
avaí do jacinto,MG,Jacinto,MG,distrito
azurita,MG,Mateus Leme,MG,distrito
açucena,MG,Açucena,MG,municipio
baependi,MG,Baependi,MG,municipio
baguari,MG,Governador Valadares,MG,distrito
baldim,MG,Baldim,MG,municipio
bambui,MG,Bambuí,MG,municipio
bambuí,MG,Bambuí,MG,municipio
bandeira,MG,Bandeira,MG,municipio
bandeira do sul,MG,Bandeira do Sul,MG,municipio
bandeirantes,MG,Mariana,MG,distrito
barao de cocais,MG,Barão de Cocais,MG,municipio
barao de monte alto,MG,Barão do Monte Alto,MG,fuzzy
barbacena,MG,Barbacena,MG,municipio
barbacena/ minas gerais,MG,Barbacena,MG,manual_review
barra do ariranha,MG,Mantena,MG,distrito
barra do cuiete,MG,Conselheiro Pena,MG,distrito
barra feliz,MG,Santa Bárbara,MG,distrito
barra longa,MG,Barra Longa,MG,municipio
barreiro branco,MG,Catuti,MG,distrito
barroso,MG,Barroso,MG,municipio
barão de cocais,MG,Barão de Cocais,MG,municipio
barão de monte alto,MG,Barão do Monte Alto,MG,fuzzy
bela vista de minas,MG,Bela Vista de Minas,MG,municipio
belmiro braga,MG,Belmiro Braga,MG,municipio
belo horizont,MG,Belo Horizonte,MG,fuzzy
belo horizonta,MG,Belo Horizonte,MG,fuzzy
belo horizonte,MG,Belo Horizonte,MG,municipio
belo oriente,MG,Belo Oriente,MG,municipio
belo vale,MG,Belo Vale,MG,municipio
bentópolis de minas,MG,Ubaí,MG,distrito
berilo,MG,Berilo,MG,municipio
berizal,MG,Berizal,MG,municipio
bertopolis,MG,Bertópolis,MG,municipio
bertópolis,MG,Bertópolis,MG,municipio
betim,MG,Betim,MG,municipio
bh,MG,Belo Horizonte,MG,viacep
bias fortes,MG,Bias Fortes,MG,municipio
bicas,MG,Bicas,MG,municipio
bicuiba,MG,Raul Soares,MG,distrito
biquinhas,MG,Biquinhas,MG,municipio
boa esperanca,MG,Boa Esperança,MG,municipio
boa esperança,MG,Boa Esperança,MG,municipio
boa uniao de itabirinha,MG,Itabirinha,MG,distrito
boa união de itabirinha,MG,Itabirinha,MG,distrito
boa vista de minas,MG,Nova Serrana,MG,distrito
bocaina de minas,MG,Bocaina de Minas,MG,municipio
bocaiuva,MG,Bocaiúva,MG,municipio
bocaiúva,MG,Bocaiúva,MG,municipio
bom despacho,MG,Bom Despacho,MG,municipio
bom jardim de minas,MG,Bom Jardim de Minas,MG,municipio
bom jesus da penha,MG,Bom Jesus da Penha,MG,municipio
bom jesus do amparo,MG,Bom Jesus do Amparo,MG,municipio
bom jesus do galho,MG,Bom Jesus do Galho,MG,municipio
bom repouso,MG,Bom Repouso,MG,municipio
bom sucesso,MG,Bom Sucesso,MG,municipio
bonfim,MG,Bonfim,MG,municipio
bonfinopolis de minas,MG,Bonfinópolis de Minas,MG,municipio
bonfinópolis de minas,MG,Bonfinópolis de Minas,MG,municipio
bonito de minas,MG,Bonito de Minas,MG,municipio
borda da mata,MG,Borda da Mata,MG,municipio
botelhos,MG,Botelhos,MG,municipio
botumirim,MG,Botumirim,MG,municipio
bras pires,MG,Brás Pires,MG,municipio
brasilandia de minas,MG,Brasilândia de Minas,MG,municipio
brasilia de minas,MG,Brasília de Minas,MG,municipio
brasilândia de minas,MG,Brasilândia de Minas,MG,municipio
brasopolis,MG,Brazópolis,MG,fuzzy
brasília de minas,MG,Brasília de Minas,MG,municipio
brasópolis,MG,Brazópolis,MG,fuzzy
braunas,MG,Braúnas,MG,municipio
brazopolis,MG,Brazópolis,MG,municipio
brazópolis,MG,Brazópolis,MG,municipio
braúnas,MG,Braúnas,MG,municipio
brejo bonito,MG,Cruzeiro da Fortaleza,MG,distrito
brumadinho,MG,Brumadinho,MG,municipio
brás pires,MG,Brás Pires,MG,municipio
bueno brandao,MG,Bueno Brandão,MG,municipio
bueno brandão,MG,Bueno Brandão,MG,municipio
buenopolis,MG,Buenópolis,MG,municipio
buenópolis,MG,Buenópolis,MG,municipio
bugre,MG,Bugre,MG,municipio
buritis,MG,Buritis,MG,municipio
buritizeiro,MG,Buritizeiro,MG,municipio
cabeceira grande,MG,Cabeceira Grande,MG,municipio
cabo verde,MG,Cabo Verde,MG,municipio
cacaratiba,MG,Turmalina,MG,distrito
cacarema,MG,Capitão Enéas,MG,distrito
cachoeira alegre,MG,Barão do Monte Alto,MG,distrito
cachoeira da prata,MG,Cachoeira da Prata,MG,municipio
cachoeira de minas,MG,Cachoeira de Minas,MG,municipio
cachoeira de pajeu,MG,Cachoeira de Pajeú,MG,municipio
cachoeira de pajeú,MG,Cachoeira de Pajeú,MG,municipio
cachoeira de santa cruz,MG,Viçosa,MG,distrito
cachoeira do brumado,MG,Mariana,MG,distrito
cachoeira do campo,MG,Ouro Preto,MG,distrito
cachoeira dourada,MG,Cachoeira Dourada,MG,municipio
caetanopolis,MG,Caetanópolis,MG,municipio
caetanópolis,MG,Caetanópolis,MG,municipio
caete,MG,Caeté,MG,municipio
caeté,MG,Caeté,MG,municipio
caiana,MG,Caiana,MG,municipio
cajuri,MG,Cajuri,MG,municipio
caldas,MG,Caldas,MG,municipio
calixto,MG,Resplendor,MG,distrito
camacho,MG,Camacho,MG,municipio
camanducaia,MG,Camanducaia,MG,municipio
cambui,MG,Cambuí,MG,municipio
cambuquira,MG,Cambuquira,MG,municipio
cambuí,MG,Cambuí,MG,municipio
campanario,MG,Campanário,MG,municipio
campanha,MG,Campanha,MG,municipio
campanário,MG,Campanário,MG,municipio
campestre,MG,Campestre,MG,municipio
campina verde,MG,Campina Verde,MG,municipio
campo alegre de minas,MG,Ibiracatu,MG,distrito
campo azul,MG,Campo Azul,MG,municipio
campo belo,MG,Campo Belo,MG,municipio
campo do meio,MG,Campo do Meio,MG,municipio
campo florido,MG,Campo Florido,MG,municipio
campos altos,MG,Campos Altos,MG,municipio
campos gerais,MG,Campos Gerais,MG,municipio
cana verde,MG,Cana Verde,MG,municipio
canaa,MG,Canaã,MG,municipio
canabrava,MG,Francisco Sá,MG,distrito
canapolis,MG,Canápolis,MG,municipio
canaã,MG,Canaã,MG,municipio
candeias,MG,Candeias,MG,municipio
cantagalo,MG,Cantagalo,MG,municipio
canápolis,MG,Canápolis,MG,municipio
caparao,MG,Caparaó,MG,municipio
caparaó,MG,Caparaó,MG,municipio
capela nova,MG,Capela Nova,MG,municipio
capelinha,MG,Capelinha,MG,municipio
capetinga,MG,Capetinga,MG,municipio
capim branco,MG,Capim Branco,MG,municipio
capinopolis,MG,Capinópolis,MG,municipio
capinópolis,MG,Capinópolis,MG,municipio
capitao andrade,MG,Capitão Andrade,MG,municipio
capitao eneas,MG,Capitão Enéas,MG,municipio
capitolio,MG,Capitólio,MG,municipio
capitão andrade,MG,Capitão Andrade,MG,municipio
capitão enéas,MG,Capitão Enéas,MG,municipio
capitólio,MG,Capitólio,MG,municipio
caputira,MG,Caputira,MG,municipio
carai,MG,Caraí,MG,municipio
caranaiba,MG,Caranaíba,MG,municipio
caranaíba,MG,Caranaíba,MG,municipio
carandai,MG,Carandaí,MG,municipio
carandaí,MG,Carandaí,MG,municipio
carangola,MG,Carangola,MG,municipio
caratinga,MG,Caratinga,MG,municipio
caraí,MG,Caraí,MG,municipio
carbonita,MG,Carbonita,MG,municipio
careacu,MG,Careaçu,MG,municipio
careaçu,MG,Careaçu,MG,municipio
carlos chagas,MG,Carlos Chagas,MG,municipio
carmesia,MG,Carmésia,MG,municipio
carmo da cachoeira,MG,Carmo da Cachoeira,MG,municipio
carmo da mata,MG,Carmo da Mata,MG,municipio
carmo de minas,MG,Carmo de Minas,MG,municipio
carmo do cajuru,MG,Carmo do Cajuru,MG,municipio
carmo do paranaiba,MG,Carmo do Paranaíba,MG,municipio
carmo do paranaíba,MG,Carmo do Paranaíba,MG,municipio
carmo do rio claro,MG,Carmo do Rio Claro,MG,municipio
carmopolis de minas,MG,Carmópolis de Minas,MG,municipio
carmésia,MG,Carmésia,MG,municipio
carmópolis de minas,MG,Carmópolis de Minas,MG,municipio
carneirinho,MG,Carneirinho,MG,municipio
carrancas,MG,Carrancas,MG,municipio
carvalhopolis,MG,Carvalhópolis,MG,municipio
carvalhos,MG,Carvalhos,MG,municipio
carvalhópolis,MG,Carvalhópolis,MG,municipio
casa grande,MG,Casa Grande,MG,municipio
cascalho rico,MG,Cascalho Rico,MG,municipio
cassia,MG,Cássia,MG,municipio
castro pires,MG,Teófilo Otoni,MG,manual_review
cataguarino,MG,Cataguases,MG,distrito
cataguases,MG,Cataguases,MG,municipio
catas altas,MG,Catas Altas,MG,municipio
catas altas da noruega,MG,Catas Altas da Noruega,MG,municipio
catuji,MG,Catuji,MG,municipio
catune,MG,Tombos,MG,distrito
catuni,MG,Francisco Sá,MG,distrito
catuti,MG,Catuti,MG,municipio
caxambu,MG,Caxambu,MG,municipio
caçarema,MG,Capitão Enéas,MG,distrito
cedro do abaete,MG,Cedro do Abaeté,MG,municipio
central de minas,MG,Central de Minas,MG,municipio
central de santa helena,MG,Divino das Laranjeiras,MG,distrito
centralina,MG,Centralina,MG,municipio
centro,MG,Pará de Minas,MG,manual_review
chacara,MG,Chácara,MG,municipio
chale,MG,Chalé,MG,municipio
chalé,MG,Chalé,MG,municipio
chapada do norte,MG,Chapada do Norte,MG,municipio
chapada gaucha,MG,Chapada Gaúcha,MG,municipio
chapada gaúcha,MG,Chapada Gaúcha,MG,municipio
chaveslandia,MG,Santa Vitória,MG,distrito
chiador,MG,Chiador,MG,municipio
chonim,MG,Governador Valadares,MG,viacep
chácara,MG,Chácara,MG,municipio
cipotanea,MG,Cipotânea,MG,municipio
cipotânea,MG,Cipotânea,MG,municipio
cisneiros,MG,Palma,MG,distrito
claraval,MG,Claraval,MG,municipio
claro dos pocoes,MG,Claro dos Poções,MG,municipio
claro dos poções,MG,Claro dos Poções,MG,municipio
claudio,MG,Cláudio,MG,municipio
claudio manuel,MG,Mariana,MG,distrito
cláudio,MG,Cláudio,MG,municipio
cocais,MG,Barão de Cocais,MG,distrito
coimbra,MG,Coimbra,MG,municipio
coluna,MG,Coluna,MG,municipio
comendador gomes,MG,Comendador Gomes,MG,municipio
comercinho,MG,Comercinho,MG,municipio
conceicao da aparecida,MG,Conceição da Aparecida,MG,municipio
conceicao da barra de minas,MG,Conceição da Barra de Minas,MG,municipio
conceicao da ibitipoca,MG,Lima Duarte,MG,distrito
conceicao das alagoas,MG,Conceição das Alagoas,MG,municipio
conceicao das pedras,MG,Conceição das Pedras,MG,municipio
conceicao de ipanema,MG,Conceição de Ipanema,MG,municipio
conceicao do capim,MG,Aimorés,MG,distrito
conceicao do formoso,MG,Santos Dumont,MG,distrito
conceicao do mato dentro,MG,Conceição do Mato Dentro,MG,municipio
conceicao do para,MG,Conceição do Pará,MG,municipio
conceicao do rio verde,MG,Conceição do Rio Verde,MG,municipio
conceicao dos ouros,MG,Conceição dos Ouros,MG,municipio
conceição da aparecida,MG,Conceição da Aparecida,MG,municipio
conceição da barra de minas,MG,Conceição da Barra de Minas,MG,municipio
conceição das alagoas,MG,Conceição das Alagoas,MG,municipio
conceição das pedras,MG,Conceição das Pedras,MG,municipio
conceição de tronqueiras,MG,Coroaci,MG,distrito
conceição do capim,MG,Aimorés,MG,distrito
conceição do mato dentro,MG,Conceição do Mato Dentro,MG,municipio
conceição do pará,MG,Conceição do Pará,MG,municipio
conceição do rio verde,MG,Conceição do Rio Verde,MG,municipio
conceição dos ouros,MG,Conceição dos Ouros,MG,municipio
concordia de mucuri,MG,Ladainha,MG,viacep
conego marinho,MG,Cônego Marinho,MG,municipio
confins,MG,Confins,MG,municipio
congonhal,MG,Congonhal,MG,municipio
congonhas,MG,Congonhas,MG,municipio
congonhas do norte,MG,Congonhas do Norte,MG,municipio
conquista,MG,Conquista,MG,municipio
conselheiro lafaiete,MG,Conselheiro Lafaiete,MG,municipio
conselheiro pena,MG,Conselheiro Pena,MG,municipio
consolacao,MG,Consolação,MG,municipio
contagem,MG,Contagem,MG,municipio
coqueiral,MG,Coqueiral,MG,municipio
coracao de jesus,MG,Coração de Jesus,MG,municipio
coração de jesus,MG,Coração de Jesus,MG,municipio
cordisburgo,MG,Cordisburgo,MG,municipio
cordislandia,MG,Cordislândia,MG,municipio
corinto,MG,Corinto,MG,municipio
coroaci,MG,Coroaci,MG,municipio
coromandel,MG,Coromandel,MG,municipio
coronel fabriciano,MG,Coronel Fabriciano,MG,municipio
coronel murta,MG,Coronel Murta,MG,municipio
coronel pacheco,MG,Coronel Pacheco,MG,municipio
coronel xavier chaves,MG,Coronel Xavier Chaves,MG,municipio
corrego danta,MG,Córrego Danta,MG,municipio
corrego do bom jesus,MG,Córrego do Bom Jesus,MG,municipio
corrego do ouro,MG,Campos Gerais,MG,distrito
corrego fundo,MG,Córrego Fundo,MG,municipio
corrego novo,MG,Córrego Novo,MG,municipio
correia de almeida,MG,Barbacena,MG,distrito
correntinho,MG,Guanhães,MG,distrito
costas da mantiqueira,MG,Barbacena,MG,distrito
couto de magalhaes de minas,MG,Couto de Magalhães de Minas,MG,municipio
couto de magalhães de minas,MG,Couto de Magalhães de Minas,MG,municipio
crisolia,MG,Ouro Fino,MG,distrito
crisolita,MG,Crisólita,MG,municipio
cristais,MG,Cristais,MG,municipio
cristalia,MG,Cristália,MG,municipio
cristiano otoni,MG,Cristiano Otoni,MG,municipio
cristina,MG,Cristina,MG,municipio
cristália,MG,Cristália,MG,municipio
crucilandia,MG,Crucilândia,MG,municipio
crucilândia,MG,Crucilândia,MG,municipio
cruzeiro da fortaleza,MG,Cruzeiro da Fortaleza,MG,municipio
cruzilia,MG,Cruzília,MG,municipio
cruzília,MG,Cruzília,MG,municipio
cuite velho,MG,Conselheiro Pena,MG,viacep
cuparaque,MG,Cuparaque,MG,municipio
curral de dentro,MG,Curral de Dentro,MG,municipio
curvelo,MG,Curvelo,MG,municipio
cássia,MG,Cássia,MG,municipio
córrego danta,MG,Córrego Danta,MG,municipio
córrego do bom jesus,MG,Córrego do Bom Jesus,MG,municipio
córrego do ouro,MG,Campos Gerais,MG,distrito
córrego novo,MG,Córrego Novo,MG,municipio
datas,MG,Datas,MG,municipio
delfim moreira,MG,Delfim Moreira,MG,municipio
delfinopolis,MG,Delfinópolis,MG,municipio
delfinópolis,MG,Delfinópolis,MG,municipio
delta,MG,Delta,MG,municipio
descoberto,MG,Descoberto,MG,municipio
desembargador otoni,MG,Diamantina,MG,distrito
desterro de entre rios,MG,Desterro de Entre Rios,MG,municipio
desterro do melo,MG,Desterro do Melo,MG,municipio
diamantina,MG,Diamantina,MG,municipio
diogo de vasconcelos,MG,Diogo de Vasconcelos,MG,municipio
dionisio,MG,Dionísio,MG,municipio
dionísio,MG,Dionísio,MG,municipio
divinesia,MG,Divinésia,MG,municipio
divino,MG,Divino,MG,municipio
divino das laranjeiras,MG,Divino das Laranjeiras,MG,municipio
divino espirito santo,MG,Alterosa,MG,distrito
divino espírito santo,MG,Alterosa,MG,distrito
divinolandia de minas,MG,Divinolândia de Minas,MG,municipio
divinolândia de minas,MG,Divinolândia de Minas,MG,municipio
divinopolis,MG,Divinópolis,MG,municipio
divinésia,MG,Divinésia,MG,municipio
divinópolis,MG,Divinópolis,MG,municipio
divisa alegre,MG,Divisa Alegre,MG,municipio
divisa nova,MG,Divisa Nova,MG,municipio
divisopolis,MG,Divisópolis,MG,municipio
divisópolis,MG,Divisópolis,MG,municipio
dois de abril,MG,Palmópolis,MG,distrito
dom bosco,MG,Dom Bosco,MG,municipio
dom cavati,MG,Dom Cavati,MG,municipio
dom joaquim,MG,Dom Joaquim,MG,municipio
dom silverio,MG,Dom Silvério,MG,municipio
dom silvério,MG,Dom Silvério,MG,municipio
dom vicoso,MG,Dom Viçoso,MG,municipio
dona euzebia,MG,Dona Euzébia,MG,municipio
dona euzébia,MG,Dona Euzébia,MG,municipio
dores de campos,MG,Dores de Campos,MG,municipio
dores de guanhaes,MG,Dores de Guanhães,MG,municipio
dores de guanhães,MG,Dores de Guanhães,MG,municipio
dores do indaia,MG,Dores do Indaiá,MG,municipio
dores do indaiá,MG,Dores do Indaiá,MG,municipio
dores do paraibuna,MG,Santos Dumont,MG,distrito
dores do turvo,MG,Dores do Turvo,MG,municipio
doresopolis,MG,Doresópolis,MG,municipio
doresópolis,MG,Doresópolis,MG,municipio
douradoquara,MG,Douradoquara,MG,municipio
durande,MG,Durandé,MG,municipio
durandé,MG,Durandé,MG,municipio
eloi mendes,MG,Elói Mendes,MG,municipio
elói mendes,MG,Elói Mendes,MG,municipio
engenheiro caldas,MG,Engenheiro Caldas,MG,municipio
engenheiro navarro,MG,Engenheiro Navarro,MG,municipio
engenheiro schnoor,MG,Araçuaí,MG,distrito
engenho do ribeiro,MG,Bom Despacho,MG,distrito
entre folhas,MG,Entre Folhas,MG,municipio
entre rios de minas,MG,Entre Rios de Minas,MG,municipio
epaminondas otoni,MG,Carlos Chagas,MG,distrito
ervalia,MG,Ervália,MG,municipio
ervália,MG,Ervália,MG,municipio
esmeraldas,MG,Esmeraldas,MG,municipio
esmeraldas de ferros,MG,Ferros,MG,distrito
espera feliz,MG,Espera Feliz,MG,municipio
espinosa,MG,Espinosa,MG,municipio
espirito santo do dourado,MG,Espírito Santo do Dourado,MG,municipio
espírito santo do dourado,MG,Espírito Santo do Dourado,MG,municipio
esteios,MG,Luz,MG,distrito
estevao de araujo,MG,Araponga,MG,distrito
estiva,MG,Estiva,MG,municipio
estrela da barra,MG,Carneirinho,MG,distrito
estrela dalva,MG,Estrela Dalva,MG,municipio
estrela de jordania,MG,Jordânia,MG,distrito
estrela de jordânia,MG,Jordânia,MG,distrito
estrela do indaia,MG,Estrela do Indaiá,MG,municipio
estrela do indaiá,MG,Estrela do Indaiá,MG,municipio
estrela do sul,MG,Estrela do Sul,MG,municipio
eugenopolis,MG,Eugenópolis,MG,municipio
eugenópolis,MG,Eugenópolis,MG,municipio
ewbank da camara,MG,Ewbank da Câmara,MG,municipio
extrema,MG,Extrema,MG,municipio
fama,MG,Fama,MG,municipio
faria lemos,MG,Faria Lemos,MG,municipio
felicio dos santos,MG,Felício dos Santos,MG,municipio
felisburgo,MG,Felisburgo,MG,municipio
felixlandia,MG,Felixlândia,MG,municipio
felixlândia,MG,Felixlândia,MG,municipio
felício dos santos,MG,Felício dos Santos,MG,municipio
fernandes tourinho,MG,Fernandes Tourinho,MG,municipio
ferros,MG,Ferros,MG,municipio
ferruginha,MG,Conselheiro Pena,MG,distrito
fervedouro,MG,Fervedouro,MG,municipio
floresta,MG,Central de Minas,MG,distrito
florestal,MG,Florestal,MG,municipio
fonseca,MG,Alvinópolis,MG,distrito
formiga,MG,Formiga,MG,municipio
formoso,MG,Formoso,MG,municipio
fortaleza de minas,MG,Fortaleza de Minas,MG,municipio
fortuna de minas,MG,Fortuna de Minas,MG,municipio
francisco badaro,MG,Francisco Badaró,MG,municipio
francisco badaró,MG,Francisco Badaró,MG,municipio
francisco dumont,MG,Francisco Dumont,MG,municipio
francisco sa,MG,Francisco Sá,MG,municipio
francisco sá,MG,Francisco Sá,MG,municipio
franciscopolis,MG,Franciscópolis,MG,municipio
franciscópolis,MG,Franciscópolis,MG,municipio
frei gaspar,MG,Frei Gaspar,MG,municipio
frei inocencio,MG,Frei Inocêncio,MG,municipio
frei inocêncio,MG,Frei Inocêncio,MG,municipio
frei lagonegro,MG,Frei Lagonegro,MG,municipio
fronteira,MG,Fronteira,MG,municipio
fronteira dos vales,MG,Fronteira dos Vales,MG,municipio
fruta de leite,MG,Fruta de Leite,MG,municipio
frutal,MG,Frutal,MG,municipio
funilandia,MG,Funilândia,MG,municipio
funilândia,MG,Funilândia,MG,municipio
furquim,MG,Mariana,MG,distrito
galileia,MG,Galiléia,MG,municipio
galiléia,MG,Galiléia,MG,municipio
gameleiras,MG,Gameleiras,MG,municipio
glaucilandia,MG,Glaucilândia,MG,municipio
glaura,MG,Ouro Preto,MG,distrito
goiabal,MG,Governador Valadares,MG,distrito
goiabeira,MG,Goiabeira,MG,municipio
goiana,MG,Goianá,MG,municipio
goianá,MG,Goianá,MG,municipio
goncalves,MG,Gonçalves,MG,municipio
gonzaga,MG,Gonzaga,MG,municipio
gonçalves,MG,Gonçalves,MG,municipio
gororos,MG,Dom Joaquim,MG,distrito
gororós,MG,Dom Joaquim,MG,distrito
gouvea,MG,Gouveia,MG,fuzzy
gouveia,MG,Gouveia,MG,municipio
governador valadares,MG,Governador Valadares,MG,municipio
granada,MG,Abre Campo,MG,distrito
grao mogol,MG,Grão Mogol,MG,municipio
grota,MG,Jequeri,MG,distrito
grupiara,MG,Grupiara,MG,municipio
grão mogol,MG,Grão Mogol,MG,municipio
guaicui,MG,Várzea da Palma,MG,distrito
guanhaes,MG,Guanhães,MG,municipio
guanhães,MG,Guanhães,MG,municipio
guape,MG,Guapé,MG,municipio
guapé,MG,Guapé,MG,municipio
guaraciaba,MG,Guaraciaba,MG,municipio
guaraciama,MG,Guaraciama,MG,municipio
guaranesia,MG,Guaranésia,MG,municipio
guarani,MG,Guarani,MG,municipio
guaranésia,MG,Guaranésia,MG,municipio
guarara,MG,Guarará,MG,municipio
guarará,MG,Guarará,MG,municipio
guarda dos ferreiros,MG,São Gotardo,MG,distrito
guarda-mor,MG,Guarda-Mor,MG,municipio
guardinha,MG,São Sebastião do Paraíso,MG,distrito
guaxima,MG,Conquista,MG,distrito
guaxupe,MG,Guaxupé,MG,municipio
guaxupé,MG,Guaxupé,MG,municipio
guidoval,MG,Guidoval,MG,municipio
guimarania,MG,Guimarânia,MG,municipio
guimarânia,MG,Guimarânia,MG,municipio
guinda,MG,Diamantina,MG,distrito
guiricema,MG,Guiricema,MG,municipio
gurinhata,MG,Gurinhatã,MG,municipio
gurinhatã,MG,Gurinhatã,MG,municipio
heliodora,MG,Heliodora,MG,municipio
honorópolis,MG,Campina Verde,MG,distrito
iapu,MG,Iapu,MG,municipio
ibertioga,MG,Ibertioga,MG,municipio
ibia,MG,Ibiá,MG,municipio
ibiai,MG,Ibiaí,MG,municipio
ibiaí,MG,Ibiaí,MG,municipio
ibiracatu,MG,Ibiracatu,MG,municipio
ibiraci,MG,Ibiraci,MG,municipio
ibirite,MG,Ibirité,MG,municipio
ibirité,MG,Ibirité,MG,municipio
ibitira,MG,Martinho Campos,MG,distrito
ibitiura de minas,MG,Ibitiúra de Minas,MG,municipio
ibitiúra de minas,MG,Ibitiúra de Minas,MG,municipio
ibituruna,MG,Ibituruna,MG,municipio
ibiá,MG,Ibiá,MG,municipio
icarai de minas,MG,Icaraí de Minas,MG,municipio
icaraí de minas,MG,Icaraí de Minas,MG,municipio
igarape,MG,Igarapé,MG,municipio
igarapé,MG,Igarapé,MG,municipio
igaratinga,MG,Igaratinga,MG,municipio
iguatama,MG,Iguatama,MG,municipio
ijaci,MG,Ijaci,MG,municipio
ilicinea,MG,Ilicínea,MG,municipio
ilicínea,MG,Ilicínea,MG,municipio
imbe de minas,MG,Imbé de Minas,MG,municipio
imbé de minas,MG,Imbé de Minas,MG,municipio
inconfidentes,MG,Inconfidentes,MG,municipio
indaiabira,MG,Indaiabira,MG,municipio
independencia,MG,Resplendor,MG,distrito
indianopolis,MG,Indianópolis,MG,municipio
indianópolis,MG,Indianópolis,MG,municipio
ingai,MG,Ingaí,MG,municipio
ingaí,MG,Ingaí,MG,municipio
inhapim,MG,Inhapim,MG,municipio
inhauma,MG,Inhaúma,MG,municipio
inhaúma,MG,Inhaúma,MG,municipio
inimutaba,MG,Inimutaba,MG,municipio
ipaba,MG,Ipaba,MG,municipio
ipanema,MG,Ipanema,MG,municipio
ipatinga,MG,Ipatinga,MG,municipio
ipiacu,MG,Ipiaçu,MG,municipio
ipiaçu,MG,Ipiaçu,MG,municipio
ipoema,MG,Itabira,MG,distrito
ipuiuna,MG,Ipuiúna,MG,municipio
ipuiúna,MG,Ipuiúna,MG,municipio
irai de minas,MG,Iraí de Minas,MG,municipio
iraí de minas,MG,Iraí de Minas,MG,municipio
itabira,MG,Itabira,MG,municipio
itabirinha,MG,Itabirinha,MG,municipio
itabirinha de mantena,MG,Itabirinha,MG,viacep
itabirito,MG,Itabirito,MG,municipio
itacambira,MG,Itacambira,MG,municipio
itacarambi,MG,Itacarambi,MG,municipio
itaguara,MG,Itaguara,MG,municipio
itaim,MG,Cachoeira de Minas,MG,distrito
itaipe,MG,Itaipé,MG,municipio
itaipé,MG,Itaipé,MG,municipio
itajuba,MG,Itajubá,MG,municipio
itajubá,MG,Itajubá,MG,municipio
itamarandiba,MG,Itamarandiba,MG,municipio
itamarati de minas,MG,Itamarati de Minas,MG,municipio
itambacuri,MG,Itambacuri,MG,municipio
itambe do mato dentro,MG,Itambé do Mato Dentro,MG,municipio
itambé do mato dentro,MG,Itambé do Mato Dentro,MG,municipio
itamogi,MG,Itamogi,MG,municipio
itamonte,MG,Itamonte,MG,municipio
itanhandu,MG,Itanhandu,MG,municipio
itanhomi,MG,Itanhomi,MG,municipio
itaobim,MG,Itaobim,MG,municipio
itapagipe,MG,Itapagipe,MG,municipio
itapecerica,MG,Itapecerica,MG,municipio
itapeva,MG,Itapeva,MG,municipio
itapiru,MG,Rubim,MG,distrito
itapirucu,MG,Palma,MG,distrito
itatiaiucu,MG,Itatiaiuçu,MG,municipio
itatiaiuçu,MG,Itatiaiuçu,MG,municipio
itau de minas,MG,Itaú de Minas,MG,municipio
itauna,MG,Itaúna,MG,municipio
itaverava,MG,Itaverava,MG,municipio
itaú de minas,MG,Itaú de Minas,MG,municipio
itaúna,MG,Itaúna,MG,municipio
itinga,MG,Itinga,MG,municipio
itueta,MG,Itueta,MG,municipio
ituiutaba,MG,Ituiutaba,MG,municipio
itumirim,MG,Itumirim,MG,municipio
iturama,MG,Iturama,MG,municipio
itutinga,MG,Itutinga,MG,municipio
jaboticatubas,MG,Jaboticatubas,MG,municipio
jacinto,MG,Jacinto,MG,municipio
jacui,MG,Jacuí,MG,municipio
jacutinga,MG,Jacutinga,MG,municipio
jacuí,MG,Jacuí,MG,municipio
jaguaracu,MG,Jaguaraçu,MG,municipio
jaiba,MG,Jaíba,MG,municipio
jampruca,MG,Jampruca,MG,municipio
janauba,MG,Janaúba,MG,municipio
janaúba,MG,Janaúba,MG,municipio
januaria,MG,Januária,MG,municipio
januária,MG,Januária,MG,municipio
japaraiba,MG,Japaraíba,MG,municipio
japaraíba,MG,Japaraíba,MG,municipio
japonvar,MG,Japonvar,MG,municipio
jaíba,MG,Jaíba,MG,municipio
jeceaba,MG,Jeceaba,MG,municipio
jenipapo de minas,MG,Jenipapo de Minas,MG,municipio
jequeri,MG,Jequeri,MG,municipio
jequitai,MG,Jequitaí,MG,municipio
jequitaí,MG,Jequitaí,MG,municipio
jequitiba,MG,Jequitibá,MG,municipio
jequitibá,MG,Jequitibá,MG,municipio
jequitinhonha,MG,Jequitinhonha,MG,municipio
jesuania,MG,Jesuânia,MG,municipio
jesuânia,MG,Jesuânia,MG,municipio
joaima,MG,Joaíma,MG,municipio
joanesia,MG,Joanésia,MG,municipio
joanésia,MG,Joanésia,MG,municipio
joao monlevade,MG,João Monlevade,MG,municipio
joao pinheiro,MG,João Pinheiro,MG,municipio
joaquim felicio,MG,Joaquim Felício,MG,municipio
joaquim felício,MG,Joaquim Felício,MG,municipio
joaíma,MG,Joaíma,MG,municipio
jordania,MG,Jordânia,MG,municipio
jordânia,MG,Jordânia,MG,municipio
jose goncalves de minas,MG,José Gonçalves de Minas,MG,municipio
jose raydan,MG,José Raydan,MG,municipio
josenopolis,MG,Josenópolis,MG,municipio
josé gonçalves de minas,MG,José Gonçalves de Minas,MG,municipio
josé raydan,MG,José Raydan,MG,municipio
joão monlevade,MG,João Monlevade,MG,municipio
joão pinheiro,MG,João Pinheiro,MG,municipio
juatuba,MG,Juatuba,MG,municipio
juiz de fora,MG,Juiz de Fora,MG,municipio
juramento,MG,Juramento,MG,municipio
juruaia,MG,Juruaia,MG,municipio
juvenilia,MG,Juvenília,MG,municipio
juvenília,MG,Juvenília,MG,municipio
juíz de fora,MG,Juiz de Fora,MG,municipio
ladainha,MG,Ladainha,MG,municipio
lagamar,MG,Lagamar,MG,municipio
lagoa da prata,MG,Lagoa da Prata,MG,municipio
lagoa dos patos,MG,Lagoa dos Patos,MG,municipio
lagoa dourada,MG,Lagoa Dourada,MG,municipio
lagoa formosa,MG,Lagoa Formosa,MG,municipio
lagoa grande,MG,Lagoa Grande,MG,municipio
lagoa santa,MG,Lagoa Santa,MG,municipio
lajinha,MG,Lajinha,MG,municipio
lambari,MG,Lambari,MG,municipio
lamim,MG,Lamim,MG,municipio
lamounier,MG,Itapecerica,MG,distrito
laranjal,MG,Laranjal,MG,municipio
lassance,MG,Lassance,MG,municipio
lavras,MG,Lavras,MG,municipio
lavras mg,MG,Lavras,MG,fuzzy
lavras novas,MG,Ouro Preto,MG,distrito
leandro ferreira,MG,Leandro Ferreira,MG,municipio
leme do prado,MG,Leme do Prado,MG,municipio
leopoldina,MG,Leopoldina,MG,municipio
liberdade,MG,Liberdade,MG,municipio
lima duarte,MG,Lima Duarte,MG,municipio
limeira d oeste,MG,Limeira do Oeste,MG,fuzzy
limeira de mantena,MG,Mantena,MG,distrito
limeira do oeste,MG,Limeira do Oeste,MG,municipio
limeira do oeste mg,MG,Limeira do Oeste,MG,fuzzy
lontra,MG,Lontra,MG,municipio
luisburgo,MG,Luisburgo,MG,municipio
luislandia,MG,Luislândia,MG,municipio
luislândia,MG,Luislândia,MG,municipio
luiz pires de minas,MG,Coração de Jesus,MG,distrito
luizlandia do oeste,MG,João Pinheiro,MG,distrito
luizlândia do oeste,MG,João Pinheiro,MG,distrito
luminarias,MG,Luminárias,MG,municipio
luminosa,MG,Brazópolis,MG,distrito
luminárias,MG,Luminárias,MG,municipio
luz,MG,Luz,MG,municipio
machacalis,MG,Machacalis,MG,municipio
machado,MG,Machado,MG,municipio
macuco,MG,Muriaé,MG,manual_review
macuco de minas,MG,Itumirim,MG,distrito
madre de deus de minas,MG,Madre de Deus de Minas,MG,municipio
major porto,MG,Patos de Minas,MG,distrito
malacacheta,MG,Malacacheta,MG,municipio
mamonas,MG,Mamonas,MG,municipio
manga,MG,Manga,MG,municipio
manhuacu,MG,Manhuaçu,MG,municipio
manhuaçu,MG,Manhuaçu,MG,municipio
manhumirim,MG,Manhumirim,MG,municipio
mantena,MG,Mantena,MG,municipio
mantiqueira do palmital,MG,Barbacena,MG,distrito
mar de espanha,MG,Mar de Espanha,MG,municipio
marambainha,MG,Caraí,MG,distrito
maravilhas,MG,Maravilhas,MG,municipio
maria da fe,MG,Maria da Fé,MG,municipio
maria da fé,MG,Maria da Fé,MG,municipio
mariana,MG,Mariana,MG,municipio
marilac,MG,Marilac,MG,municipio
mario campos,MG,Mário Campos,MG,municipio
maripa de minas,MG,Maripá de Minas,MG,municipio
marlieria,MG,Marliéria,MG,municipio
marliéria,MG,Marliéria,MG,municipio
marmelopolis,MG,Marmelópolis,MG,municipio
marmelópolis,MG,Marmelópolis,MG,municipio
martinesia,MG,Uberlândia,MG,distrito
martinho campos,MG,Martinho Campos,MG,municipio
martins guimaraes,MG,Lagoa da Prata,MG,distrito
martins soares,MG,Martins Soares,MG,municipio
mata verde,MG,Mata Verde,MG,municipio
materlandia,MG,Materlândia,MG,municipio
materlândia,MG,Materlândia,MG,municipio
mateus leme,MG,Mateus Leme,MG,municipio
mathias lobato,MG,Mathias Lobato,MG,municipio
matias barbosa,MG,Matias Barbosa,MG,municipio
matias cardoso,MG,Matias Cardoso,MG,municipio
matipo,MG,Matipó,MG,municipio
matipó,MG,Matipó,MG,municipio
mato verde,MG,Mato Verde,MG,municipio
matozinhos,MG,Matozinhos,MG,municipio
matutina,MG,Matutina,MG,municipio
medeiros,MG,Medeiros,MG,municipio
medina,MG,Medina,MG,municipio
melo viana,MG,Esmeraldas,MG,distrito
mendes pimentel,MG,Mendes Pimentel,MG,municipio
mendonca,MG,Veredinha,MG,distrito
merces,MG,Mercês,MG,municipio
merces de agua limpa,MG,São Tiago,MG,distrito
mercês,MG,Mercês,MG,municipio
mercês de água limpa,MG,São Tiago,MG,distrito
mesquita,MG,Mesquita,MG,municipio
milho verde,MG,Serro,MG,distrito
minas gerais,MG,Campo do Meio,MG,viacep
minas novas,MG,Minas Novas,MG,municipio
minduri,MG,Minduri,MG,municipio
mirabela,MG,Mirabela,MG,municipio
miradouro,MG,Miradouro,MG,municipio
mirai,MG,Miraí,MG,municipio
miravania,MG,Miravânia,MG,municipio
miraí,MG,Miraí,MG,municipio
mocambeiro,MG,Matozinhos,MG,distrito
moeda,MG,Moeda,MG,municipio
moema,MG,Moema,MG,municipio
monjolos,MG,Monjolos,MG,municipio
monsenhor horta,MG,Mariana,MG,distrito
monsenhor joao alexandre,MG,Cláudio,MG,distrito
monsenhor paulo,MG,Monsenhor Paulo,MG,municipio
montalvania,MG,Montalvânia,MG,municipio
montalvânia,MG,Montalvânia,MG,municipio
monte alegre de minas,MG,Monte Alegre de Minas,MG,municipio
monte azul,MG,Monte Azul,MG,municipio
monte belo,MG,Monte Belo,MG,municipio
monte carmelo,MG,Monte Carmelo,MG,municipio
monte formoso,MG,Monte Formoso,MG,municipio
monte santo de minas,MG,Monte Santo de Minas,MG,municipio
monte siao,MG,Monte Sião,MG,municipio
monte sião,MG,Monte Sião,MG,municipio
monte verde,MG,Camanducaia,MG,distrito
montes claros,MG,Montes Claros,MG,municipio
montezuma,MG,Montezuma,MG,municipio
morada nova de minas,MG,Morada Nova de Minas,MG,municipio
morro da garca,MG,Morro da Garça,MG,municipio
morro do ferro,MG,Oliveira,MG,distrito
morro do pilar,MG,Morro do Pilar,MG,municipio
morro vermelho,MG,Caeté,MG,distrito
mucuri,MG,Teófilo Otoni,MG,distrito
munhoz,MG,Munhoz,MG,municipio
muriae,MG,Muriaé,MG,municipio
muriaé,MG,Muriaé,MG,municipio
mutum,MG,Mutum,MG,municipio
muzambinho,MG,Muzambinho,MG,municipio
mário campos,MG,Mário Campos,MG,municipio
nacip raydan,MG,Nacip Raydan,MG,municipio
nanuque,MG,Nanuque,MG,municipio
naque,MG,Naque,MG,municipio
naque-nanuque,MG,Açucena,MG,distrito
natalandia,MG,Natalândia,MG,municipio
natalândia,MG,Natalândia,MG,municipio
natercia,MG,Natércia,MG,municipio
natércia,MG,Natércia,MG,municipio
nazareno,MG,Nazareno,MG,municipio
nelson de sena,MG,São João Evangelista,MG,distrito
neolandia,MG,Itapecerica,MG,distrito
neolândia,MG,Itapecerica,MG,distrito
nepomuceno,MG,Nepomuceno,MG,municipio
ninheira,MG,Ninheira,MG,municipio
nova belem,MG,Nova Belém,MG,municipio
nova era,MG,Nova Era,MG,municipio
nova esperanca,MG,Montes Claros,MG,distrito
nova lima,MG,Nova Lima,MG,municipio
nova modica,MG,Nova Módica,MG,municipio
nova módica,MG,Nova Módica,MG,municipio
nova ponte,MG,Nova Ponte,MG,municipio
nova porteirinha,MG,Nova Porteirinha,MG,municipio
nova resende,MG,Nova Resende,MG,municipio
nova santa luzia,MG,Crisólita,MG,distrito
nova serrana,MG,Nova Serrana,MG,municipio
nova uniao,MG,Nova União,MG,municipio
nova união,MG,Nova União,MG,municipio
novo cruzeiro,MG,Novo Cruzeiro,MG,municipio
novo oriente de minas,MG,Novo Oriente de Minas,MG,municipio
novorizonte,MG,Novorizonte,MG,municipio
olaria,MG,Olaria,MG,municipio
olhos d'agua,MG,Olhos-d'Água,MG,fuzzy
olhos d'agua do oeste,MG,João Pinheiro,MG,distrito
olhos d'água,MG,Olhos-d'Água,MG,fuzzy
olhos-d agua,MG,Olhos-d'Água,MG,fuzzy
olimpio noronha,MG,Olímpio Noronha,MG,municipio
oliveira,MG,Oliveira,MG,municipio
oliveira fortes,MG,Oliveira Fortes,MG,municipio
olímpio noronha,MG,Olímpio Noronha,MG,municipio
onca de pitangui,MG,Onça de Pitangui,MG,municipio
oratorios,MG,Oratórios,MG,municipio
oratórios,MG,Oratórios,MG,municipio
orizania,MG,Orizânia,MG,municipio
orizânia,MG,Orizânia,MG,municipio
ouro branco,MG,Ouro Branco,MG,municipio
ouro fino,MG,Ouro Fino,MG,municipio
ouro preto,MG,Ouro Preto,MG,municipio
ouro verde de minas,MG,Ouro Verde de Minas,MG,municipio
padre carvalho,MG,Padre Carvalho,MG,municipio
padre fialho,MG,Matipó,MG,distrito
padre paraiso,MG,Padre Paraíso,MG,municipio
padre paraíso,MG,Padre Paraíso,MG,municipio
pai pedro,MG,Pai Pedro,MG,municipio
paineiras,MG,Paineiras,MG,municipio
pains,MG,Pains,MG,municipio
paiva,MG,Paiva,MG,municipio
palma,MG,Palma,MG,municipio
palmeiral,MG,Botelhos,MG,distrito
palmital de minas,MG,Cabeceira Grande,MG,distrito
palmopolis,MG,Palmópolis,MG,municipio
palmópolis,MG,Palmópolis,MG,municipio
papagaios,MG,Papagaios,MG,municipio
para de minas,MG,Pará de Minas,MG,municipio
paracatu,MG,Paracatu,MG,municipio
paraguacu,MG,Paraguaçu,MG,municipio
paraguaçu,MG,Paraguaçu,MG,municipio
paraisopolis,MG,Paraisópolis,MG,municipio
paraisópolis,MG,Paraisópolis,MG,municipio
paraopeba,MG,Paraopeba,MG,municipio
pará de minas,MG,Pará de Minas,MG,municipio
passa quatro,MG,Passa Quatro,MG,municipio
passa tempo,MG,Passa Tempo,MG,municipio
passa vinte,MG,Passa Vinte,MG,municipio
passabem,MG,Passabém,MG,municipio
passabém,MG,Passabém,MG,municipio
passagem de mariana,MG,Mariana,MG,distrito
passos,MG,Passos,MG,municipio
patis,MG,Patis,MG,municipio
patos de minas,MG,Patos de Minas,MG,municipio
patrocinio,MG,Patrocínio,MG,municipio
patrocinio do muriae,MG,Patrocínio do Muriaé,MG,municipio
patrocínio,MG,Patrocínio,MG,municipio
patrocínio do muriaé,MG,Patrocínio do Muriaé,MG,municipio
paula candido,MG,Paula Cândido,MG,municipio
paulistas,MG,Paulistas,MG,municipio
pavao,MG,Pavão,MG,municipio
pavão,MG,Pavão,MG,municipio
pecanha,MG,Peçanha,MG,municipio
pedra azul,MG,Pedra Azul,MG,municipio
pedra bonita,MG,Pedra Bonita,MG,municipio
pedra do anta,MG,Pedra do Anta,MG,municipio
pedra do indaia,MG,Pedra do Indaiá,MG,municipio
pedra do indaiá,MG,Pedra do Indaiá,MG,municipio
pedra dourada,MG,Pedra Dourada,MG,municipio
pedra menina,MG,Rio Vermelho,MG,distrito
pedralva,MG,Pedralva,MG,municipio
pedras de maria da cruz,MG,Pedras de Maria da Cruz,MG,municipio
pedrinopolis,MG,Pedrinópolis,MG,municipio
pedrinópolis,MG,Pedrinópolis,MG,municipio
pedro leopoldo,MG,Pedro Leopoldo,MG,municipio
pedro teixeira,MG,Pedro Teixeira,MG,municipio
pedro versiani,MG,Teófilo Otoni,MG,distrito
penha do capim,MG,Aimorés,MG,distrito
pequeri,MG,Pequeri,MG,municipio
pequi,MG,Pequi,MG,municipio
perdigao,MG,Perdigão,MG,municipio
perdigão,MG,Perdigão,MG,municipio
perdilandia,MG,Santa Vitória,MG,distrito
perdizes,MG,Perdizes,MG,municipio
perdoes,MG,Perdões,MG,municipio
perdões,MG,Perdões,MG,municipio
periquito,MG,Periquito,MG,municipio
perpetuo socorro,MG,Belo Oriente,MG,distrito
perpétuo socorro,MG,Belo Oriente,MG,distrito
pescador,MG,Pescador,MG,municipio
petunia,MG,Nova Resende,MG,distrito
peçanha,MG,Peçanha,MG,municipio
piacatuba,MG,Leopoldina,MG,distrito
piau,MG,Piau,MG,municipio
piedade de caratinga,MG,Piedade de Caratinga,MG,municipio
piedade de ponte nova,MG,Piedade de Ponte Nova,MG,municipio
piedade do paraopeba,MG,Brumadinho,MG,distrito
piedade do rio grande,MG,Piedade do Rio Grande,MG,municipio
piedade dos gerais,MG,Piedade dos Gerais,MG,municipio
pilar,MG,Patos de Minas,MG,distrito
pimenta,MG,Pimenta,MG,municipio
pingo-d agua,MG,Pingo-d'Água,MG,fuzzy
pingo-d'agua,MG,Pingo-d'Água,MG,municipio
pinheiro grosso,MG,Barbacena,MG,distrito
pinheiros altos,MG,Piranga,MG,distrito
pinhotiba,MG,Eugenópolis,MG,distrito
pintopolis,MG,Pintópolis,MG,municipio
pintópolis,MG,Pintópolis,MG,municipio
piracema,MG,Piracema,MG,municipio
pirajuba,MG,Pirajuba,MG,municipio
piranga,MG,Piranga,MG,municipio
pirangucu,MG,Piranguçu,MG,municipio
piranguinho,MG,Piranguinho,MG,municipio
pirapetinga,MG,Pirapetinga,MG,municipio
pirapora,MG,Pirapora,MG,municipio
pirauba,MG,Piraúba,MG,municipio
piraúba,MG,Piraúba,MG,municipio
pitangui,MG,Pitangui,MG,municipio
piumhi,MG,Piumhi,MG,municipio
piumhii,MG,Piumhi,MG,fuzzy
planura,MG,Planura,MG,municipio
poco fundo,MG,Poço Fundo,MG,municipio
pocoes de paineiras,MG,Paineiras,MG,distrito
pocos de caldas,MG,Poços de Caldas,MG,municipio
pocrane,MG,Pocrane,MG,municipio
pompeu,MG,Pompéu,MG,municipio
pompéu,MG,Pompéu,MG,municipio
ponte alta,MG,Uberaba,MG,viacep
ponte alta de minas,MG,Carangola,MG,distrito
ponte nova,MG,Ponte Nova,MG,municipio
ponto chique,MG,Ponto Chique,MG,municipio
ponto do marambaia,MG,Caraí,MG,distrito
ponto dos volantes,MG,Ponto dos Volantes,MG,municipio
porteirinha,MG,Porteirinha,MG,municipio
porto firme,MG,Porto Firme,MG,municipio
pote,MG,Poté,MG,municipio
poté,MG,Poté,MG,municipio
pouso alegre,MG,Pouso Alegre,MG,municipio
pouso alto,MG,Pouso Alto,MG,municipio
poço fundo,MG,Poço Fundo,MG,municipio
poços de caldas,MG,Poços de Caldas,MG,municipio
prados,MG,Prados,MG,municipio
prata,MG,Prata,MG,municipio
pratapolis,MG,Pratápolis,MG,municipio
pratinha,MG,Pratinha,MG,municipio
pratápolis,MG,Pratápolis,MG,municipio
presidente bernardes,MG,Presidente Bernardes,MG,municipio
presidente juscelino,MG,Presidente Juscelino,MG,municipio
presidente kubitschek,MG,Presidente Kubitschek,MG,municipio
presidente olegario,MG,Presidente Olegário,MG,municipio
presidente olegário,MG,Presidente Olegário,MG,municipio
presidente pena,MG,Carlos Chagas,MG,distrito
prudente de morais,MG,Prudente de Morais,MG,municipio
quartel geral,MG,Quartel Geral,MG,municipio
quatituba,MG,Itueta,MG,distrito
queixada,MG,Novo Cruzeiro,MG,distrito
queluzito,MG,Queluzito,MG,municipio
quintinos,MG,Carmo do Paranaíba,MG,distrito
raposos,MG,Raposos,MG,municipio
raul soares,MG,Raul Soares,MG,municipio
ravena,MG,Sabará,MG,distrito
realeza,MG,Manhuaçu,MG,distrito
realeza (manhuacu),MG,Manhuaçu,MG,manual_review
recreio,MG,Recreio,MG,municipio
reduto,MG,Reduto,MG,municipio
resende costa,MG,Resende Costa,MG,municipio
resplendor,MG,Resplendor,MG,municipio
ressaquinha,MG,Ressaquinha,MG,municipio
riachinho,MG,Riachinho,MG,municipio
riacho dos machados,MG,Riacho dos Machados,MG,municipio
ribeirao das neves,MG,Ribeirão das Neves,MG,municipio
ribeirao de sao domingos,MG,Santa Margarida,MG,distrito
ribeirao vermelho,MG,Ribeirão Vermelho,MG,municipio
ribeiro junqueira,MG,Leopoldina,MG,distrito
ribeirão das neves,MG,Ribeirão das Neves,MG,municipio
ribeirão de são domingos,MG,Santa Margarida,MG,distrito
ribeirão vermelho,MG,Ribeirão Vermelho,MG,municipio
rio acima,MG,Rio Acima,MG,municipio
rio casca,MG,Rio Casca,MG,municipio
rio das mortes,MG,São João del Rei,MG,distrito
rio do prado,MG,Rio do Prado,MG,municipio
rio doce,MG,Rio Doce,MG,municipio
rio espera,MG,Rio Espera,MG,municipio
rio manso,MG,Rio Manso,MG,municipio
rio melo,MG,Rio Espera,MG,distrito
rio novo,MG,Rio Novo,MG,municipio
rio paranaiba,MG,Rio Paranaíba,MG,municipio
rio paranaíba,MG,Rio Paranaíba,MG,municipio
rio pardo de minas,MG,Rio Pardo de Minas,MG,municipio
rio piracicaba,MG,Rio Piracicaba,MG,municipio
rio pomba,MG,Rio Pomba,MG,municipio
rio preto,MG,Rio Preto,MG,municipio
rio vermelho,MG,Rio Vermelho,MG,municipio
ritapolis,MG,Ritápolis,MG,municipio
ritápolis,MG,Ritápolis,MG,municipio
rocas novas,MG,Caeté,MG,distrito
rochedo de minas,MG,Rochedo de Minas,MG,municipio
rodeiro,MG,Rodeiro,MG,municipio
rodrigo silva,MG,Ouro Preto,MG,distrito
romaria,MG,Romaria,MG,municipio
rosario da limeira,MG,Rosário da Limeira,MG,municipio
rosario de minas,MG,Juiz de Fora,MG,distrito
rosario do pontal,MG,Ponte Nova,MG,distrito
roseiral,MG,Mutum,MG,distrito
rosário da limeira,MG,Rosário da Limeira,MG,municipio
rubelita,MG,Rubelita,MG,municipio
rubim,MG,Rubim,MG,municipio
sabara,MG,Sabará,MG,municipio
sabará,MG,Sabará,MG,municipio
sabinopolis,MG,Sabinópolis,MG,municipio
sabinópolis,MG,Sabinópolis,MG,municipio
sacramento,MG,Sacramento,MG,municipio
salinas,MG,Salinas,MG,municipio
salto da divisa,MG,Salto da Divisa,MG,municipio
santa barbara,MG,Santa Bárbara,MG,municipio
santa barbara do leste,MG,Santa Bárbara do Leste,MG,municipio
santa barbara do monte verde,MG,Santa Bárbara do Monte Verde,MG,municipio
santa barbara do tugurio,MG,Santa Bárbara do Tugúrio,MG,municipio
santa bárbara,MG,Santa Bárbara,MG,municipio
santa bárbara do leste,MG,Santa Bárbara do Leste,MG,municipio
santa bárbara do tugúrio,MG,Santa Bárbara do Tugúrio,MG,municipio
santa cruz de minas,MG,Santa Cruz de Minas,MG,municipio
santa cruz de salinas,MG,Santa Cruz de Salinas,MG,municipio
santa cruz do escalvado,MG,Santa Cruz do Escalvado,MG,municipio
santa cruz do prata,MG,Guaranésia,MG,distrito
santa efigenia,MG,Caratinga,MG,viacep
santa efigenia de minas,MG,Santa Efigênia de Minas,MG,municipio
santa efigênia de minas,MG,Santa Efigênia de Minas,MG,municipio
santa fe de minas,MG,Santa Fé de Minas,MG,municipio
santa fé de minas,MG,Santa Fé de Minas,MG,municipio
santa helena de minas,MG,Santa Helena de Minas,MG,municipio
santa juliana,MG,Santa Juliana,MG,municipio
santa luzia,MG,Santa Luzia,MG,municipio
santa luzia de caratinga,MG,Caratinga,MG,distrito
santa margarida,MG,Santa Margarida,MG,municipio
santa maria de itabira,MG,Santa Maria de Itabira,MG,municipio
santa maria do salto,MG,Santa Maria do Salto,MG,municipio
santa maria do suacui,MG,Santa Maria do Suaçuí,MG,municipio
santa maria do suaçuí,MG,Santa Maria do Suaçuí,MG,municipio
santa rita de caldas,MG,Santa Rita de Caldas,MG,municipio
santa rita de jacutinga,MG,Santa Rita de Jacutinga,MG,municipio
santa rita de minas,MG,Santa Rita de Minas,MG,municipio
santa rita de ouro preto,MG,Ouro Preto,MG,distrito
santa rita do cedro,MG,Curvelo,MG,distrito
santa rita do ibitipoca,MG,Santa Rita de Ibitipoca,MG,fuzzy
santa rita do itueto,MG,Santa Rita do Itueto,MG,municipio
santa rita do sapucai,MG,Santa Rita do Sapucaí,MG,municipio
santa rita do sapucaí,MG,Santa Rita do Sapucaí,MG,municipio
santa rita durao,MG,Mariana,MG,distrito
santa rita durão,MG,Mariana,MG,distrito
santa rosa da serra,MG,Santa Rosa da Serra,MG,municipio
santa terezinha de minas,MG,Itatiaiuçu,MG,distrito
santa vitoria,MG,Santa Vitória,MG,municipio
santa vitória,MG,Santa Vitória,MG,municipio
santana da vargem,MG,Santana da Vargem,MG,municipio
santana de caldas,MG,Caldas,MG,distrito
santana de cataguases,MG,Santana de Cataguases,MG,municipio
santana de patos,MG,Patos de Minas,MG,distrito
santana de pirapama,MG,Santana de Pirapama,MG,municipio
santana do capivari,MG,Pouso Alto,MG,distrito
santana do deserto,MG,Santana do Deserto,MG,municipio
santana do garambeu,MG,Santana do Garambéu,MG,municipio
santana do jacare,MG,Santana do Jacaré,MG,municipio
santana do jacaré,MG,Santana do Jacaré,MG,municipio
santana do manhuacu,MG,Santana do Manhuaçu,MG,municipio
santana do manhuaçu,MG,Santana do Manhuaçu,MG,municipio
santana do paraiso,MG,Santana do Paraíso,MG,municipio
santana do paraopeba,MG,Belo Vale,MG,distrito
santana do paraíso,MG,Santana do Paraíso,MG,municipio
santana do riacho,MG,Santana do Riacho,MG,municipio
santana do tabuleiro,MG,Raul Soares,MG,distrito
santana dos montes,MG,Santana dos Montes,MG,municipio
santo antonio do amparo,MG,Santo Antônio do Amparo,MG,municipio
santo antonio do aventureiro,MG,Santo Antônio do Aventureiro,MG,municipio
santo antonio do grama,MG,Santo Antônio do Grama,MG,municipio
santo antonio do itambe,MG,Santo Antônio do Itambé,MG,municipio
santo antonio do jacinto,MG,Santo Antônio do Jacinto,MG,municipio
santo antonio do leite,MG,Ouro Preto,MG,distrito
santo antonio do manhuacu,MG,Caratinga,MG,distrito
santo antonio do monte,MG,Santo Antônio do Monte,MG,municipio
santo antonio do norte,MG,Conceição do Mato Dentro,MG,distrito
santo antonio do pirapetinga,MG,Piranga,MG,distrito
santo antonio do retiro,MG,Santo Antônio do Retiro,MG,municipio
santo antonio do rio abaixo,MG,Santo Antônio do Rio Abaixo,MG,municipio
santo antonio dos campos,MG,Divinópolis,MG,distrito
santo antônio do amparo,MG,Santo Antônio do Amparo,MG,municipio
santo antônio do aventureiro,MG,Santo Antônio do Aventureiro,MG,municipio
santo antônio do grama,MG,Santo Antônio do Grama,MG,municipio
santo antônio do itambé,MG,Santo Antônio do Itambé,MG,municipio
santo antônio do jacinto,MG,Santo Antônio do Jacinto,MG,municipio
santo antônio do leite,MG,Ouro Preto,MG,distrito
santo antônio do monte,MG,Santo Antônio do Monte,MG,municipio
santo antônio do retiro,MG,Santo Antônio do Retiro,MG,municipio
santo antônio do rio abaixo,MG,Santo Antônio do Rio Abaixo,MG,municipio
santo antônio dos campos,MG,Divinópolis,MG,distrito
santo hipolito,MG,Santo Hipólito,MG,municipio
santo hipólito,MG,Santo Hipólito,MG,municipio
santos dumont,MG,Santos Dumont,MG,municipio
sao bartolomeu,MG,Ouro Preto,MG,distrito
sao benedito,MG,Santa Luzia,MG,distrito
sao bento abade,MG,São Bento Abade,MG,municipio
sao bras do suacui,MG,São Brás do Suaçuí,MG,municipio
sao domingos,MG,Santo Antônio do Aventureiro,MG,distrito
sao domingos das dores,MG,São Domingos das Dores,MG,municipio
sao domingos do prata,MG,São Domingos do Prata,MG,municipio
sao felix de minas,MG,São Félix de Minas,MG,municipio
sao francisco,MG,São Francisco,MG,municipio
sao francisco de paula,MG,São Francisco de Paula,MG,municipio
sao francisco de sales,MG,São Francisco de Sales,MG,municipio
sao francisco do gloria,MG,São Francisco do Glória,MG,municipio
sao francisco do humaita,MG,Mutum,MG,distrito
sao geraldo,MG,São Geraldo,MG,municipio
sao geraldo da piedade,MG,São Geraldo da Piedade,MG,municipio
sao geraldo do baguari,MG,São João Evangelista,MG,distrito
sao geraldo do baixio,MG,São Geraldo do Baixio,MG,municipio
sao goncalo de botelhos,MG,Botelhos,MG,distrito
sao goncalo do abaete,MG,São Gonçalo do Abaeté,MG,municipio
sao goncalo do para,MG,São Gonçalo do Pará,MG,municipio
sao goncalo do rio abaixo,MG,São Gonçalo do Rio Abaixo,MG,municipio
sao goncalo do rio das pedras,MG,Serro,MG,distrito
sao goncalo do rio preto,MG,São Gonçalo do Rio Preto,MG,municipio
sao goncalo do sapucai,MG,São Gonçalo do Sapucaí,MG,municipio
sao gotardo,MG,São Gotardo,MG,municipio
sao joao batista do gloria,MG,São João Batista do Glória,MG,municipio
sao joao da chapada,MG,Diamantina,MG,distrito
sao joao da lagoa,MG,São João da Lagoa,MG,municipio
sao joao da mata,MG,São João da Mata,MG,municipio
sao joao da ponte,MG,São João da Ponte,MG,municipio
sao joao da serra,MG,Santos Dumont,MG,distrito
sao joao da serra negra,MG,Patrocínio,MG,distrito
sao joao das missoes,MG,São João das Missões,MG,municipio
sao joao del rei,MG,São João del Rei,MG,municipio
sao joao do jacutinga,MG,Caratinga,MG,distrito
sao joao do manhuacu,MG,São João do Manhuaçu,MG,municipio
sao joao do manteninha,MG,São João do Manteninha,MG,municipio
sao joao do oriente,MG,São João do Oriente,MG,municipio
sao joao do pacui,MG,São João do Pacuí,MG,municipio
sao joao do paraiso,MG,São João do Paraíso,MG,municipio
sao joao evangelista,MG,São João Evangelista,MG,municipio
sao joao nepomuceno,MG,São João Nepomuceno,MG,municipio
sao joaquim de bicas,MG,São Joaquim de Bicas,MG,municipio
sao jose da barra,MG,São José da Barra,MG,municipio
sao jose da lapa,MG,São José da Lapa,MG,municipio
sao jose da safira,MG,São José da Safira,MG,municipio
sao jose da varginha,MG,São José da Varginha,MG,municipio
sao jose do acacio,MG,Engenheiro Caldas,MG,distrito
sao jose do alegre,MG,São José do Alegre,MG,municipio
sao jose do divino,MG,São José do Divino,MG,municipio
sao jose do goiabal,MG,São José do Goiabal,MG,municipio
sao jose do itueto,MG,Santa Rita do Itueto,MG,distrito
sao jose do jacuri,MG,São José do Jacuri,MG,municipio
sao jose do mantimento,MG,São José do Mantimento,MG,municipio
sao jose dos salgados,MG,Carmo do Cajuru,MG,distrito
sao lourenco,MG,São Lourenço,MG,municipio
sao manoel do guaiacu,MG,Dona Euzébia,MG,distrito
sao mateus de minas,MG,Camanducaia,MG,distrito
sao miguel do anta,MG,São Miguel do Anta,MG,municipio
sao pedro da uniao,MG,São Pedro da União,MG,municipio
sao pedro do avai,MG,Manhuaçu,MG,distrito
sao pedro do suacui,MG,São Pedro do Suaçuí,MG,municipio
sao pedro dos ferros,MG,São Pedro dos Ferros,MG,municipio
sao romao,MG,São Romão,MG,municipio
sao roque de minas,MG,São Roque de Minas,MG,municipio
sao sebastiao da barra,MG,Iapu,MG,distrito
sao sebastiao da bela vista,MG,São Sebastião da Bela Vista,MG,municipio
sao sebastiao da vala,MG,Aimorés,MG,distrito
sao sebastiao da vargem alegre,MG,São Sebastião da Vargem Alegre,MG,municipio
sao sebastiao da vitoria,MG,São João del Rei,MG,distrito
sao sebastiao de braunas,MG,Belo Oriente,MG,distrito
sao sebastiao do anta,MG,São Sebastião do Anta,MG,municipio
sao sebastiao do maranhao,MG,São Sebastião do Maranhão,MG,municipio
sao sebastiao do oeste,MG,São Sebastião do Oeste,MG,municipio
sao sebastiao do paraiso,MG,São Sebastião do Paraíso,MG,municipio
sao sebastiao do pontal,MG,Carneirinho,MG,distrito
sao sebastiao do rio preto,MG,São Sebastião do Rio Preto,MG,municipio
sao sebastiao do rio verde,MG,São Sebastião do Rio Verde,MG,municipio
sao sebastiao do sacramento,MG,Manhuaçu,MG,distrito
sao sebastiao dos pocoes,MG,Montalvânia,MG,distrito
sao thome das letras,MG,São Tomé das Letras,MG,fuzzy
sao tiago,MG,São Tiago,MG,municipio
sao tomas de aquino,MG,São Tomás de Aquino,MG,municipio
sao vicente,MG,Baldim,MG,distrito
sao vicente da estrela,MG,Raul Soares,MG,distrito
sao vicente de minas,MG,São Vicente de Minas,MG,municipio
sao vicente do grama,MG,Jequeri,MG,distrito
sao vicente do rio doce,MG,Tarumirim,MG,distrito
sao vitor,MG,Governador Valadares,MG,distrito
sapucai-mirim,MG,Sapucaí-Mirim,MG,municipio
sapucaia,MG,Caratinga,MG,distrito
sapucaia de guanhaes,MG,Guanhães,MG,distrito
sapucaia do norte,MG,Galiléia,MG,distrito
sapucaí-mirim,MG,Sapucaí-Mirim,MG,municipio
sarandira,MG,Juiz de Fora,MG,distrito
sardoa,MG,Sardoá,MG,municipio
sardoá,MG,Sardoá,MG,municipio
sarzedo,MG,Sarzedo,MG,municipio
sem peixe,MG,Sem-Peixe,MG,fuzzy
senador amaral,MG,Senador Amaral,MG,municipio
senador cortes,MG,Senador Cortes,MG,municipio
senador firmino,MG,Senador Firmino,MG,municipio
senador jose bento,MG,Senador José Bento,MG,municipio
senador josé bento,MG,Senador José Bento,MG,municipio
senador modestino goncalves,MG,Senador Modestino Gonçalves,MG,municipio
senador modestino gonçalves,MG,Senador Modestino Gonçalves,MG,municipio
senador mourao,MG,Diamantina,MG,distrito
senhora das dores,MG,Barbacena,MG,distrito
senhora de oliveira,MG,Senhora de Oliveira,MG,municipio
senhora do carmo,MG,Itabira,MG,distrito
senhora do porto,MG,Senhora do Porto,MG,municipio
senhora dos remedios,MG,Senhora dos Remédios,MG,municipio
senhora dos remédios,MG,Senhora dos Remédios,MG,municipio
sereno,MG,Cataguases,MG,distrito
sericita,MG,Sericita,MG,municipio
seritinga,MG,Seritinga,MG,municipio
serra azul,MG,Mateus Leme,MG,distrito
serra azul de minas,MG,Serra Azul de Minas,MG,municipio
serra bonita,MG,Buritis,MG,distrito
serra da saudade,MG,Serra da Saudade,MG,municipio
serra do salitre,MG,Serra do Salitre,MG,municipio
serra dos aimores,MG,Serra dos Aimorés,MG,municipio
serra dos aimorés,MG,Serra dos Aimorés,MG,municipio
serrania,MG,Serrania,MG,municipio
serranopolis de minas,MG,Serranópolis de Minas,MG,municipio
serranos,MG,Serranos,MG,municipio
serro,MG,Serro,MG,municipio
sete lagoas,MG,Sete Lagoas,MG,municipio
setubinha,MG,Setubinha,MG,municipio
silvano,MG,Patrocínio,MG,distrito
silveira carvalho,MG,Barão do Monte Alto,MG,distrito
silveirania,MG,Silveirânia,MG,municipio
silvianopolis,MG,Silvianópolis,MG,municipio
silvianópolis,MG,Silvianópolis,MG,municipio
simao pereira,MG,Simão Pereira,MG,municipio
simonesia,MG,Simonésia,MG,municipio
simonésia,MG,Simonésia,MG,municipio
sobralia,MG,Sobrália,MG,municipio
sobrália,MG,Sobrália,MG,municipio
soledade de minas,MG,Soledade de Minas,MG,municipio
são bento abade,MG,São Bento Abade,MG,municipio
são brás do suaçuí,MG,São Brás do Suaçuí,MG,municipio
são domingos das dores,MG,São Domingos das Dores,MG,municipio
são domingos do prata,MG,São Domingos do Prata,MG,municipio
são francisco,MG,São Francisco,MG,municipio
são francisco de paula,MG,São Francisco de Paula,MG,municipio
são francisco de sales,MG,São Francisco de Sales,MG,municipio
são félix de minas,MG,São Félix de Minas,MG,municipio
são geraldo,MG,São Geraldo,MG,municipio
são geraldo da piedade,MG,São Geraldo da Piedade,MG,municipio
são geraldo do baixio,MG,São Geraldo do Baixio,MG,municipio
são gonçalo de botelhos,MG,Botelhos,MG,distrito
são gonçalo do abaeté,MG,São Gonçalo do Abaeté,MG,municipio
são gonçalo do pará,MG,São Gonçalo do Pará,MG,municipio
são gonçalo do rio abaixo,MG,São Gonçalo do Rio Abaixo,MG,municipio
são gonçalo do sapucaí,MG,São Gonçalo do Sapucaí,MG,municipio
são gotardo,MG,São Gotardo,MG,municipio
são joaquim de bicas,MG,São Joaquim de Bicas,MG,municipio
são josé da barra,MG,São José da Barra,MG,municipio
são josé da lapa,MG,São José da Lapa,MG,municipio
são josé da safira,MG,São José da Safira,MG,municipio
são josé da varginha,MG,São José da Varginha,MG,municipio
são josé do alegre,MG,São José do Alegre,MG,municipio
são josé do barreiro,MG,São Roque de Minas,MG,distrito
são josé do divino,MG,São José do Divino,MG,municipio
são josé do goiabal,MG,São José do Goiabal,MG,municipio
são josé do itueto,MG,Santa Rita do Itueto,MG,distrito
são josé do jacuri,MG,São José do Jacuri,MG,municipio
são josé do mantimento,MG,São José do Mantimento,MG,municipio
são joão batista do glória,MG,São João Batista do Glória,MG,municipio
são joão da mata,MG,São João da Mata,MG,municipio
são joão da ponte,MG,São João da Ponte,MG,municipio
são joão das missões,MG,São João das Missões,MG,municipio
são joão del rei,MG,São João del Rei,MG,municipio
são joão do manhuaçu,MG,São João do Manhuaçu,MG,municipio
são joão do manteninha,MG,São João do Manteninha,MG,municipio
são joão do oriente,MG,São João do Oriente,MG,municipio
são joão do paraíso,MG,São João do Paraíso,MG,municipio
são joão evangelista,MG,São João Evangelista,MG,municipio
são joão nepomuceno,MG,São João Nepomuceno,MG,municipio
são lourenço,MG,São Lourenço,MG,municipio
são miguel do anta,MG,São Miguel do Anta,MG,municipio
são pedro da união,MG,São Pedro da União,MG,municipio
são pedro do avaí,MG,Manhuaçu,MG,distrito
são pedro do suaçuí,MG,São Pedro do Suaçuí,MG,municipio
são pedro dos ferros,MG,São Pedro dos Ferros,MG,municipio
são romão,MG,São Romão,MG,municipio
são roque de minas,MG,São Roque de Minas,MG,municipio
são sebastião da bela vista,MG,São Sebastião da Bela Vista,MG,municipio
são sebastião da vala,MG,Aimorés,MG,distrito
são sebastião da vitória,MG,São João del Rei,MG,distrito
são sebastião do anta,MG,São Sebastião do Anta,MG,municipio
são sebastião do maranhão,MG,São Sebastião do Maranhão,MG,municipio
são sebastião do oeste,MG,São Sebastião do Oeste,MG,municipio
são sebastião do paraíso,MG,São Sebastião do Paraíso,MG,municipio
são sebastião do pontal,MG,Carneirinho,MG,distrito
são sebastião do rio verde,MG,São Sebastião do Rio Verde,MG,municipio
são sebastião do sacramento,MG,Manhuaçu,MG,distrito
são sebastião dos torres,MG,Barbacena,MG,distrito
são thomé das letras,MG,São Tomé das Letras,MG,fuzzy
são tiago,MG,São Tiago,MG,municipio
são tomás de aquino,MG,São Tomás de Aquino,MG,municipio
são vicente,MG,Baldim,MG,distrito
são vicente de minas,MG,São Vicente de Minas,MG,municipio
tabuao,MG,Bom Jardim de Minas,MG,distrito
tabuleiro,MG,Tabuleiro,MG,municipio
taiobeiras,MG,Taiobeiras,MG,municipio
taparuba,MG,Taparuba,MG,municipio
tapira,MG,Tapira,MG,municipio
tapirai,MG,Tapiraí,MG,municipio
tapuirama,MG,Uberlândia,MG,distrito
taquaracu de minas,MG,Taquaraçu de Minas,MG,municipio
taquaraçu de minas,MG,Taquaraçu de Minas,MG,municipio
tarumirim,MG,Tarumirim,MG,municipio
tebas,MG,Leopoldina,MG,distrito
teixeiras,MG,Teixeiras,MG,municipio
teofilo otoni,MG,Teófilo Otoni,MG,municipio
teófilo otoni,MG,Teófilo Otoni,MG,municipio
timoteo,MG,Timóteo,MG,municipio
timóteo,MG,Timóteo,MG,municipio
tiradentes,MG,Tiradentes,MG,municipio
tiros,MG,Tiros,MG,municipio
tocandira,MG,Porteirinha,MG,distrito
tocantins,MG,Tocantins,MG,municipio
tocos do moji,MG,Tocos do Moji,MG,municipio
toledo,MG,Toledo,MG,municipio
tombos,MG,Tombos,MG,municipio
topazio,MG,Teófilo Otoni,MG,distrito
torneiros,MG,Pará de Minas,MG,distrito
tres coracoes,MG,Três Corações,MG,municipio
tres marias,MG,Três Marias,MG,municipio
tres pontas,MG,Três Pontas,MG,municipio
três corações,MG,Três Corações,MG,municipio
três marias,MG,Três Marias,MG,municipio
três pontas,MG,Três Pontas,MG,municipio
tumiritinga,MG,Tumiritinga,MG,municipio
tupaciguara,MG,Tupaciguara,MG,municipio
tuparece,MG,Medina,MG,distrito
turmalina,MG,Turmalina,MG,municipio
turvolandia,MG,Turvolândia,MG,municipio
turvolândia,MG,Turvolândia,MG,municipio
uba,MG,Ubá,MG,municipio
ubai,MG,Ubaí,MG,municipio
ubaporanga,MG,Ubaporanga,MG,municipio
ubaí,MG,Ubaí,MG,municipio
uberaba,MG,Uberaba,MG,municipio
uberlandia,MG,Uberlândia,MG,municipio
uberlândia,MG,Uberlândia,MG,municipio
ubá,MG,Ubá,MG,municipio
umburatiba,MG,Umburatiba,MG,municipio
unai,MG,Unaí,MG,municipio
unaí,MG,Unaí,MG,municipio
uniao de minas,MG,União de Minas,MG,municipio
união de minas,MG,União de Minas,MG,municipio
uruana de minas,MG,Uruana de Minas,MG,municipio
urucania,MG,Urucânia,MG,municipio
urucuia,MG,Urucuia,MG,municipio
urucânia,MG,Urucânia,MG,municipio
vargem alegre,MG,Vargem Alegre,MG,municipio
vargem bonita,MG,Vargem Bonita,MG,municipio
vargem grande do rio pardo,MG,Vargem Grande do Rio Pardo,MG,municipio
varginha,MG,Varginha,MG,municipio
varjao de minas,MG,Varjão de Minas,MG,municipio
varjão de minas,MG,Varjão de Minas,MG,municipio
varzea da palma,MG,Várzea da Palma,MG,municipio
varzelandia,MG,Varzelândia,MG,municipio
varzelândia,MG,Varzelândia,MG,municipio
vau-acu,MG,Ponte Nova,MG,distrito
vazante,MG,Vazante,MG,municipio
vera cruz de minas,MG,Pedro Leopoldo,MG,distrito
verdelandia,MG,Verdelândia,MG,municipio
verdelândia,MG,Verdelândia,MG,municipio
veredas,MG,João Pinheiro,MG,distrito
veredinha,MG,Veredinha,MG,municipio
verissimo,MG,Veríssimo,MG,municipio
vermelho,MG,Muriaé,MG,distrito
vermelho novo,MG,Vermelho Novo,MG,municipio
vermelho velho,MG,Raul Soares,MG,distrito
veríssimo,MG,Veríssimo,MG,municipio
vespasiano,MG,Vespasiano,MG,municipio
vicosa,MG,Viçosa,MG,municipio
vieiras,MG,Vieiras,MG,municipio
vila nova de minas,MG,Montes Claros,MG,distrito
vila pereira,MG,Nanuque,MG,distrito
virgem da lapa,MG,Virgem da Lapa,MG,municipio
virginia,MG,Virgínia,MG,municipio
virginopolis,MG,Virginópolis,MG,municipio
virginópolis,MG,Virginópolis,MG,municipio
virgolandia,MG,Virgolândia,MG,municipio
virgolândia,MG,Virgolândia,MG,municipio
virgínia,MG,Virgínia,MG,municipio
visconde do rio branco,MG,Visconde do Rio Branco,MG,municipio
vista alegre,MG,Cataguases,MG,distrito
vitorinos,MG,Alto Rio Doce,MG,distrito
vitorinos - alto rio doce,MG,Alto Rio Doce,MG,viacep
viçosa,MG,Viçosa,MG,municipio
volta grande,MG,Volta Grande,MG,municipio
várzea da palma,MG,Várzea da Palma,MG,municipio
wenceslau braz,MG,Wenceslau Braz,MG,municipio
água boa,MG,Água Boa,MG,municipio
água comprida,MG,Água Comprida,MG,municipio
águas formosas,MG,Águas Formosas,MG,municipio
águas vermelhas,MG,Águas Vermelhas,MG,municipio
agua clara,MS,Água Clara,MS,municipio
alcinopolis,MS,Alcinópolis,MS,municipio
alcinópolis,MS,Alcinópolis,MS,municipio
amambai,MS,Amambai,MS,municipio
amambaí,MS,Amambai,MS,municipio
amandina,MS,Ivinhema,MS,distrito
anastacio,MS,Anastácio,MS,municipio
anastácio,MS,Anastácio,MS,municipio
anaurilandia,MS,Anaurilândia,MS,municipio
anaurilândia,MS,Anaurilândia,MS,municipio
angelica,MS,Angélica,MS,municipio
angélica,MS,Angélica,MS,municipio
anhandui,MS,Campo Grande,MS,distrito
antonio joao,MS,Antônio João,MS,municipio
antônio joão,MS,Antônio João,MS,municipio
aparecida do taboado,MS,Aparecida do Taboado,MS,municipio
aquidauana,MS,Aquidauana,MS,municipio
aral moreira,MS,Aral Moreira,MS,municipio
arapua,MS,Três Lagoas,MS,distrito
bandeirantes,MS,Bandeirantes,MS,municipio
bataguassu,MS,Bataguassu,MS,municipio
bataipora,MS,Batayporã,MS,fuzzy
bataypora,MS,Batayporã,MS,municipio
batayporã,MS,Batayporã,MS,municipio
bela vista,MS,Bela Vista,MS,municipio
bodoquena,MS,Bodoquena,MS,municipio
bonito,MS,Bonito,MS,municipio
brasilandia,MS,Brasilândia,MS,municipio
brasilândia,MS,Brasilândia,MS,municipio
caarapo,MS,Caarapó,MS,municipio
caarapó,MS,Caarapó,MS,municipio
camapua,MS,Camapuã,MS,municipio
camapuã,MS,Camapuã,MS,municipio
campo grande,MS,Campo Grande,MS,municipio
caracol,MS,Caracol,MS,municipio
cassilandia,MS,Cassilândia,MS,municipio
cassilândia,MS,Cassilândia,MS,municipio
chapadao do sul,MS,Chapadão do Sul,MS,municipio
chapadão do sul,MS,Chapadão do Sul,MS,municipio
cipolandia,MS,Aquidauana,MS,distrito
corguinho,MS,Corguinho,MS,municipio
coronel sapucaia,MS,Coronel Sapucaia,MS,municipio
corumba,MS,Corumbá,MS,municipio
corumbá,MS,Corumbá,MS,municipio
costa rica,MS,Costa Rica,MS,municipio
coxim,MS,Coxim,MS,municipio
cristalina,MS,Caarapó,MS,distrito
deodapolis,MS,Deodápolis,MS,municipio
deodápolis,MS,Deodápolis,MS,municipio
dois irmaos do buriti,MS,Dois Irmãos do Buriti,MS,municipio
dois irmãos do buriti,MS,Dois Irmãos do Buriti,MS,municipio
douradina,MS,Douradina,MS,municipio
dourados,MS,Dourados,MS,municipio
eldorado,MS,Eldorado,MS,municipio
fatima do sul,MS,Fátima do Sul,MS,municipio
figueirao,MS,Figueirão,MS,municipio
figueirão,MS,Figueirão,MS,municipio
fátima do sul,MS,Fátima do Sul,MS,municipio
gloria de dourados,MS,Glória de Dourados,MS,municipio
glória de dourados,MS,Glória de Dourados,MS,municipio
guia lopes da laguna,MS,Guia Lopes da Laguna,MS,municipio
iguatemi,MS,Iguatemi,MS,municipio
inocencia,MS,Inocência,MS,municipio
inocência,MS,Inocência,MS,municipio
itahum,MS,Dourados,MS,viacep
itapora,MS,Itaporã,MS,municipio
itaporã,MS,Itaporã,MS,municipio
itaquirai,MS,Itaquiraí,MS,municipio
itaquiraí,MS,Itaquiraí,MS,municipio
ivinhema,MS,Ivinhema,MS,municipio
japora,MS,Japorã,MS,municipio
japorã,MS,Japorã,MS,municipio
jaraguari,MS,Jaraguari,MS,municipio
jardim,MS,Jardim,MS,municipio
jatei,MS,Jateí,MS,municipio
jateí,MS,Jateí,MS,municipio
juti,MS,Juti,MS,municipio
jutí,MS,Juti,MS,municipio
ladario,MS,Ladário,MS,municipio
ladário,MS,Ladário,MS,municipio
lagoa bonita,MS,Deodápolis,MS,distrito
laguna carapa,MS,Laguna Carapã,MS,municipio
laguna carapã,MS,Laguna Carapã,MS,municipio
maracaju,MS,Maracaju,MS,municipio
miranda,MS,Miranda,MS,municipio
montese,MS,Itaporã,MS,distrito
mundo novo,MS,Mundo Novo,MS,municipio
navirai,MS,Naviraí,MS,municipio
naviraí,MS,Naviraí,MS,municipio
nioaque,MS,Nioaque,MS,municipio
nova alvorada do sul,MS,Nova Alvorada do Sul,MS,municipio
nova andradina,MS,Nova Andradina,MS,municipio
nova casa verde,MS,Nova Andradina,MS,distrito
novo horizonte do sul,MS,Novo Horizonte do Sul,MS,municipio
paraiso das aguas,MS,Paraíso das Águas,MS,municipio
paranaiba,MS,Paranaíba,MS,municipio
paranaíba,MS,Paranaíba,MS,municipio
paranhos,MS,Paranhos,MS,municipio
paraíso das águas,MS,Paraíso das Águas,MS,municipio
pedro gomes,MS,Pedro Gomes,MS,municipio
pirapora,MS,Itaporã,MS,distrito
ponta pora,MS,Ponta Porã,MS,municipio
ponta porã,MS,Ponta Porã,MS,municipio
pontinha do cocho,MS,Camapuã,MS,distrito
porto murtinho,MS,Porto Murtinho,MS,municipio
prudencio thomaz,MS,Rio Brilhante,MS,distrito
prudêncio thomaz,MS,Rio Brilhante,MS,distrito
ribas do rio pardo,MS,Ribas do Rio Pardo,MS,municipio
rio brilhante,MS,Rio Brilhante,MS,municipio
rio negro,MS,Rio Negro,MS,municipio
rio verde de mato grosso,MS,Rio Verde de Mato Grosso,MS,municipio
rochedo,MS,Rochedo,MS,municipio
sanga puita,MS,Ponta Porã,MS,distrito
santa rita do pardo,MS,Santa Rita do Pardo,MS,municipio
sao gabriel do oeste,MS,São Gabriel do Oeste,MS,municipio
sao jose,MS,Vicentina,MS,distrito
sao pedro,MS,Dourados,MS,distrito
selviria,MS,Selvíria,MS,municipio
sete quedas,MS,Sete Quedas,MS,municipio
sidrolandia,MS,Sidrolândia,MS,municipio
sidrolândia,MS,Sidrolândia,MS,municipio
sonora,MS,Sonora,MS,municipio
são gabriel do oeste,MS,São Gabriel do Oeste,MS,municipio
tacuru,MS,Tacuru,MS,municipio
taquarussu,MS,Taquarussu,MS,municipio
terenos,MS,Terenos,MS,municipio
tres lagoas,MS,Três Lagoas,MS,municipio
três lagoas,MS,Três Lagoas,MS,municipio
vicentina,MS,Vicentina,MS,municipio
vila marques,MS,Aral Moreira,MS,viacep
vila vargas,MS,Dourados,MS,distrito
vista alegre,MS,Maracaju,MS,distrito
água clara,MS,Água Clara,MS,municipio
acorizal,MT,Acorizal,MT,municipio
agua boa,MT,Água Boa,MT,municipio
alta floresta,MT,Alta Floresta,MT,municipio
alto araguaia,MT,Alto Araguaia,MT,municipio
alto boa vista,MT,Alto Boa Vista,MT,municipio
alto garcas,MT,Alto Garças,MT,municipio
alto garças,MT,Alto Garças,MT,municipio
alto paraguai,MT,Alto Paraguai,MT,municipio
alto taquari,MT,Alto Taquari,MT,municipio
apiacas,MT,Apiacás,MT,municipio
apiacás,MT,Apiacás,MT,municipio
araguaiana,MT,Araguaiana,MT,municipio
araguainha,MT,Araguainha,MT,municipio
araputanga,MT,Araputanga,MT,municipio
arenapolis,MT,Arenápolis,MT,municipio
arenápolis,MT,Arenápolis,MT,municipio
aripuana,MT,Aripuanã,MT,municipio
aripuanã,MT,Aripuanã,MT,municipio
barao de melgaco,MT,Barão de Melgaço,MT,municipio
barra do bugres,MT,Barra do Bugres,MT,municipio
barra do garcas,MT,Barra do Garças,MT,municipio
barra do garças,MT,Barra do Garças,MT,municipio
boa esperanca,MT,Boa Esperança do Norte,MT,manual_review
boa esperança,MT,Boa Esperança do Norte,MT,manual_review
boa vista,MT,Rondonópolis,MT,distrito
bom jesus do araguaia,MT,Bom Jesus do Araguaia,MT,municipio
brasnorte,MT,Brasnorte,MT,municipio
caceres,MT,Cáceres,MT,municipio
campinapolis,MT,Campinápolis,MT,municipio
campinápolis,MT,Campinápolis,MT,municipio
campo novo do parecis,MT,Campo Novo do Parecis,MT,municipio
campo verde,MT,Campo Verde,MT,municipio
campos de julio,MT,Campos de Júlio,MT,municipio
campos de júlio,MT,Campos de Júlio,MT,municipio
canabrava do norte,MT,Canabrava do Norte,MT,municipio
canarana,MT,Canarana,MT,municipio
cangas,MT,Poconé,MT,distrito
carlinda,MT,Carlinda,MT,municipio
castanheira,MT,Castanheira,MT,municipio
chapada dos guimaraes,MT,Chapada dos Guimarães,MT,municipio
chapada dos guimarães,MT,Chapada dos Guimarães,MT,municipio
claudia,MT,Cláudia,MT,municipio
cláudia,MT,Cláudia,MT,municipio
cocalinho,MT,Cocalinho,MT,municipio
colider,MT,Colíder,MT,municipio
colniza,MT,Colniza,MT,municipio
colorado do norte,MT,Nova Canaã do Norte,MT,distrito
colíder,MT,Colíder,MT,municipio
comodoro,MT,Comodoro,MT,municipio
confresa,MT,Confresa,MT,municipio
conquista d'oeste,MT,Conquista D'Oeste,MT,municipio
cotriguacu,MT,Cotriguaçu,MT,municipio
cotriguaçu,MT,Cotriguaçu,MT,municipio
cuiaba,MT,Cuiabá,MT,municipio
cuiabá,MT,Cuiabá,MT,municipio
curvelandia,MT,Curvelândia,MT,municipio
curvelândia,MT,Curvelândia,MT,municipio
cáceres,MT,Cáceres,MT,municipio
denise,MT,Denise,MT,municipio
diamantino,MT,Diamantino,MT,municipio
dom aquino,MT,Dom Aquino,MT,municipio
feliz natal,MT,Feliz Natal,MT,municipio
figueiropolis d oeste,MT,Figueirópolis D'Oeste,MT,fuzzy
figueiropolis d'oeste,MT,Figueirópolis D'Oeste,MT,municipio
figueiropolis doeste,MT,Figueirópolis D'Oeste,MT,fuzzy
figueirópolis d'oeste,MT,Figueirópolis D'Oeste,MT,municipio
figueirópolis doeste,MT,Figueirópolis D'Oeste,MT,fuzzy
gaucha do norte,MT,Gaúcha do Norte,MT,municipio
gaúcha do norte,MT,Gaúcha do Norte,MT,municipio
general carneiro,MT,General Carneiro,MT,municipio
gloria d'oeste,MT,Glória D'Oeste,MT,municipio
guaranta do norte,MT,Guarantã do Norte,MT,municipio
guarantã do norte,MT,Guarantã do Norte,MT,municipio
guiratinga,MT,Guiratinga,MT,municipio
indiavai,MT,Indiavaí,MT,municipio
ipiranga do norte,MT,Ipiranga do Norte,MT,municipio
itamarati norte,MT,Campo Novo do Parecis,MT,viacep
itanhanga,MT,Itanhangá,MT,municipio
itanhangá,MT,Itanhangá,MT,municipio
itauba,MT,Itaúba,MT,municipio
itaúba,MT,Itaúba,MT,municipio
itiquira,MT,Itiquira,MT,municipio
jaciara,MT,Jaciara,MT,municipio
jangada,MT,Jangada,MT,municipio
jauru,MT,Jauru,MT,municipio
juara,MT,Juara,MT,municipio
juina,MT,Juína,MT,municipio
juruena,MT,Juruena,MT,municipio
juscimeira,MT,Juscimeira,MT,municipio
juína,MT,Juína,MT,municipio
lambari d%26apos%3boeste,MT,Lambari D'Oeste,MT,viacep
lambari d'oeste,MT,Lambari D'Oeste,MT,municipio
lambari doeste,MT,Lambari D'Oeste,MT,fuzzy
lucas do rio verde,MT,Lucas do Rio Verde,MT,municipio
luciara,MT,Luciara,MT,municipio
marcelandia,MT,Marcelândia,MT,municipio
marcelândia,MT,Marcelândia,MT,municipio
matupa,MT,Matupá,MT,municipio
matupá,MT,Matupá,MT,municipio
mirassol d oeste,MT,Mirassol d'Oeste,MT,fuzzy
mirassol d'oeste,MT,Mirassol d'Oeste,MT,municipio
mirassol doeste,MT,Mirassol d'Oeste,MT,fuzzy
nobres,MT,Nobres,MT,municipio
nortelandia,MT,Nortelândia,MT,municipio
nortelândia,MT,Nortelândia,MT,municipio
nossa senhora da guia,MT,Cuiabá,MT,viacep
nossa senhora do livramento,MT,Nossa Senhora do Livramento,MT,municipio
nova bandeirantes,MT,Nova Bandeirantes,MT,municipio
nova brasilandia,MT,Nova Brasilândia,MT,municipio
nova canaa do norte,MT,Nova Canaã do Norte,MT,municipio
nova canaã do norte,MT,Nova Canaã do Norte,MT,municipio
nova guarita,MT,Nova Guarita,MT,municipio
nova lacerda,MT,Nova Lacerda,MT,municipio
nova marilandia,MT,Nova Marilândia,MT,municipio
nova marilândia,MT,Nova Marilândia,MT,municipio
nova maringa,MT,Nova Maringá,MT,municipio
nova maringá,MT,Nova Maringá,MT,municipio
nova monte verde,MT,Nova Monte Verde,MT,municipio
nova mutum,MT,Nova Mutum,MT,municipio
nova nazaré,MT,Nova Nazaré,MT,municipio
nova olimpia,MT,Nova Olímpia,MT,municipio
nova olímpia,MT,Nova Olímpia,MT,municipio
nova santa helena,MT,Nova Santa Helena,MT,municipio
nova ubirata,MT,Nova Ubiratã,MT,municipio
nova ubiratã,MT,Nova Ubiratã,MT,municipio
nova xavantina,MT,Nova Xavantina,MT,municipio
novo diamantino,MT,Diamantino,MT,viacep
novo horizonte do norte,MT,Novo Horizonte do Norte,MT,municipio
novo mundo,MT,Novo Mundo,MT,municipio
novo santo antonio,MT,Novo Santo Antônio,MT,municipio
novo sao joaquim,MT,Novo São Joaquim,MT,municipio
novo são joaquim,MT,Novo São Joaquim,MT,municipio
paranaita,MT,Paranaíta,MT,municipio
paranatinga,MT,Paranatinga,MT,municipio
paranaíta,MT,Paranaíta,MT,municipio
pedra preta,MT,Pedra Preta,MT,municipio
peixoto de azevedo,MT,Peixoto de Azevedo,MT,municipio
planalto da serra,MT,Planalto da Serra,MT,municipio
pocone,MT,Poconé,MT,municipio
poconé,MT,Poconé,MT,municipio
pontal do araguaia,MT,Pontal do Araguaia,MT,municipio
ponte branca,MT,Ponte Branca,MT,municipio
pontes e lacerda,MT,Pontes e Lacerda,MT,municipio
porto alegre do norte,MT,Porto Alegre do Norte,MT,municipio
porto dos gauchos,MT,Porto dos Gaúchos,MT,municipio
porto dos gaúchos,MT,Porto dos Gaúchos,MT,municipio
porto esperidiao,MT,Porto Esperidião,MT,municipio
porto esperidião,MT,Porto Esperidião,MT,municipio
porto estrela,MT,Porto Estrela,MT,municipio
poxoreu,MT,Poxoréu,MT,municipio
poxoréu,MT,Poxoréu,MT,municipio
primavera do leste,MT,Primavera do Leste,MT,municipio
querencia,MT,Querência,MT,municipio
querência,MT,Querência,MT,municipio
reserva do cabacal,MT,Reserva do Cabaçal,MT,municipio
ribeirao cascalheira,MT,Ribeirão Cascalheira,MT,municipio
ribeiraozinho,MT,Ribeirãozinho,MT,municipio
ribeirão cascalheira,MT,Ribeirão Cascalheira,MT,municipio
ribeirãozinho,MT,Ribeirãozinho,MT,municipio
rio branco,MT,Rio Branco,MT,municipio
rondolandia,MT,Rondolândia,MT,municipio
rondonopolis,MT,Rondonópolis,MT,municipio
rondonópolis,MT,Rondonópolis,MT,municipio
rosario oeste,MT,Rosário Oeste,MT,municipio
rosário oeste,MT,Rosário Oeste,MT,municipio
salto do ceu,MT,Salto do Céu,MT,municipio
salto do céu,MT,Salto do Céu,MT,municipio
santa carmem,MT,Santa Carmem,MT,municipio
santa cruz do xingu,MT,Santa Cruz do Xingu,MT,municipio
santa elvira,MT,Juscimeira,MT,distrito
santa rita do trivelato,MT,Santa Rita do Trivelato,MT,municipio
santa terezinha,MT,Santa Terezinha,MT,municipio
santo afonso,MT,Santo Afonso,MT,municipio
santo antonio do leste,MT,Santo Antônio do Leste,MT,municipio
santo antonio do leverger,MT,Santo Antônio de Leverger,MT,fuzzy
santo antônio do leste,MT,Santo Antônio do Leste,MT,municipio
santo antônio do leverger,MT,Santo Antônio de Leverger,MT,fuzzy
sao felix do araguaia,MT,São Félix do Araguaia,MT,municipio
sao jose do povo,MT,São José do Povo,MT,municipio
sao jose do rio claro,MT,São José do Rio Claro,MT,municipio
sao jose do xingu,MT,São José do Xingu,MT,municipio
sao jose dos quatro marcos,MT,São José dos Quatro Marcos,MT,municipio
sao pedro da cipa,MT,São Pedro da Cipa,MT,municipio
sapezal,MT,Sapezal,MT,municipio
serra nova dourada,MT,Serra Nova Dourada,MT,municipio
sinop,MT,Sinop,MT,municipio
sonho azul,MT,Mirassol d'Oeste,MT,distrito
sorriso,MT,Sorriso,MT,municipio
são félix do araguaia,MT,São Félix do Araguaia,MT,municipio
são josé do povo,MT,São José do Povo,MT,municipio
são josé do rio claro,MT,São José do Rio Claro,MT,municipio
são josé do xingu,MT,São José do Xingu,MT,municipio
são josé dos quatro marcos,MT,São José dos Quatro Marcos,MT,municipio
tabapora,MT,Tabaporã,MT,municipio
tabaporã,MT,Tabaporã,MT,municipio
tangara da serra,MT,Tangará da Serra,MT,municipio
tangará da serra,MT,Tangará da Serra,MT,municipio
tapurah,MT,Tapurah,MT,municipio
terra nova do norte,MT,Terra Nova do Norte,MT,municipio
tesouro,MT,Tesouro,MT,municipio
torixoreu,MT,Torixoréu,MT,municipio
uniao do sul,MT,União do Sul,MT,municipio
união do sul,MT,União do Sul,MT,municipio
vale de sao domingos,MT,Vale de São Domingos,MT,municipio
vale de são domingos,MT,Vale de São Domingos,MT,municipio
varzea grande,MT,Várzea Grande,MT,municipio
vera,MT,Vera,MT,municipio
vila bela da santissima trindade,MT,Vila Bela da Santíssima Trindade,MT,municipio
vila bela da santssima trindade,MT,Vila Bela da Santíssima Trindade,MT,fuzzy
vila bela da santíssima trindade,MT,Vila Bela da Santíssima Trindade,MT,municipio
vila rica,MT,Vila Rica,MT,municipio
várzea grande,MT,Várzea Grande,MT,municipio
água boa,MT,Água Boa,MT,municipio
abaetetuba,PA,Abaetetuba,PA,municipio
abel figueiredo,PA,Abel Figueiredo,PA,municipio
acara,PA,Acará,PA,municipio
acará,PA,Acará,PA,municipio
afua,PA,Afuá,PA,municipio
afuá,PA,Afuá,PA,municipio
agua azul do norte,PA,Água Azul do Norte,PA,municipio
alenquer,PA,Alenquer,PA,municipio
almeirim,PA,Almeirim,PA,municipio
altamira,PA,Altamira,PA,municipio
americano,PA,Santa Izabel do Pará,PA,distrito
anajas,PA,Anajás,PA,municipio
anajás,PA,Anajás,PA,municipio
ananindeua,PA,Ananindeua,PA,municipio
anapu,PA,Anapu,PA,municipio
apeu,PA,Castanhal,PA,distrito
augusto correa,PA,Augusto Corrêa,PA,municipio
augusto corrêa,PA,Augusto Corrêa,PA,municipio
aurora do para,PA,Aurora do Pará,PA,municipio
bagre,PA,Bagre,PA,municipio
baiao,PA,Baião,PA,municipio
baião,PA,Baião,PA,municipio
bannach,PA,Bannach,PA,municipio
barcarena,PA,Barcarena,PA,municipio
belem,PA,Belém,PA,municipio
belterra,PA,Belterra,PA,municipio
belém,PA,Belém,PA,municipio
benevides,PA,Benevides,PA,municipio
benfica,PA,Benevides,PA,distrito
bom jesus do tocantins,PA,Bom Jesus do Tocantins,PA,municipio
bonito,PA,Bonito,PA,municipio
braganca,PA,Bragança,PA,municipio
bragança,PA,Bragança,PA,municipio
brasil novo,PA,Brasil Novo,PA,municipio
brejo grande do araguaia,PA,Brejo Grande do Araguaia,PA,municipio
breu branco,PA,Breu Branco,PA,municipio
breves,PA,Breves,PA,municipio
bujaru,PA,Bujaru,PA,municipio
cachoeira de piria,PA,Cachoeira do Piriá,PA,fuzzy
cachoeira do arari,PA,Cachoeira do Arari,PA,municipio
cachoeira do piria,PA,Cachoeira do Piriá,PA,municipio
cachoeira do piriá,PA,Cachoeira do Piriá,PA,municipio
cameta,PA,Cametá,PA,municipio
cametá,PA,Cametá,PA,municipio
canaa dos carajas,PA,Canaã dos Carajás,PA,municipio
canaã dos carajás,PA,Canaã dos Carajás,PA,municipio
capanema,PA,Capanema,PA,municipio
capitao poco,PA,Capitão Poço,PA,municipio
capitão poço,PA,Capitão Poço,PA,municipio
carajas,PA,Parauapebas,PA,viacep
castanhal,PA,Castanhal,PA,municipio
castelo dos sonhos,PA,Altamira,PA,distrito
colares,PA,Colares,PA,municipio
conceicao do araguaia,PA,Conceição do Araguaia,PA,municipio
conceição do araguaia,PA,Conceição do Araguaia,PA,municipio
concordia do para,PA,Concórdia do Pará,PA,municipio
concórdia do pará,PA,Concórdia do Pará,PA,municipio
cumaru do norte,PA,Cumaru do Norte,PA,municipio
curionopolis,PA,Curionópolis,PA,municipio
curionópolis,PA,Curionópolis,PA,municipio
curralinho,PA,Curralinho,PA,municipio
curua,PA,Curuá,PA,municipio
curuca,PA,Curuçá,PA,municipio
curuçá,PA,Curuçá,PA,municipio
dom eliseu,PA,Dom Eliseu,PA,municipio
eldorado dos carajas,PA,Eldorado do Carajás,PA,fuzzy
eldorado dos carajás,PA,Eldorado do Carajás,PA,fuzzy
faro,PA,Faro,PA,municipio
floresta do araguaia,PA,Floresta do Araguaia,PA,municipio
garrafao do norte,PA,Garrafão do Norte,PA,municipio
garrafão do norte,PA,Garrafão do Norte,PA,municipio
goianesia do para,PA,Goianésia do Pará,PA,municipio
goianésia do pará,PA,Goianésia do Pará,PA,municipio
gurupa,PA,Gurupá,PA,municipio
gurupá,PA,Gurupá,PA,municipio
hidreletrica tucurui,PA,Tucuruí,PA,viacep
hidrelétrica tucuruí,PA,Tucuruí,PA,viacep
igarape-acu,PA,Igarapé-Açu,PA,municipio
igarape-miri,PA,Igarapé-Miri,PA,municipio
igarapé-açu,PA,Igarapé-Açu,PA,municipio
igarapé-miri,PA,Igarapé-Miri,PA,municipio
ipixuna do para,PA,Ipixuna do Pará,PA,municipio
ipixuna do pará,PA,Ipixuna do Pará,PA,municipio
irituia,PA,Irituia,PA,municipio
itaituba,PA,Itaituba,PA,municipio
itupiranga,PA,Itupiranga,PA,municipio
jacareacanga,PA,Jacareacanga,PA,municipio
jacunda,PA,Jacundá,PA,municipio
jacundá,PA,Jacundá,PA,municipio
juruti,PA,Juruti,PA,municipio
limoeiro do ajuru,PA,Limoeiro do Ajuru,PA,municipio
mae do rio,PA,Mãe do Rio,PA,municipio
magalhaes barata,PA,Magalhães Barata,PA,municipio
maiauata,PA,Igarapé-Miri,PA,distrito
maraba,PA,Marabá,PA,municipio
marabá,PA,Marabá,PA,municipio
maracana,PA,Maracanã,PA,municipio
maracanã,PA,Maracanã,PA,municipio
marapanim,PA,Marapanim,PA,municipio
marechal candido rondon,PA,Marechal Cândido Rondon,PR,manual_review
marituba,PA,Marituba,PA,municipio
medicilandia,PA,Medicilândia,PA,municipio
medicilândia,PA,Medicilândia,PA,municipio
melgaco,PA,Melgaço,PA,municipio
melgaço,PA,Melgaço,PA,municipio
mocajuba,PA,Mocajuba,PA,municipio
moju,PA,Moju,PA,municipio
mojui dos campos,PA,Mojuí dos Campos,PA,municipio
mojuí dos campos,PA,Mojuí dos Campos,PA,municipio
monte alegre,PA,Monte Alegre,PA,municipio
morada nova,PA,Marabá,PA,viacep
muana,PA,Muaná,PA,municipio
muaná,PA,Muaná,PA,municipio
mujui dos campos,PA,Mojuí dos Campos,PA,fuzzy
murucupi,PA,Barcarena,PA,distrito
mãe do rio,PA,Mãe do Rio,PA,municipio
nova esperanca do piria,PA,Nova Esperança do Piriá,PA,municipio
nova esperança do piriá,PA,Nova Esperança do Piriá,PA,municipio
nova ipixuna,PA,Nova Ipixuna,PA,municipio
nova timboteua,PA,Nova Timboteua,PA,municipio
novo progresso,PA,Novo Progresso,PA,municipio
novo repartimento,PA,Novo Repartimento,PA,municipio
obidos,PA,Óbidos,PA,municipio
oeiras do para,PA,Oeiras do Pará,PA,municipio
oeiras do pará,PA,Oeiras do Pará,PA,municipio
oriximina,PA,Oriximiná,PA,municipio
oriximiná,PA,Oriximiná,PA,municipio
ourem,PA,Ourém,PA,municipio
ourilandia do norte,PA,Ourilândia do Norte,PA,municipio
ourilândia do norte,PA,Ourilândia do Norte,PA,municipio
ourém,PA,Ourém,PA,municipio
pacaja,PA,Pacajá,PA,municipio
pacajá,PA,Pacajá,PA,municipio
palestina do para,PA,Palestina do Pará,PA,municipio
palestina do pará,PA,Palestina do Pará,PA,municipio
paragominas,PA,Paragominas,PA,municipio
parauapebas,PA,Parauapebas,PA,municipio
pau d  arco,PA,Pau D'Arco,PA,fuzzy
pau d'arco,PA,Pau D'Arco,PA,municipio
peixe-boi,PA,Peixe-Boi,PA,municipio
picarra,PA,Piçarra,PA,municipio
piçarra,PA,Piçarra,PA,municipio
placas,PA,Placas,PA,municipio
ponta de pedras,PA,Ponta de Pedras,PA,municipio
portel,PA,Portel,PA,municipio
porto de moz,PA,Porto de Moz,PA,municipio
porto trombetas,PA,Oriximiná,PA,viacep
prainha,PA,Prainha,PA,municipio
primavera,PA,Primavera,PA,municipio
quatipuru,PA,Quatipuru,PA,municipio
quatro bocas,PA,Tomé-Açu,PA,viacep
redencao,PA,Redenção,PA,municipio
redenção,PA,Redenção,PA,municipio
rio maria,PA,Rio Maria,PA,municipio
rondon do para,PA,Rondon do Pará,PA,municipio
rondon do pará,PA,Rondon do Pará,PA,municipio
ruropolis,PA,Rurópolis,PA,municipio
rurópolis,PA,Rurópolis,PA,municipio
salinopolis,PA,Salinópolis,PA,municipio
salinópolis,PA,Salinópolis,PA,municipio
salvaterra,PA,Salvaterra,PA,municipio
santa barbara do para,PA,Santa Bárbara do Pará,PA,municipio
santa cruz do arari,PA,Santa Cruz do Arari,PA,municipio
santa isabel do para,PA,Santa Izabel do Pará,PA,fuzzy
santa isabel do pará,PA,Santa Izabel do Pará,PA,fuzzy
santa luzia do para,PA,Santa Luzia do Pará,PA,municipio
santa maria das barreiras,PA,Santa Maria das Barreiras,PA,municipio
santa maria do para,PA,Santa Maria do Pará,PA,municipio
santa maria do pará,PA,Santa Maria do Pará,PA,municipio
santana do araguaia,PA,Santana do Araguaia,PA,municipio
santarem,PA,Santarém,PA,municipio
santarem novo,PA,Santarém Novo,PA,municipio
santarém,PA,Santarém,PA,municipio
santo antonio do taua,PA,Santo Antônio do Tauá,PA,municipio
santo antônio do tauá,PA,Santo Antônio do Tauá,PA,municipio
sao domingos do araguaia,PA,São Domingos do Araguaia,PA,municipio
sao domingos do capim,PA,São Domingos do Capim,PA,municipio
sao felix do xingu,PA,São Félix do Xingu,PA,municipio
sao francisco do para,PA,São Francisco do Pará,PA,municipio
sao geraldo do araguaia,PA,São Geraldo do Araguaia,PA,municipio
sao joao de pirabas,PA,São João de Pirabas,PA,municipio
sao miguel do guama,PA,São Miguel do Guamá,PA,municipio
sao sebastiao da boa vista,PA,São Sebastião da Boa Vista,PA,municipio
sapucaia,PA,Sapucaia,PA,municipio
senador jose porfirio,PA,Senador José Porfírio,PA,municipio
soure,PA,Soure,PA,municipio
são domingos do araguaia,PA,São Domingos do Araguaia,PA,municipio
são domingos do capim,PA,São Domingos do Capim,PA,municipio
são francisco do pará,PA,São Francisco do Pará,PA,municipio
são félix do xingu,PA,São Félix do Xingu,PA,municipio
são geraldo do araguaia,PA,São Geraldo do Araguaia,PA,municipio
são joão de pirabas,PA,São João de Pirabas,PA,municipio
são miguel do guamá,PA,São Miguel do Guamá,PA,municipio
são sebastião da boa vista,PA,São Sebastião da Boa Vista,PA,municipio
tailandia,PA,Tailândia,PA,municipio
tailândia,PA,Tailândia,PA,municipio
taliandia,PA,Tailândia,PA,fuzzy
terra alta,PA,Terra Alta,PA,municipio
terra santa,PA,Terra Santa,PA,municipio
tome-acu,PA,Tomé-Açu,PA,municipio
tomé-açu,PA,Tomé-Açu,PA,municipio
tomé-açú,PA,Tomé-Açu,PA,municipio
tracuateua,PA,Tracuateua,PA,municipio
trairao,PA,Trairão,PA,municipio
trairâo,PA,Trairão,PA,municipio
trairão,PA,Trairão,PA,municipio
tucuma,PA,Tucumã,PA,municipio
tucumã,PA,Tucumã,PA,municipio
tucurui,PA,Tucuruí,PA,municipio
tucuruí,PA,Tucuruí,PA,municipio
ulianopolis,PA,Ulianópolis,PA,municipio
ulianópolis,PA,Ulianópolis,PA,municipio
uruara,PA,Uruará,PA,municipio
uruará,PA,Uruará,PA,municipio
vigia,PA,Vigia,PA,municipio
vila dos cabanos,PA,Barcarena,PA,viacep
viseu,PA,Viseu,PA,municipio
vitoria do xingu,PA,Vitória do Xingu,PA,municipio
vitória do xingu,PA,Vitória do Xingu,PA,municipio
xinguara,PA,Xinguara,PA,municipio
óbidos,PA,Óbidos,PA,municipio
agua branca,PB,Água Branca,PB,municipio
aguiar,PB,Aguiar,PB,municipio
alagoa grande,PB,Alagoa Grande,PB,municipio
alagoa nova,PB,Alagoa Nova,PB,municipio
alagoinha,PB,Alagoinha,PB,municipio
alcantil,PB,Alcantil,PB,municipio
algodão de jandaíra,PB,Algodão de Jandaíra,PB,municipio
alhandra,PB,Alhandra,PB,municipio
amparo,PB,Amparo,PB,municipio
aparecida,PB,Aparecida,PB,municipio
aracagi,PB,Araçagi,PB,municipio
arara,PB,Arara,PB,municipio
araruna,PB,Araruna,PB,municipio
araçagi,PB,Araçagi,PB,municipio
areia,PB,Areia,PB,municipio
areia de baraunas,PB,Areia de Baraúnas,PB,municipio
areial,PB,Areial,PB,municipio
aroeiras,PB,Aroeiras,PB,municipio
assuncao,PB,Assunção,PB,municipio
bananeiras,PB,Bananeiras,PB,municipio
barauna,PB,Baraúna,PB,municipio
barra de santa rosa,PB,Barra de Santa Rosa,PB,municipio
barra de santana,PB,Barra de Santana,PB,municipio
barra de sao miguel,PB,Barra de São Miguel,PB,municipio
bayeux,PB,Bayeux,PB,municipio
belem,PB,Belém,PB,municipio
belem do brejo do cruz,PB,Belém do Brejo do Cruz,PB,municipio
belém,PB,Belém,PB,municipio
bernardino batista,PB,Bernardino Batista,PB,municipio
boa ventura,PB,Boa Ventura,PB,municipio
boa vista,PB,Boa Vista,PB,municipio
bom jesus,PB,Bom Jesus,PB,municipio
bom sucesso,PB,Bom Sucesso,PB,municipio
bonito de santa fe,PB,Bonito de Santa Fé,PB,municipio
boqueirao,PB,Boqueirão,PB,municipio
brejo do cruz,PB,Brejo do Cruz,PB,municipio
brejo dos santos,PB,Brejo dos Santos,PB,municipio
caapora,PB,Caaporã,PB,municipio
caaporã,PB,Caaporã,PB,municipio
cabaceiras,PB,Cabaceiras,PB,municipio
cabedelo,PB,Cabedelo,PB,municipio
cachoeira dos indios,PB,Cachoeira dos Índios,PB,municipio
cachoeira dos índios,PB,Cachoeira dos Índios,PB,municipio
cacimba de dentro,PB,Cacimba de Dentro,PB,municipio
cacimbas,PB,Cacimbas,PB,municipio
caicara,PB,Caiçara,PB,municipio
cajazeiras,PB,Cajazeiras,PB,municipio
caldas brandao,PB,Caldas Brandão,PB,municipio
camalau,PB,Camalaú,PB,municipio
camalaú,PB,Camalaú,PB,municipio
campina grande,PB,Campina Grande,PB,municipio
capim,PB,Capim,PB,municipio
carrapateira,PB,Carrapateira,PB,municipio
casserengue,PB,Casserengue,PB,municipio
catingueira,PB,Catingueira,PB,municipio
catole do rocha,PB,Catolé do Rocha,PB,municipio
catolé do rocha,PB,Catolé do Rocha,PB,municipio
conceicao,PB,Conceição,PB,municipio
conceição,PB,Conceição,PB,municipio
condado,PB,Condado,PB,municipio
conde,PB,Conde,PB,municipio
congo,PB,Congo,PB,municipio
coremas,PB,Coremas,PB,municipio
coxixola,PB,Coxixola,PB,municipio
cruz do espirito santo,PB,Cruz do Espírito Santo,PB,municipio
cruz do espírito santo,PB,Cruz do Espírito Santo,PB,municipio
cubati,PB,Cubati,PB,municipio
cuite,PB,Cuité,PB,municipio
cuite de mamanguape,PB,Cuité de Mamanguape,PB,municipio
cuitegi,PB,Cuitegi,PB,municipio
cuité,PB,Cuité,PB,municipio
curral de cima,PB,Curral de Cima,PB,municipio
damiao,PB,Damião,PB,municipio
damião,PB,Damião,PB,municipio
desterro,PB,Desterro,PB,municipio
diamante,PB,Diamante,PB,municipio
dona ines,PB,Dona Inês,PB,municipio
dona inês,PB,Dona Inês,PB,municipio
duas estradas,PB,Duas Estradas,PB,municipio
esperanca,PB,Esperança,PB,municipio
esperança,PB,Esperança,PB,municipio
fagundes,PB,Fagundes,PB,municipio
frei martinho,PB,Frei Martinho,PB,municipio
guarabira,PB,Guarabira,PB,municipio
gurinhem,PB,Gurinhém,PB,municipio
gurjao,PB,Gurjão,PB,municipio
ibiara,PB,Ibiara,PB,municipio
igaracy,PB,Igaracy,PB,municipio
imaculada,PB,Imaculada,PB,municipio
inga,PB,Ingá,PB,municipio
ingá,PB,Ingá,PB,municipio
itabaiana,PB,Itabaiana,PB,municipio
itaporanga,PB,Itaporanga,PB,municipio
itapororoca,PB,Itapororoca,PB,municipio
itatuba,PB,Itatuba,PB,municipio
jacarau,PB,Jacaraú,PB,municipio
jacaraú,PB,Jacaraú,PB,municipio
jerico,PB,Jericó,PB,municipio
jericó,PB,Jericó,PB,municipio
joao pessoa,PB,João Pessoa,PB,municipio
joca claudino,PB,Joca Claudino,PB,municipio
joão pessoa,PB,João Pessoa,PB,municipio
juarez tavora,PB,Juarez Távora,PB,municipio
juazeirinho,PB,Juazeirinho,PB,municipio
junco do serido,PB,Junco do Seridó,PB,municipio
junco do seridó,PB,Junco do Seridó,PB,municipio
juripiranga,PB,Juripiranga,PB,municipio
juru,PB,Juru,PB,municipio
lagoa,PB,Lagoa,PB,municipio
lagoa de dentro,PB,Lagoa de Dentro,PB,municipio
lagoa seca,PB,Lagoa Seca,PB,municipio
lastro,PB,Lastro,PB,municipio
livramento,PB,Livramento,PB,municipio
logradouro,PB,Logradouro,PB,municipio
lucena,PB,Lucena,PB,municipio
mae d'agua,PB,Mãe d'Água,PB,municipio
malta,PB,Malta,PB,municipio
mamanguape,PB,Mamanguape,PB,municipio
manaira,PB,Manaíra,PB,municipio
manaíra,PB,Manaíra,PB,municipio
mari,PB,Mari,PB,municipio
marizopolis,PB,Marizópolis,PB,municipio
massaranduba,PB,Massaranduba,PB,municipio
mataraca,PB,Mataraca,PB,municipio
matinhas,PB,Matinhas,PB,municipio
mato grosso,PB,Mato Grosso,PB,municipio
matureia,PB,Maturéia,PB,municipio
mogeiro,PB,Mogeiro,PB,municipio
montadas,PB,Montadas,PB,municipio
monte horebe,PB,Monte Horebe,PB,municipio
monteiro,PB,Monteiro,PB,municipio
mulungu,PB,Mulungu,PB,municipio
mãe d'água,PB,Mãe d'Água,PB,municipio
natuba,PB,Natuba,PB,municipio
nazarezinho,PB,Nazarezinho,PB,municipio
nova floresta,PB,Nova Floresta,PB,municipio
nova olinda,PB,Nova Olinda,PB,municipio
nova palmeira,PB,Nova Palmeira,PB,municipio
olho d'agua,PB,Olho d'Água,PB,municipio
olho d'água,PB,Olho d'Água,PB,municipio
ouro velho,PB,Ouro Velho,PB,municipio
parari,PB,Parari,PB,municipio
passagem,PB,Passagem,PB,municipio
patos,PB,Patos,PB,municipio
paulista,PB,Paulista,PB,municipio
pedra branca,PB,Pedra Branca,PB,municipio
pedra lavrada,PB,Pedra Lavrada,PB,municipio
pedras de fogo,PB,Pedras de Fogo,PB,municipio
pedro regis,PB,Pedro Régis,PB,municipio
pianco,PB,Piancó,PB,municipio
piancó,PB,Piancó,PB,municipio
picui,PB,Picuí,PB,municipio
picuí,PB,Picuí,PB,municipio
pilar,PB,Pilar,PB,municipio
piloes,PB,Pilões,PB,municipio
piloezinhos,PB,Pilõezinhos,PB,municipio
pilões,PB,Pilões,PB,municipio
pilõezinhos,PB,Pilõezinhos,PB,municipio
pindurão,PB,Camalaú,PB,distrito
pirpirituba,PB,Pirpirituba,PB,municipio
pitanga de estrada,PB,Mamanguape,PB,viacep
pitimbu,PB,Pitimbu,PB,municipio
pocinhos,PB,Pocinhos,PB,municipio
poco dantas,PB,Poço Dantas,PB,municipio
poco de jose de moura,PB,Poço de José de Moura,PB,municipio
pombal,PB,Pombal,PB,municipio
prata,PB,Prata,PB,municipio
princesa isabel,PB,Princesa Isabel,PB,municipio
puxinana,PB,Puxinanã,PB,municipio
queimadas,PB,Queimadas,PB,municipio
remigio,PB,Remígio,PB,municipio
remígio,PB,Remígio,PB,municipio
riachao do bacamarte,PB,Riachão do Bacamarte,PB,municipio
riacho de santo antonio,PB,Riacho de Santo Antônio,PB,municipio
riacho dos cavalos,PB,Riacho dos Cavalos,PB,municipio
riachão do bacamarte,PB,Riachão do Bacamarte,PB,municipio
rio tinto,PB,Rio Tinto,PB,municipio
salgado de sao felix,PB,Salgado de São Félix,PB,municipio
santa cecilia,PB,Santa Cecília,PB,municipio
santa cecilia de umbuzeiro,PB,Campina Grande,PB,viacep
santa cecília,PB,Santa Cecília,PB,municipio
santa cruz,PB,Santa Cruz,PB,municipio
santa helena,PB,Santa Helena,PB,municipio
santa ines,PB,Santa Inês,PB,municipio
santa inês,PB,Santa Inês,PB,municipio
santa luzia,PB,Santa Luzia,PB,municipio
santa luzia do cariri,PB,Serra Branca,PB,distrito
santa rita,PB,Santa Rita,PB,municipio
santa teresinha,PB,Santa Teresinha,PB,municipio
santana de mangueira,PB,Santana de Mangueira,PB,municipio
santana dos garrotes,PB,Santana dos Garrotes,PB,municipio
santo andre,PB,Santo André,PB,municipio
sao bentinho,PB,São Bentinho,PB,municipio
sao bento,PB,São Bento,PB,municipio
sao domingos do cariri,PB,São Domingos do Cariri,PB,municipio
sao francisco,PB,São Francisco,PB,municipio
sao joao do cariri,PB,São João do Cariri,PB,municipio
sao joao do rio do peixe,PB,São João do Rio do Peixe,PB,municipio
sao joao do tigre,PB,São João do Tigre,PB,municipio
sao jose da lagoa tapada,PB,São José da Lagoa Tapada,PB,municipio
sao jose da mata,PB,Campina Grande,PB,distrito
sao jose de caiana,PB,São José de Caiana,PB,municipio
sao jose de espinharas,PB,São José de Espinharas,PB,municipio
sao jose de piranhas,PB,São José de Piranhas,PB,municipio
sao jose de princesa,PB,São José de Princesa,PB,municipio
sao jose do bonfim,PB,São José do Bonfim,PB,municipio
sao jose do brejo do cruz,PB,São José do Brejo do Cruz,PB,municipio
sao jose do sabugi,PB,São José do Sabugi,PB,municipio
sao jose dos cordeiros,PB,São José dos Cordeiros,PB,municipio
sao mamede,PB,São Mamede,PB,municipio
sao miguel de taipu,PB,São Miguel de Taipu,PB,municipio
sao sebastiao de lagoa de roca,PB,São Sebastião de Lagoa de Roça,PB,municipio
sape,PB,Sapé,PB,municipio
sapé,PB,Sapé,PB,municipio
serra branca,PB,Serra Branca,PB,municipio
serra da raiz,PB,Serra da Raiz,PB,municipio
serra grande,PB,Serra Grande,PB,municipio
serra redonda,PB,Serra Redonda,PB,municipio
serraria,PB,Serraria,PB,municipio
sertaozinho,PB,Sertãozinho,PB,municipio
sobrado,PB,Sobrado,PB,municipio
solanea,PB,Solânea,PB,municipio
soledade,PB,Soledade,PB,municipio
solânea,PB,Solânea,PB,municipio
sossego,PB,Sossêgo,PB,municipio
sousa,PB,Sousa,PB,municipio
sume,PB,Sumé,PB,municipio
sumé,PB,Sumé,PB,municipio
são bentinho,PB,São Bentinho,PB,municipio
são bento,PB,São Bento,PB,municipio
são josé da lagoa tapada,PB,São José da Lagoa Tapada,PB,municipio
são josé da mata,PB,Campina Grande,PB,distrito
são josé de caiana,PB,São José de Caiana,PB,municipio
são josé de piranhas,PB,São José de Piranhas,PB,municipio
são josé do bonfim,PB,São José do Bonfim,PB,municipio
são josé do sabugi,PB,São José do Sabugi,PB,municipio
são josé dos ramos,PB,São José dos Ramos,PB,municipio
são joão do cariri,PB,São João do Cariri,PB,municipio
são joão do rio do peixe,PB,São João do Rio do Peixe,PB,municipio
são mamede,PB,São Mamede,PB,municipio
taperoa,PB,Taperoá,PB,municipio
taperoá,PB,Taperoá,PB,municipio
tavares,PB,Tavares,PB,municipio
teixeira,PB,Teixeira,PB,municipio
tenorio,PB,Tenório,PB,municipio
triunfo,PB,Triunfo,PB,municipio
uirauna,PB,Uiraúna,PB,municipio
uiraúna,PB,Uiraúna,PB,municipio
umbuzeiro,PB,Umbuzeiro,PB,municipio
varzea,PB,Várzea,PB,municipio
varzea nova,PB,Santa Rita,PB,viacep
vista serrana,PB,Vista Serrana,PB,municipio
várzea,PB,Várzea,PB,municipio
várzea nova,PB,Santa Rita,PB,viacep
zabele,PB,Zabelê,PB,municipio
água branca,PB,Água Branca,PB,municipio
abreu e lima,PE,Abreu e Lima,PE,municipio
afogados da ingazeira,PE,Afogados da Ingazeira,PE,municipio
afranio,PE,Afrânio,PE,municipio
afrânio,PE,Afrânio,PE,municipio
agrestina,PE,Agrestina,PE,municipio
agua preta,PE,Água Preta,PE,municipio
aguas belas,PE,Águas Belas,PE,municipio
alagoinha,PE,Alagoinha,PE,municipio
alianca,PE,Aliança,PE,municipio
aliança,PE,Aliança,PE,municipio
altinho,PE,Altinho,PE,municipio
amaraji,PE,Amaraji,PE,municipio
angelim,PE,Angelim,PE,municipio
aracoiaba,PE,Araçoiaba,PE,municipio
araripina,PE,Araripina,PE,municipio
araçoiaba,PE,Araçoiaba,PE,municipio
arcoverde,PE,Arcoverde,PE,municipio
barra de guabiraba,PE,Barra de Guabiraba,PE,municipio
barreiros,PE,Barreiros,PE,municipio
batateira,PE,Belém de Maria,PE,distrito
belem de maria,PE,Belém de Maria,PE,municipio
belem de sao francisco,PE,Belém do São Francisco,PE,fuzzy
belem do sao francisco,PE,Belém do São Francisco,PE,municipio
belo jardim,PE,Belo Jardim,PE,municipio
belém do são francisco,PE,Belém do São Francisco,PE,municipio
betania,PE,Betânia,PE,municipio
betânia,PE,Betânia,PE,municipio
bezerros,PE,Bezerros,PE,municipio
bizarra,PE,Bom Jardim,PE,distrito
bodoco,PE,Bodocó,PE,municipio
bodocó,PE,Bodocó,PE,municipio
bom conselho,PE,Bom Conselho,PE,municipio
bom jardim,PE,Bom Jardim,PE,municipio
bonito,PE,Bonito,PE,municipio
brejao,PE,Brejão,PE,municipio
brejinho,PE,Brejinho,PE,municipio
brejo da madre de deus,PE,Brejo da Madre de Deus,PE,municipio
brejão,PE,Brejão,PE,municipio
buenos aires,PE,Buenos Aires,PE,municipio
buique,PE,Buíque,PE,municipio
buíque,PE,Buíque,PE,municipio
cabo de santo agostinho,PE,Cabo de Santo Agostinho,PE,municipio
cabrobo,PE,Cabrobó,PE,municipio
cabrobó,PE,Cabrobó,PE,municipio
cachoeirinha,PE,Cachoeirinha,PE,municipio
caetes,PE,Caetés,PE,municipio
caetés,PE,Caetés,PE,municipio
calcado,PE,Calçado,PE,municipio
calumbi,PE,Calumbi,PE,municipio
camaragibe,PE,Camaragibe,PE,municipio
camela,PE,Ipojuca,PE,distrito
camocim de sao felix,PE,Camocim de São Félix,PE,municipio
camocim de são félix,PE,Camocim de São Félix,PE,municipio
camutanga,PE,Camutanga,PE,municipio
canhotinho,PE,Canhotinho,PE,municipio
capoeiras,PE,Capoeiras,PE,municipio
caraiba,PE,Carnaíba,PE,fuzzy
carnaiba,PE,Carnaíba,PE,municipio
carnaubeira da penha,PE,Carnaubeira da Penha,PE,municipio
carnaíba,PE,Carnaíba,PE,municipio
carpina,PE,Carpina,PE,municipio
caruaru,PE,Caruaru,PE,municipio
casinhas,PE,Casinhas,PE,municipio
catende,PE,Catende,PE,municipio
cedro,PE,Cedro,PE,municipio
cha de alegria,PE,Chã de Alegria,PE,municipio
cha grande,PE,Chã Grande,PE,municipio
chã de alegria,PE,Chã de Alegria,PE,municipio
chã grande,PE,Chã Grande,PE,municipio
condado,PE,Condado,PE,municipio
correntes,PE,Correntes,PE,municipio
cortes,PE,Cortês,PE,municipio
cortês,PE,Cortês,PE,municipio
cruzes,PE,Panelas,PE,distrito
cumaru,PE,Cumaru,PE,municipio
cupira,PE,Cupira,PE,municipio
custodia,PE,Custódia,PE,municipio
custódia,PE,Custódia,PE,municipio
dormentes,PE,Dormentes,PE,municipio
escada,PE,Escada,PE,municipio
exu,PE,Exu,PE,municipio
fazenda nova,PE,Brejo da Madre de Deus,PE,distrito
feira nova,PE,Feira Nova,PE,municipio
fernando de noronha,PE,Fernando de Noronha,PE,municipio
ferreiros,PE,Ferreiros,PE,municipio
flores,PE,Flores,PE,municipio
floresta,PE,Floresta,PE,municipio
frei miguelinho,PE,Frei Miguelinho,PE,municipio
gameleira,PE,Gameleira,PE,municipio
garanhuns,PE,Garanhuns,PE,municipio
gloria do goita,PE,Glória do Goitá,PE,municipio
glória do goitá,PE,Glória do Goitá,PE,municipio
goiana,PE,Goiana,PE,municipio
granito,PE,Granito,PE,municipio
gravata,PE,Gravatá,PE,municipio
gravatá,PE,Gravatá,PE,municipio
iati,PE,Iati,PE,municipio
ibimirim,PE,Ibimirim,PE,municipio
ibirajuba,PE,Ibirajuba,PE,municipio
ibitiranga,PE,Carnaíba,PE,distrito
igarassu,PE,Igarassu,PE,municipio
iguaraci,PE,Iguaracy,PE,fuzzy
ilha de itamaraca,PE,Ilha de Itamaracá,PE,municipio
ilha de itamaracá,PE,Ilha de Itamaracá,PE,municipio
inaja,PE,Inajá,PE,municipio
inajá,PE,Inajá,PE,municipio
ingazeira,PE,Ingazeira,PE,municipio
ipojuca,PE,Ipojuca,PE,municipio
ipubi,PE,Ipubi,PE,municipio
itacuruba,PE,Itacuruba,PE,municipio
itaiba,PE,Itaíba,PE,municipio
itamaraca,PE,Ilha de Itamaracá,PE,viacep
itambe,PE,Itambé,PE,municipio
itambé,PE,Itambé,PE,municipio
itapetim,PE,Itapetim,PE,municipio
itapissuma,PE,Itapissuma,PE,municipio
itaquitinga,PE,Itaquitinga,PE,municipio
itaíba,PE,Itaíba,PE,municipio
jabitaca,PE,Iguaracy,PE,distrito
jaboatao dos guararapes,PE,Jaboatão dos Guararapes,PE,municipio
jaboatão dos guararapes,PE,Jaboatão dos Guararapes,PE,municipio
jaboatão dos gurarapes,PE,Jaboatão dos Guararapes,PE,fuzzy
jaqueira,PE,Jaqueira,PE,municipio
jatauba,PE,Jataúba,PE,municipio
jatoba,PE,Jatobá,PE,municipio
jatobá,PE,Jatobá,PE,municipio
joao alfredo,PE,João Alfredo,PE,municipio
joaquim nabuco,PE,Joaquim Nabuco,PE,municipio
joão alfredo,PE,João Alfredo,PE,municipio
jucati,PE,Jucati,PE,municipio
jupi,PE,Jupi,PE,municipio
jurema,PE,Jurema,PE,municipio
lagoa do carro,PE,Lagoa do Carro,PE,municipio
lagoa do itaenga,PE,Lagoa de Itaenga,PE,fuzzy
lagoa do ouro,PE,Lagoa do Ouro,PE,municipio
lagoa dos gatos,PE,Lagoa dos Gatos,PE,municipio
lagoa grande,PE,Lagoa Grande,PE,municipio
laje grande,PE,Catende,PE,distrito
lajedo,PE,Lajedo,PE,municipio
limoeiro,PE,Limoeiro,PE,municipio
macaparana,PE,Macaparana,PE,municipio
machados,PE,Machados,PE,municipio
manari,PE,Manari,PE,municipio
maraial,PE,Maraial,PE,municipio
mirandiba,PE,Mirandiba,PE,municipio
moreilandia,PE,Moreilândia,PE,municipio
moreilândia,PE,Moreilândia,PE,municipio
moreno,PE,Moreno,PE,municipio
nazare da mata,PE,Nazaré da Mata,PE,municipio
nazaré da mata,PE,Nazaré da Mata,PE,municipio
nossa senhora da luz,PE,São Lourenço da Mata,PE,distrito
nossa senhora do o,PE,Ipojuca,PE,distrito
nossa senhora do ó,PE,Ipojuca,PE,distrito
olinda,PE,Olinda,PE,municipio
orobo,PE,Orobó,PE,municipio
orobó,PE,Orobó,PE,municipio
oroco,PE,Orocó,PE,municipio
orocó,PE,Orocó,PE,municipio
ouricuri,PE,Ouricuri,PE,municipio
palmares,PE,Palmares,PE,municipio
palmeirina,PE,Palmeirina,PE,municipio
panelas,PE,Panelas,PE,municipio
paranatama,PE,Paranatama,PE,municipio
parnamirim,PE,Parnamirim,PE,municipio
passira,PE,Passira,PE,municipio
paudalho,PE,Paudalho,PE,municipio
paulista,PE,Paulista,PE,municipio
pedra,PE,Pedra,PE,municipio
perpétuo socorro,PE,Alagoinha,PE,distrito
pesqueira,PE,Pesqueira,PE,municipio
petrolandia,PE,Petrolândia,PE,municipio
petrolina,PE,Petrolina,PE,municipio
petrolândia,PE,Petrolândia,PE,municipio
pirituba,PE,Vitória de Santo Antão,PE,distrito
pocao,PE,Poção,PE,municipio
pombos,PE,Pombos,PE,municipio
poção,PE,Poção,PE,municipio
primavera,PE,Primavera,PE,municipio
quipapa,PE,Quipapá,PE,municipio
quixabá,PE,Quixaba,PE,municipio
quixada,PE,Quixaba,PE,fuzzy
rainha isabel,PE,Bom Conselho,PE,distrito
rajada,PE,Petrolina,PE,distrito
recife,PE,Recife,PE,municipio
riacho das almas,PE,Riacho das Almas,PE,municipio
ribeirao,PE,Ribeirão,PE,municipio
ribeirão,PE,Ribeirão,PE,municipio
rio formoso,PE,Rio Formoso,PE,municipio
saire,PE,Sairé,PE,municipio
sairé,PE,Sairé,PE,municipio
salgadinho,PE,Salgadinho,PE,municipio
salgueiro,PE,Salgueiro,PE,municipio
saloa,PE,Saloá,PE,municipio
saloá,PE,Saloá,PE,municipio
sanharo,PE,Sanharó,PE,municipio
sanharó,PE,Sanharó,PE,municipio
santa cruz,PE,Santa Cruz,PE,municipio
santa cruz da baixa verde,PE,Santa Cruz da Baixa Verde,PE,municipio
santa cruz do capibaribe,PE,Santa Cruz do Capibaribe,PE,municipio
santa filomena,PE,Santa Filomena,PE,municipio
santa maria da boa vista,PE,Santa Maria da Boa Vista,PE,municipio
santa maria do cambuca,PE,Santa Maria do Cambucá,PE,municipio
santa maria do cambucá,PE,Santa Maria do Cambucá,PE,municipio
santa terezinha,PE,Santa Terezinha,PE,municipio
santo agostinho,PE,Cabo de Santo Agostinho,PE,distrito
santo antonio das queimadas,PE,Jurema,PE,distrito
santo antônio das queimadas,PE,Jurema,PE,distrito
sao benedito do sul,PE,São Benedito do Sul,PE,municipio
sao bento do una,PE,São Bento do Una,PE,municipio
sao caitano,PE,São Caitano,PE,municipio
sao domingos,PE,Brejo da Madre de Deus,PE,distrito
sao joao,PE,São João,PE,municipio
sao joaquim do monte,PE,São Joaquim do Monte,PE,municipio
sao jose da coroa grande,PE,São José da Coroa Grande,PE,municipio
sao jose do belmonte,PE,São José do Belmonte,PE,municipio
sao jose do egito,PE,São José do Egito,PE,municipio
sao lourenco da mata,PE,São Lourenço da Mata,PE,municipio
sao pedro,PE,Garanhuns,PE,distrito
sao vicente ferrer,PE,São Vicente Férrer,PE,municipio
serra do vento,PE,Belo Jardim,PE,distrito
serra talhada,PE,Serra Talhada,PE,municipio
serrita,PE,Serrita,PE,municipio
sertania,PE,Sertânia,PE,municipio
sertânia,PE,Sertânia,PE,municipio
siriji,PE,São Vicente Férrer,PE,distrito
sirinhaem,PE,Sirinhaém,PE,municipio
sirinhaém,PE,Sirinhaém,PE,municipio
solidao,PE,Solidão,PE,municipio
surubim,PE,Surubim,PE,municipio
são benedito do sul,PE,São Benedito do Sul,PE,municipio
são bento do una,PE,São Bento do Una,PE,municipio
são caitano,PE,São Caitano,PE,municipio
são domingos,PE,Brejo da Madre de Deus,PE,distrito
são joaquim do monte,PE,São Joaquim do Monte,PE,municipio
são josé da coroa grande,PE,São José da Coroa Grande,PE,municipio
são josé do belmonte,PE,São José do Belmonte,PE,municipio
são josé do egito,PE,São José do Egito,PE,municipio
são joão,PE,São João,PE,municipio
são lourenço da mata,PE,São Lourenço da Mata,PE,municipio
são vicente ferrer,PE,São Vicente Férrer,PE,municipio
tabira,PE,Tabira,PE,municipio
tacaimbo,PE,Tacaimbó,PE,municipio
tacaratu,PE,Tacaratu,PE,municipio
tamandare,PE,Tamandaré,PE,municipio
tamandaré,PE,Tamandaré,PE,municipio
taquaritinga do norte,PE,Taquaritinga do Norte,PE,municipio
terezinha,PE,Terezinha,PE,municipio
terra nova,PE,Terra Nova,PE,municipio
timbauba,PE,Timbaúba,PE,municipio
timbaúba,PE,Timbaúba,PE,municipio
toritama,PE,Toritama,PE,municipio
tracunhaem,PE,Tracunhaém,PE,municipio
tracunhaém,PE,Tracunhaém,PE,municipio
trindade,PE,Trindade,PE,municipio
triunfo,PE,Triunfo,PE,municipio
tupanatinga,PE,Tupanatinga,PE,municipio
tuparetama,PE,Tuparetama,PE,municipio
venturosa,PE,Venturosa,PE,municipio
verdejante,PE,Verdejante,PE,municipio
vertente do lerio,PE,Vertente do Lério,PE,municipio
vertentes,PE,Vertentes,PE,municipio
vicencia,PE,Vicência,PE,municipio
vitoria de santo antao,PE,Vitória de Santo Antão,PE,municipio
vitória de santo antão,PE,Vitória de Santo Antão,PE,municipio
xexeu,PE,Xexéu,PE,municipio
xexéu,PE,Xexéu,PE,municipio
água fria,PE,Belo Jardim,PE,distrito
água preta,PE,Água Preta,PE,municipio
águas belas,PE,Águas Belas,PE,municipio
acaua,PI,Acauã,PI,municipio
acauã,PI,Acauã,PI,municipio
agricolandia,PI,Agricolândia,PI,municipio
agricolândia,PI,Agricolândia,PI,municipio
agua branca,PI,Água Branca,PI,municipio
alagoinha do piaui,PI,Alagoinha do Piauí,PI,municipio
alagoinha do piauí,PI,Alagoinha do Piauí,PI,municipio
alegrete do piaui,PI,Alegrete do Piauí,PI,municipio
alegrete do piauí,PI,Alegrete do Piauí,PI,municipio
alto longa,PI,Alto Longá,PI,municipio
altos,PI,Altos,PI,municipio
alvorada do gurgueia,PI,Alvorada do Gurguéia,PI,municipio
alvorada do gurguéia,PI,Alvorada do Gurguéia,PI,municipio
amarante,PI,Amarante,PI,municipio
angical do piaui,PI,Angical do Piauí,PI,municipio
angical do piauí,PI,Angical do Piauí,PI,municipio
anisio de abreu,PI,Anísio de Abreu,PI,municipio
antonio almeida,PI,Antônio Almeida,PI,municipio
antônio almeida,PI,Antônio Almeida,PI,municipio
aroazes,PI,Aroazes,PI,municipio
arraial,PI,Arraial,PI,municipio
assuncao do piaui,PI,Assunção do Piauí,PI,municipio
avelino lopes,PI,Avelino Lopes,PI,municipio
baixa grande do ribeiro,PI,Baixa Grande do Ribeiro,PI,municipio
barra d'alcantara,PI,Barra D'Alcântara,PI,municipio
barra d'alcântara,PI,Barra D'Alcântara,PI,municipio
barras,PI,Barras,PI,municipio
barreiras do piaui,PI,Barreiras do Piauí,PI,municipio
barreiras do piauí,PI,Barreiras do Piauí,PI,municipio
barro duro,PI,Barro Duro,PI,municipio
batalha,PI,Batalha,PI,municipio
bela vista do piaui,PI,Bela Vista do Piauí,PI,municipio
bela vista do piauí,PI,Bela Vista do Piauí,PI,municipio
belem do piaui,PI,Belém do Piauí,PI,municipio
beneditinos,PI,Beneditinos,PI,municipio
bertolinia,PI,Bertolínia,PI,municipio
bertolínia,PI,Bertolínia,PI,municipio
betania do piaui,PI,Betânia do Piauí,PI,municipio
betânia do piauí,PI,Betânia do Piauí,PI,municipio
boa hora,PI,Boa Hora,PI,municipio
bocaina,PI,Bocaina,PI,municipio
bom jesus,PI,Bom Jesus,PI,municipio
bom principio do piaui,PI,Bom Princípio do Piauí,PI,municipio
boqueirao do piaui,PI,Boqueirão do Piauí,PI,municipio
boqueirão do piauí,PI,Boqueirão do Piauí,PI,municipio
brasileira,PI,Brasileira,PI,municipio
brejo do piaui,PI,Brejo do Piauí,PI,municipio
buriti dos lopes,PI,Buriti dos Lopes,PI,municipio
buriti dos montes,PI,Buriti dos Montes,PI,municipio
cabeceiras do piaui,PI,Cabeceiras do Piauí,PI,municipio
cajazeiras do piauí,PI,Cajazeiras do Piauí,PI,municipio
cajueiro da praia,PI,Cajueiro da Praia,PI,municipio
caldeirao grande do piaui,PI,Caldeirão Grande do Piauí,PI,municipio
caldeirão grande do piauí,PI,Caldeirão Grande do Piauí,PI,municipio
campinas do piaui,PI,Campinas do Piauí,PI,municipio
campinas do piauí,PI,Campinas do Piauí,PI,municipio
campo alegre do fidalgo,PI,Campo Alegre do Fidalgo,PI,municipio
campo grande do piaui,PI,Campo Grande do Piauí,PI,municipio
campo grande do piauí,PI,Campo Grande do Piauí,PI,municipio
campo maior,PI,Campo Maior,PI,municipio
canto do buriti,PI,Canto do Buriti,PI,municipio
capitao de campos,PI,Capitão de Campos,PI,municipio
capitao gervasio oliveira,PI,Capitão Gervásio Oliveira,PI,municipio
capitão de campos,PI,Capitão de Campos,PI,municipio
capitão gervásio oliveira,PI,Capitão Gervásio Oliveira,PI,municipio
caracol,PI,Caracol,PI,municipio
caraubas do piaui,PI,Caraúbas do Piauí,PI,municipio
caridade do piaui,PI,Caridade do Piauí,PI,municipio
caridade do piauí,PI,Caridade do Piauí,PI,municipio
castelo do piaui,PI,Castelo do Piauí,PI,municipio
castelo do piauí,PI,Castelo do Piauí,PI,municipio
caxingo,PI,Caxingó,PI,municipio
cocal,PI,Cocal,PI,municipio
cocal de telha,PI,Cocal de Telha,PI,municipio
cocal dos alves,PI,Cocal dos Alves,PI,municipio
coivaras,PI,Coivaras,PI,municipio
colonia do gurgueia,PI,Colônia do Gurguéia,PI,municipio
colonia do piaui,PI,Colônia do Piauí,PI,municipio
colônia do gurguéia,PI,Colônia do Gurguéia,PI,municipio
colônia do piauí,PI,Colônia do Piauí,PI,municipio
conceicao do caninde,PI,Conceição do Canindé,PI,municipio
coronel jose dias,PI,Coronel José Dias,PI,municipio
corrente,PI,Corrente,PI,municipio
cristalandia do piaui,PI,Cristalândia do Piauí,PI,municipio
cristalândia do piauí,PI,Cristalândia do Piauí,PI,municipio
cristino castro,PI,Cristino Castro,PI,municipio
curimata,PI,Curimatá,PI,municipio
curimatá,PI,Curimatá,PI,municipio
curral novo do piaui,PI,Curral Novo do Piauí,PI,municipio
curralinhos,PI,Curralinhos,PI,municipio
demerval lobao,PI,Demerval Lobão,PI,municipio
dirceu arcoverde,PI,Dirceu Arcoverde,PI,municipio
dom expedito lopes,PI,Dom Expedito Lopes,PI,municipio
dom inocencio,PI,Dom Inocêncio,PI,municipio
domingos mourao,PI,Domingos Mourão,PI,municipio
domingos mourão,PI,Domingos Mourão,PI,municipio
elesbao veloso,PI,Elesbão Veloso,PI,municipio
elesbão veloso,PI,Elesbão Veloso,PI,municipio
eliseu martins,PI,Eliseu Martins,PI,municipio
esperantina,PI,Esperantina,PI,municipio
fartura do piauí,PI,Fartura do Piauí,PI,municipio
flores do piaui,PI,Flores do Piauí,PI,municipio
flores do piauí,PI,Flores do Piauí,PI,municipio
floresta do piaui,PI,Floresta do Piauí,PI,municipio
floriano,PI,Floriano,PI,municipio
francinopolis,PI,Francinópolis,PI,municipio
francinópolis,PI,Francinópolis,PI,municipio
francisco ayres,PI,Francisco Ayres,PI,municipio
francisco santos,PI,Francisco Santos,PI,municipio
fronteiras,PI,Fronteiras,PI,municipio
gilbues,PI,Gilbués,PI,municipio
guadalupe,PI,Guadalupe,PI,municipio
guaribas,PI,Guaribas,PI,municipio
hugo napoleao,PI,Hugo Napoleão,PI,municipio
hugo napoleão,PI,Hugo Napoleão,PI,municipio
ilha grande,PI,Ilha Grande,PI,municipio
inhuma,PI,Inhuma,PI,municipio
ipiranga do piaui,PI,Ipiranga do Piauí,PI,municipio
ipiranga do piauí,PI,Ipiranga do Piauí,PI,municipio
isaias coelho,PI,Isaías Coelho,PI,municipio
isaías coelho,PI,Isaías Coelho,PI,municipio
itainopolis,PI,Itainópolis,PI,municipio
itainópolis,PI,Itainópolis,PI,municipio
itaueira,PI,Itaueira,PI,municipio
jacobina do piaui,PI,Jacobina do Piauí,PI,municipio
jaicos,PI,Jaicós,PI,municipio
jaicós,PI,Jaicós,PI,municipio
jardim do mulato,PI,Jardim do Mulato,PI,municipio
joaquim pires,PI,Joaquim Pires,PI,municipio
joca marques,PI,Joca Marques,PI,municipio
jose de freitas,PI,José de Freitas,PI,municipio
josé de freitas,PI,José de Freitas,PI,municipio
juazeiro do piaui,PI,Juazeiro do Piauí,PI,municipio
juazeiro do piauí,PI,Juazeiro do Piauí,PI,municipio
julio borges,PI,Júlio Borges,PI,municipio
jurema,PI,Jurema,PI,municipio
lagoa alegre,PI,Lagoa Alegre,PI,municipio
lagoa de sao francisco,PI,Lagoa de São Francisco,PI,municipio
lagoa do barro do piaui,PI,Lagoa do Barro do Piauí,PI,municipio
lagoa do piaui,PI,Lagoa do Piauí,PI,municipio
lagoa do sitio,PI,Lagoa do Sítio,PI,municipio
lagoinha do piaui,PI,Lagoinha do Piauí,PI,municipio
lagoinha do piauí,PI,Lagoinha do Piauí,PI,municipio
landri sales,PI,Landri Sales,PI,municipio
luis correia,PI,Luís Correia,PI,municipio
luzilandia,PI,Luzilândia,PI,municipio
luzilândia,PI,Luzilândia,PI,municipio
luís correia,PI,Luís Correia,PI,municipio
madeiro,PI,Madeiro,PI,municipio
manoel emidio,PI,Manoel Emídio,PI,municipio
manoel emídio,PI,Manoel Emídio,PI,municipio
marcolandia,PI,Marcolândia,PI,municipio
marcolândia,PI,Marcolândia,PI,municipio
marcos parente,PI,Marcos Parente,PI,municipio
massape do piaui,PI,Massapê do Piauí,PI,municipio
matias olimpio,PI,Matias Olímpio,PI,municipio
matias olímpio,PI,Matias Olímpio,PI,municipio
miguel alves,PI,Miguel Alves,PI,municipio
miguel leao,PI,Miguel Leão,PI,municipio
milton brandao,PI,Milton Brandão,PI,municipio
monsenhor gil,PI,Monsenhor Gil,PI,municipio
monsenhor hipolito,PI,Monsenhor Hipólito,PI,municipio
monsenhor hipólito,PI,Monsenhor Hipólito,PI,municipio
monte alegre do piaui,PI,Monte Alegre do Piauí,PI,municipio
morro cabeca no tempo,PI,Morro Cabeça no Tempo,PI,municipio
morro cabeça no tempo,PI,Morro Cabeça no Tempo,PI,municipio
morro do chapeu do piaui,PI,Morro do Chapéu do Piauí,PI,municipio
murici dos portelas,PI,Murici dos Portelas,PI,municipio
nazare do piaui,PI,Nazaré do Piauí,PI,municipio
nossa senhora de nazare,PI,Nossa Senhora de Nazaré,PI,municipio
nossa senhora dos remedios,PI,Nossa Senhora dos Remédios,PI,municipio
nova santa rita,PI,Nova Santa Rita,PI,municipio
novo oriente do piaui,PI,Novo Oriente do Piauí,PI,municipio
novo oriente do piauí,PI,Novo Oriente do Piauí,PI,municipio
novo santo antonio,PI,Novo Santo Antônio,PI,municipio
novo santo antônio,PI,Novo Santo Antônio,PI,municipio
oeiras,PI,Oeiras,PI,municipio
olho d'água do piauí,PI,Olho D'Água do Piauí,PI,municipio
padre marcos,PI,Padre Marcos,PI,municipio
paes landim,PI,Paes Landim,PI,municipio
pajeu do piaui,PI,Pajeú do Piauí,PI,municipio
palmeira do piaui,PI,Palmeira do Piauí,PI,municipio
palmeira do piauí,PI,Palmeira do Piauí,PI,municipio
palmeirais,PI,Palmeirais,PI,municipio
paqueta,PI,Paquetá,PI,municipio
parnagua,PI,Parnaguá,PI,municipio
parnaguá,PI,Parnaguá,PI,municipio
parnaiba,PI,Parnaíba,PI,municipio
parnaíba,PI,Parnaíba,PI,municipio
passagem franca do piaui,PI,Passagem Franca do Piauí,PI,municipio
paulistana,PI,Paulistana,PI,municipio
pavussu,PI,Pavussu,PI,municipio
pedro ii,PI,Pedro II,PI,municipio
pedro laurentino,PI,Pedro Laurentino,PI,municipio
picos,PI,Picos,PI,municipio
pimenteiras,PI,Pimenteiras,PI,municipio
pio ix,PI,Pio IX,PI,municipio
piracuruca,PI,Piracuruca,PI,municipio
piripiri,PI,Piripiri,PI,municipio
porto,PI,Porto,PI,municipio
porto alegre do piaui,PI,Porto Alegre do Piauí,PI,municipio
prata do piaui,PI,Prata do Piauí,PI,municipio
queimada nova,PI,Queimada Nova,PI,municipio
redencao do gurgueia,PI,Redenção do Gurguéia,PI,municipio
regeneracao,PI,Regeneração,PI,municipio
regeneração,PI,Regeneração,PI,municipio
riacho frio,PI,Riacho Frio,PI,municipio
ribeira do piaui,PI,Ribeira do Piauí,PI,municipio
ribeiro goncalves,PI,Ribeiro Gonçalves,PI,municipio
ribeiro gonçalves,PI,Ribeiro Gonçalves,PI,municipio
rio grande do piaui,PI,Rio Grande do Piauí,PI,municipio
rio grande do piauí,PI,Rio Grande do Piauí,PI,municipio
santa cruz do piaui,PI,Santa Cruz do Piauí,PI,municipio
santa cruz dos milagres,PI,Santa Cruz dos Milagres,PI,municipio
santa filomena,PI,Santa Filomena,PI,municipio
santa luz,PI,Santa Luz,PI,municipio
santa rosa do piaui,PI,Santa Rosa do Piauí,PI,municipio
santana do piaui,PI,Santana do Piauí,PI,municipio
santana do piauí,PI,Santana do Piauí,PI,municipio
santo antonio de lisboa,PI,Santo Antônio de Lisboa,PI,municipio
santo inacio do piaui,PI,Santo Inácio do Piauí,PI,municipio
santo inácio do piauí,PI,Santo Inácio do Piauí,PI,municipio
sao braz do piaui,PI,São Braz do Piauí,PI,municipio
sao felix do piaui,PI,São Félix do Piauí,PI,municipio
sao francisco de assis do piaui,PI,São Francisco de Assis do Piauí,PI,municipio
sao francisco do piaui,PI,São Francisco do Piauí,PI,municipio
sao goncalo do gurgueia,PI,São Gonçalo do Gurguéia,PI,municipio
sao goncalo do piaui,PI,São Gonçalo do Piauí,PI,municipio
sao joao da canabrava,PI,São João da Canabrava,PI,municipio
sao joao da fronteira,PI,São João da Fronteira,PI,municipio
sao joao da serra,PI,São João da Serra,PI,municipio
sao joao da varjota,PI,São João da Varjota,PI,municipio
sao joao do piaui,PI,São João do Piauí,PI,municipio
sao jose do divino,PI,São José do Divino,PI,municipio
sao jose do peixe,PI,São José do Peixe,PI,municipio
sao jose do piaui,PI,São José do Piauí,PI,municipio
sao juliao,PI,São Julião,PI,municipio
sao lourenco do piaui,PI,São Lourenço do Piauí,PI,municipio
sao miguel da baixa grande,PI,São Miguel da Baixa Grande,PI,municipio
sao miguel do fidalgo,PI,São Miguel do Fidalgo,PI,municipio
sao miguel do tapuio,PI,São Miguel do Tapuio,PI,municipio
sao pedro do piaui,PI,São Pedro do Piauí,PI,municipio
sao raimundo nonato,PI,São Raimundo Nonato,PI,municipio
sebastiao leal,PI,Sebastião Leal,PI,municipio
sigefredo pacheco,PI,Sigefredo Pacheco,PI,municipio
simoes,PI,Simões,PI,municipio
simplicio mendes,PI,Simplício Mendes,PI,municipio
simplício mendes,PI,Simplício Mendes,PI,municipio
simões,PI,Simões,PI,municipio
socorro do piaui,PI,Socorro do Piauí,PI,municipio
são francisco de assis do piauí,PI,São Francisco de Assis do Piauí,PI,municipio
são francisco do piauí,PI,São Francisco do Piauí,PI,municipio
são félix do piauí,PI,São Félix do Piauí,PI,municipio
são josé do divino,PI,São José do Divino,PI,municipio
são josé do peixe,PI,São José do Peixe,PI,municipio
são joão do piauí,PI,São João do Piauí,PI,municipio
são julião,PI,São Julião,PI,municipio
são miguel da baixa grande,PI,São Miguel da Baixa Grande,PI,municipio
são miguel do fidalgo,PI,São Miguel do Fidalgo,PI,municipio
são miguel do tapuio,PI,São Miguel do Tapuio,PI,municipio
são raimundo nonato,PI,São Raimundo Nonato,PI,municipio
tamboril do piaui,PI,Tamboril do Piauí,PI,municipio
tanque do piaui,PI,Tanque do Piauí,PI,municipio
teresina,PI,Teresina,PI,municipio
uniao,PI,União,PI,municipio
união,PI,União,PI,municipio
urucui,PI,Uruçuí,PI,municipio
uruçuí,PI,Uruçuí,PI,municipio
valenca do piaui,PI,Valença do Piauí,PI,municipio
valença do piauí,PI,Valença do Piauí,PI,municipio
varzea branca,PI,Várzea Branca,PI,municipio
varzea grande,PI,Várzea Grande,PI,municipio
vera mendes,PI,Vera Mendes,PI,municipio
vila nova do piaui,PI,Vila Nova do Piauí,PI,municipio
várzea branca,PI,Várzea Branca,PI,municipio
várzea grande,PI,Várzea Grande,PI,municipio
wall ferraz,PI,Wall Ferraz,PI,municipio
água branca,PI,Água Branca,PI,municipio
* cidade,PR,Curitiba,PR,viacep
4o. centenario,PR,Quarto Centenário,PR,viacep
4º centenario,PR,Quarto Centenário,PR,viacep
abatia,PR,Abatiá,PR,municipio
abatiá,PR,Abatiá,PR,municipio
adhemar de barros,PR,Terra Rica,PR,distrito
adrianopolis,PR,Adrianópolis,PR,municipio
adrianópolis,PR,Adrianópolis,PR,municipio
agudos do sul,PR,Agudos do Sul,PR,municipio
alexandra,PR,Paranaguá,PR,distrito
almirante tamandare,PR,Almirante Tamandaré,PR,municipio
almirante tamandaré,PR,Almirante Tamandaré,PR,municipio
altamira do parana,PR,Altamira do Paraná,PR,municipio
altamira do paraná,PR,Altamira do Paraná,PR,municipio
alto alegre,PR,Colorado,PR,distrito
alto alegre do iguacu,PR,Capitão Leônidas Marques,PR,distrito
alto paraiso,PR,Alto Paraíso,PR,municipio
alto parana,PR,Alto Paraná,PR,municipio
alto paraná,PR,Alto Paraná,PR,municipio
alto paraíso,PR,Alto Paraíso,PR,municipio
alto piquiri,PR,Alto Piquiri,PR,municipio
alto sao joao,PR,Roncador,PR,viacep
altonia,PR,Altônia,PR,municipio
altônia,PR,Altônia,PR,municipio
alvorada do sul,PR,Alvorada do Sul,PR,municipio
amapora,PR,Amaporã,PR,municipio
amaporã,PR,Amaporã,PR,municipio
ampere,PR,Ampére,PR,municipio
ampére,PR,Ampére,PR,municipio
anahy,PR,Anahy,PR,municipio
andira,PR,Andirá,PR,municipio
andira-pr,PR,Barra do Jacaré,PR,manual_review
andirá,PR,Andirá,PR,municipio
angulo,PR,Ângulo,PR,municipio
antonina,PR,Antonina,PR,municipio
antonio olinto,PR,Antônio Olinto,PR,municipio
antônio olinto,PR,Antônio Olinto,PR,municipio
apucarana,PR,Apucarana,PR,municipio
aquidaban,PR,Marialva,PR,viacep
arapongas,PR,Arapongas,PR,municipio
arapoti,PR,Arapoti,PR,municipio
arapua,PR,Arapuã,PR,municipio
arapuã,PR,Arapuã,PR,municipio
araruna,PR,Araruna,PR,municipio
araucaria,PR,Araucária,PR,municipio
araucária,PR,Araucária,PR,municipio
areia branca dos assis,PR,Mandirituba,PR,distrito
ariranha do ivai,PR,Ariranha do Ivaí,PR,municipio
ariranha do ivaí,PR,Ariranha do Ivaí,PR,municipio
assai,PR,Assaí,PR,municipio
assaí,PR,Assaí,PR,municipio
assis chateaubriand,PR,Assis Chateaubriand,PR,municipio
astorga,PR,Astorga,PR,municipio
atalaia,PR,Atalaia,PR,municipio
aurora do iguacu,PR,São Miguel do Iguaçu,PR,distrito
balsa nova,PR,Balsa Nova,PR,municipio
bandeirantes,PR,Bandeirantes,PR,municipio
barbosa ferraz,PR,Barbosa Ferraz,PR,municipio
barra do jacare,PR,Barra do Jacaré,PR,municipio
barra do jacaré,PR,Barra do Jacaré,PR,municipio
barracao,PR,Barracão,PR,municipio
barracão,PR,Barracão,PR,municipio
bela vista da caroba,PR,Bela Vista da Caroba,PR,municipio
bela vista do paraiso,PR,Bela Vista do Paraíso,PR,municipio
bela vista do paraíso,PR,Bela Vista do Paraíso,PR,municipio
bentopolis,PR,Guaraci,PR,distrito
bituruna,PR,Bituruna,PR,municipio
boa esperanca,PR,Boa Esperança,PR,municipio
boa esperanca do iguacu,PR,Boa Esperança do Iguaçu,PR,municipio
boa esperança,PR,Boa Esperança,PR,municipio
boa esperança do iguaçu,PR,Boa Esperança do Iguaçu,PR,municipio
boa ventura de sao roque,PR,Boa Ventura de São Roque,PR,municipio
boa ventura de são roque,PR,Boa Ventura de São Roque,PR,municipio
boa vista da aparecida,PR,Boa Vista da Aparecida,PR,municipio
bocaiuva do sul,PR,Bocaiúva do Sul,PR,municipio
bocaiúva do sul,PR,Bocaiúva do Sul,PR,municipio
bom jardim do sul,PR,Ivaí,PR,distrito
bom jesus do sul,PR,Bom Jesus do Sul,PR,municipio
bom sucesso,PR,Bom Sucesso,PR,municipio
bom sucesso do sul,PR,Bom Sucesso do Sul,PR,municipio
borda do campo,PR,Quatro Barras,PR,distrito
borrazopolis,PR,Borrazópolis,PR,municipio
borrazópolis,PR,Borrazópolis,PR,municipio
braganey,PR,Braganey,PR,municipio
bragantina,PR,Assis Chateaubriand,PR,distrito
brasilandia do sul,PR,Brasilândia do Sul,PR,municipio
brasilândia do sul,PR,Brasilândia do Sul,PR,municipio
bugre,PR,Balsa Nova,PR,distrito
caetano mendes,PR,Tibagi,PR,distrito
cafeara,PR,Cafeara,PR,municipio
cafelandia,PR,Cafelândia,PR,municipio
cafelândia,PR,Cafelândia,PR,municipio
cafezal do sul,PR,Cafezal do Sul,PR,municipio
california,PR,Califórnia,PR,municipio
califórnia,PR,Califórnia,PR,municipio
cambara,PR,Cambará,PR,municipio
cambará,PR,Cambará,PR,municipio
cambe,PR,Cambé,PR,municipio
cambira,PR,Cambira,PR,municipio
cambé,PR,Cambé,PR,municipio
campina da lagoa,PR,Campina da Lagoa,PR,municipio
campina do simao,PR,Campina do Simão,PR,municipio
campina do simão,PR,Campina do Simão,PR,municipio
campina grande do sul,PR,Campina Grande do Sul,PR,municipio
campo bonito,PR,Campo Bonito,PR,municipio
campo do tenente,PR,Campo do Tenente,PR,municipio
campo largo,PR,Campo Largo,PR,municipio
campo magro,PR,Campo Magro,PR,municipio
campo mourao,PR,Campo Mourão,PR,municipio
campo mourão,PR,Campo Mourão,PR,municipio
candido de abreu,PR,Cândido de Abreu,PR,municipio
candoi,PR,Candói,PR,municipio
candói,PR,Candói,PR,municipio
cantagalo,PR,Cantagalo,PR,municipio
capanema,PR,Capanema,PR,municipio
capitao leonidas marques,PR,Capitão Leônidas Marques,PR,municipio
capitão leônidas marques,PR,Capitão Leônidas Marques,PR,municipio
carambei,PR,Carambeí,PR,municipio
carambeí,PR,Carambeí,PR,municipio
carlopolis,PR,Carlópolis,PR,municipio
carlópolis,PR,Carlópolis,PR,municipio
cascavael,PR,Cascavel,PR,fuzzy
cascavel,PR,Cascavel,PR,municipio
castro,PR,Castro,PR,municipio
catanduvas,PR,Catanduvas,PR,municipio
centenario do sul,PR,Centenário do Sul,PR,municipio
centenário do sul,PR,Centenário do Sul,PR,municipio
cerro azul,PR,Cerro Azul,PR,municipio
ceu azul,PR,Céu Azul,PR,municipio
chopinzinho,PR,Chopinzinho,PR,municipio
cianorte,PR,Cianorte,PR,municipio
cidade gaucha,PR,Cidade Gaúcha,PR,municipio
cidade gaúcha,PR,Cidade Gaúcha,PR,municipio
clevelandia,PR,Clevelândia,PR,municipio
clevelândia,PR,Clevelândia,PR,municipio
colombo,PR,Colombo,PR,municipio
colonia castrolanda,PR,Castro,PR,viacep
colonia jordaozinho,PR,Guarapuava,PR,viacep
colonia vitoria,PR,Guarapuava,PR,viacep
colorado,PR,Colorado,PR,municipio
colônia vitória,PR,Guarapuava,PR,viacep
congonhas,PR,Cornélio Procópio,PR,distrito
congonhinhas,PR,Congonhinhas,PR,municipio
conselheiro mairinck,PR,Conselheiro Mairinck,PR,municipio
contenda,PR,Contenda,PR,municipio
corbelia,PR,Corbélia,PR,municipio
corbélia,PR,Corbélia,PR,municipio
cornelio procopio,PR,Cornélio Procópio,PR,municipio
cornélio procópio,PR,Cornélio Procópio,PR,municipio
coronel domingos soares,PR,Coronel Domingos Soares,PR,municipio
coronel vivida,PR,Coronel Vivida,PR,municipio
corumbatai do sul,PR,Corumbataí do Sul,PR,municipio
cruz machado,PR,Cruz Machado,PR,municipio
cruzeiro do iguacu,PR,Cruzeiro do Iguaçu,PR,municipio
cruzeiro do iguaçu,PR,Cruzeiro do Iguaçu,PR,municipio
cruzeiro do norte,PR,Uraí,PR,distrito
cruzeiro do oeste,PR,Cruzeiro do Oeste,PR,municipio
cruzeiro do sul,PR,Cruzeiro do Sul,PR,municipio
cruzmaltina,PR,Cruzmaltina,PR,municipio
curitiba,PR,Curitiba,PR,municipio
curiuva,PR,Curiúva,PR,municipio
curiúva,PR,Curiúva,PR,municipio
cândido de abreu,PR,Cândido de Abreu,PR,municipio
céu azul,PR,Céu Azul,PR,municipio
dez de maio,PR,Toledo,PR,distrito
diamante d  oeste,PR,Diamante D'Oeste,PR,fuzzy
diamante d'oeste,PR,Diamante D'Oeste,PR,municipio
diamante do norte,PR,Diamante do Norte,PR,municipio
diamante do sul,PR,Diamante do Sul,PR,municipio
doce grande,PR,Quitandinha,PR,distrito
dois irmãos,PR,São João,PR,distrito
dois vizinhos,PR,Dois Vizinhos,PR,municipio
douradina,PR,Douradina,PR,municipio
doutor camargo,PR,Doutor Camargo,PR,municipio
doutor oliveira castro,PR,Guaíra,PR,distrito
doutor ulysses,PR,Doutor Ulysses,PR,municipio
encantado d'oeste,PR,Assis Chateaubriand,PR,distrito
eneas marques,PR,Enéas Marques,PR,municipio
engenheiro beltrao,PR,Engenheiro Beltrão,PR,municipio
engenheiro beltrão,PR,Engenheiro Beltrão,PR,municipio
entre rios do oeste,PR,Entre Rios do Oeste,PR,municipio
enéas marques,PR,Enéas Marques,PR,municipio
esperanca nova,PR,Esperança Nova,PR,municipio
espigao alto do iguacu,PR,Espigão Alto do Iguaçu,PR,municipio
espigão alto do iguaçu,PR,Espigão Alto do Iguaçu,PR,municipio
farol,PR,Farol,PR,municipio
faxinal,PR,Faxinal,PR,municipio
fazenda rio grande,PR,Fazenda Rio Grande,PR,municipio
fenix,PR,Fênix,PR,municipio
fernandes pinheiro,PR,Fernandes Pinheiro,PR,municipio
figueira,PR,Figueira,PR,municipio
flor da serra do sul,PR,Flor da Serra do Sul,PR,municipio
florai,PR,Floraí,PR,municipio
floraí,PR,Floraí,PR,municipio
floresta,PR,Floresta,PR,municipio
florestopolis,PR,Florestópolis,PR,municipio
florestópolis,PR,Florestópolis,PR,municipio
florida,PR,Flórida,PR,municipio
flôr da serra do sul,PR,Flor da Serra do Sul,PR,municipio
formosa do oeste,PR,Formosa do Oeste,PR,municipio
foz do iguacu,PR,Foz do Iguaçu,PR,municipio
foz do iguaçu,PR,Foz do Iguaçu,PR,municipio
foz do jordao,PR,Foz do Jordão,PR,municipio
foz do jordão,PR,Foz do Jordão,PR,municipio
francisco alves,PR,Francisco Alves,PR,municipio
francisco beltrao,PR,Francisco Beltrão,PR,municipio
francisco beltrão,PR,Francisco Beltrão,PR,municipio
fênix,PR,Fênix,PR,municipio
general carneiro,PR,General Carneiro,PR,municipio
godoy moreira,PR,Godoy Moreira,PR,municipio
goioere,PR,Goioerê,PR,municipio
goioerê,PR,Goioerê,PR,municipio
goioxim,PR,Goioxim,PR,municipio
graciosa,PR,Paranavaí,PR,distrito
grandes rios,PR,Grandes Rios,PR,municipio
guaipora,PR,Cafezal do Sul,PR,distrito
guaira,PR,Guaíra,PR,municipio
guairaca,PR,Guairaçá,PR,municipio
guairaçá,PR,Guairaçá,PR,municipio
guamiranga,PR,Guamiranga,PR,municipio
guapirama,PR,Guapirama,PR,municipio
guaporema,PR,Guaporema,PR,municipio
guaraci,PR,Guaraci,PR,municipio
guaraniacu,PR,Guaraniaçu,PR,municipio
guaraniaçu,PR,Guaraniaçu,PR,municipio
guarapuava,PR,Guarapuava,PR,municipio
guaraquecaba,PR,Guaraqueçaba,PR,municipio
guaraqueçaba,PR,Guaraqueçaba,PR,municipio
guaratuba,PR,Guaratuba,PR,municipio
guaíra,PR,Guaíra,PR,municipio
harmonia,PR,Telêmaco Borba,PR,viacep
honorio serpa,PR,Honório Serpa,PR,municipio
honório serpa,PR,Honório Serpa,PR,municipio
ibaiti,PR,Ibaiti,PR,municipio
ibema,PR,Ibema,PR,municipio
ibipora,PR,Ibiporã,PR,municipio
ibiporã,PR,Ibiporã,PR,municipio
icara,PR,Astorga,PR,distrito
icaraima,PR,Icaraíma,PR,municipio
icaraíma,PR,Icaraíma,PR,municipio
iguaracu,PR,Iguaraçu,PR,municipio
iguaraçu,PR,Iguaraçu,PR,municipio
iguatu,PR,Iguatu,PR,municipio
ilha dos valadares,PR,Paranaguá,PR,viacep
imbau,PR,Imbaú,PR,municipio
imbaú,PR,Imbaú,PR,municipio
imbituva,PR,Imbituva,PR,municipio
inacio martins,PR,Inácio Martins,PR,municipio
inaja,PR,Inajá,PR,municipio
inajá,PR,Inajá,PR,municipio
indianopolis,PR,Indianópolis,PR,municipio
inácio martins,PR,Inácio Martins,PR,municipio
ipiranga,PR,Ipiranga,PR,municipio
ipora,PR,Iporã,PR,municipio
iporã,PR,Iporã,PR,municipio
iracema do oeste,PR,Iracema do Oeste,PR,municipio
irati,PR,Irati,PR,municipio
iretama,PR,Iretama,PR,municipio
itaguaje,PR,Itaguajé,PR,municipio
itaguajé,PR,Itaguajé,PR,municipio
itaipulandia,PR,Itaipulândia,PR,municipio
itaipulândia,PR,Itaipulândia,PR,municipio
itambaraca,PR,Itambaracá,PR,municipio
itambaracá,PR,Itambaracá,PR,municipio
itambe,PR,Itambé,PR,municipio
itambé,PR,Itambé,PR,municipio
itapejara d  oeste,PR,Itapejara d'Oeste,PR,fuzzy
itapejara d'oeste,PR,Itapejara d'Oeste,PR,municipio
itaperucu,PR,Itaperuçu,PR,municipio
itaperuçu,PR,Itaperuçu,PR,municipio
itauna do sul,PR,Itaúna do Sul,PR,municipio
itaúna do sul,PR,Itaúna do Sul,PR,municipio
ivai,PR,Ivaí,PR,municipio
ivailandia,PR,Engenheiro Beltrão,PR,distrito
ivaipora,PR,Ivaiporã,PR,municipio
ivaiporã,PR,Ivaiporã,PR,municipio
ivate,PR,Ivaté,PR,municipio
ivatuba,PR,Ivatuba,PR,municipio
ivaté,PR,Ivaté,PR,municipio
ivaí,PR,Ivaí,PR,municipio
jaboti,PR,Jaboti,PR,municipio
jacarezinho,PR,Jacarezinho,PR,municipio
jaguapita,PR,Jaguapitã,PR,municipio
jaguapitã,PR,Jaguapitã,PR,municipio
jaguariaiva,PR,Jaguariaíva,PR,municipio
jaguariaíva,PR,Jaguariaíva,PR,municipio
jandaia do sul,PR,Jandaia do Sul,PR,municipio
jangada,PR,Cafezal do Sul,PR,distrito
janiopolis,PR,Janiópolis,PR,municipio
janiópolis,PR,Janiópolis,PR,municipio
japira,PR,Japira,PR,municipio
japura,PR,Japurá,PR,municipio
japurá,PR,Japurá,PR,municipio
jardim alegre,PR,Jardim Alegre,PR,municipio
jardim olinda,PR,Jardim Olinda,PR,municipio
jataizinho,PR,Jataizinho,PR,municipio
jesuitas,PR,Jesuítas,PR,municipio
jesuítas,PR,Jesuítas,PR,municipio
joaquim tavora,PR,Joaquim Távora,PR,municipio
joaquim távora,PR,Joaquim Távora,PR,municipio
jundiai do sul,PR,Jundiaí do Sul,PR,municipio
jundiaí do sul,PR,Jundiaí do Sul,PR,municipio
juranda,PR,Juranda,PR,municipio
jussara,PR,Jussara,PR,municipio
kalore,PR,Kaloré,PR,municipio
kaloré,PR,Kaloré,PR,municipio
lapa,PR,Lapa,PR,municipio
laranjal,PR,Laranjal,PR,municipio
laranjeiras do sul,PR,Laranjeiras do Sul,PR,municipio
leopolis,PR,Leópolis,PR,municipio
leópolis,PR,Leópolis,PR,municipio
lidianopolis,PR,Lidianópolis,PR,municipio
lindoeste,PR,Lindoeste,PR,municipio
loanda,PR,Loanda,PR,municipio
lobato,PR,Lobato,PR,municipio
londrina,PR,Londrina,PR,municipio
luar,PR,São João do Ivaí,PR,distrito
luiziana,PR,Luiziana,PR,municipio
lunardelli,PR,Lunardelli,PR,municipio
lupionopolis,PR,Lupionópolis,PR,municipio
lupionópolis,PR,Lupionópolis,PR,municipio
mallet,PR,Mallet,PR,municipio
mambore,PR,Mamborê,PR,municipio
mamborê,PR,Mamborê,PR,municipio
mandaguacu,PR,Mandaguaçu,PR,municipio
mandaguari,PR,Mandaguari,PR,municipio
mandaguaçu,PR,Mandaguaçu,PR,municipio
mandirituba,PR,Mandirituba,PR,municipio
manfrinopolis,PR,Manfrinópolis,PR,municipio
mangueirinha,PR,Mangueirinha,PR,municipio
manoel ribas,PR,Manoel Ribas,PR,municipio
marechal candido rondon,PR,Marechal Cândido Rondon,PR,municipio
marechal cândido rondon,PR,Marechal Cândido Rondon,PR,municipio
maria helena,PR,Maria Helena,PR,municipio
marialva,PR,Marialva,PR,municipio
mariental,PR,Lapa,PR,distrito
marilandia do sul,PR,Marilândia do Sul,PR,municipio
marilena,PR,Marilena,PR,municipio
mariluz,PR,Mariluz,PR,municipio
marilândia do sul,PR,Marilândia do Sul,PR,municipio
maringa,PR,Maringá,PR,municipio
maringá,PR,Maringá,PR,municipio
mariopolis,PR,Mariópolis,PR,municipio
maripa,PR,Maripá,PR,municipio
maripá,PR,Maripá,PR,municipio
mariópolis,PR,Mariópolis,PR,municipio
marmeleiro,PR,Marmeleiro,PR,municipio
marquinho,PR,Marquinho,PR,municipio
marumbi,PR,Marumbi,PR,municipio
matelandia,PR,Matelândia,PR,municipio
matelândia,PR,Matelândia,PR,municipio
matinhos,PR,Matinhos,PR,municipio
mato rico,PR,Mato Rico,PR,municipio
maua da serra,PR,Mauá da Serra,PR,municipio
mauá da serra,PR,Mauá da Serra,PR,municipio
medianeira,PR,Medianeira,PR,municipio
mercedes,PR,Mercedes,PR,municipio
mirador,PR,Mirador,PR,municipio
miraselva,PR,Miraselva,PR,municipio
missal,PR,Missal,PR,municipio
moreira sales,PR,Moreira Sales,PR,municipio
morretes,PR,Morretes,PR,municipio
munhoz de melo,PR,Munhoz de Melo,PR,municipio
nossa senhora das gracas,PR,Nossa Senhora das Graças,PR,municipio
nossa senhora das graças,PR,Nossa Senhora das Graças,PR,municipio
nova alianca do ivai,PR,Nova Aliança do Ivaí,PR,municipio
nova aliança do ivaí,PR,Nova Aliança do Ivaí,PR,municipio
nova america da colina,PR,Nova América da Colina,PR,municipio
nova américa da colina,PR,Nova América da Colina,PR,municipio
nova aurora,PR,Nova Aurora,PR,municipio
nova cantu,PR,Nova Cantu,PR,municipio
nova esperanca,PR,Nova Esperança,PR,municipio
nova esperanca do sudoeste,PR,Nova Esperança do Sudoeste,PR,municipio
nova esperança,PR,Nova Esperança,PR,municipio
nova esperança do sudoeste,PR,Nova Esperança do Sudoeste,PR,municipio
nova fatima,PR,Nova Fátima,PR,municipio
nova fátima,PR,Nova Fátima,PR,municipio
nova laranjeiras,PR,Nova Laranjeiras,PR,municipio
nova londrina,PR,Nova Londrina,PR,municipio
nova olimpia,PR,Nova Olímpia,PR,municipio
nova olímpia,PR,Nova Olímpia,PR,municipio
nova prata do iguacu,PR,Nova Prata do Iguaçu,PR,municipio
nova prata do iguaçu,PR,Nova Prata do Iguaçu,PR,municipio
nova santa barbara,PR,Nova Santa Bárbara,PR,municipio
nova santa bárbara,PR,Nova Santa Bárbara,PR,municipio
nova santa rosa,PR,Nova Santa Rosa,PR,municipio
nova tebas,PR,Nova Tebas,PR,municipio
novo itacolomi,PR,Novo Itacolomi,PR,municipio
novo sarandi,PR,Toledo,PR,distrito
novo sobradinho,PR,Toledo,PR,distrito
ortigueira,PR,Ortigueira,PR,municipio
ourizona,PR,Ourizona,PR,municipio
ouro verde do oeste,PR,Ouro Verde do Oeste,PR,municipio
ouro verde do piquiri,PR,Corbélia,PR,distrito
paicandu,PR,Paiçandu,PR,municipio
paincandu,PR,Paiçandu,PR,fuzzy
paiquere,PR,Londrina,PR,distrito
paiçandu,PR,Paiçandu,PR,municipio
palmas,PR,Palmas,PR,municipio
palmeira,PR,Palmeira,PR,municipio
palmeirinha,PR,Guarapuava,PR,distrito
palmital,PR,Palmital,PR,municipio
palotina,PR,Palotina,PR,municipio
panema,PR,Capanema,PR,fuzzy
paraiso do norte,PR,Paraíso do Norte,PR,municipio
parana,PR,Maringá,PR,viacep
paranacity,PR,Paranacity,PR,municipio
paranagua,PR,Paranaguá,PR,municipio
paranaguá,PR,Paranaguá,PR,municipio
paranapoema,PR,Paranapoema,PR,municipio
paranavai,PR,Paranavaí,PR,municipio
paranavaí,PR,Paranavaí,PR,municipio
paraná d'oeste,PR,Moreira Sales,PR,distrito
paraíso do norte,PR,Paraíso do Norte,PR,municipio
pato bragado,PR,Pato Bragado,PR,municipio
pato branco,PR,Pato Branco,PR,municipio
paula freitas,PR,Paula Freitas,PR,municipio
paulo frontin,PR,Paulo Frontin,PR,municipio
peabiru,PR,Peabiru,PR,municipio
perobal,PR,Perobal,PR,municipio
perola,PR,Pérola,PR,municipio
perola d'oeste,PR,Pérola d'Oeste,PR,municipio
perola doeste,PR,Pérola d'Oeste,PR,fuzzy
perola independente,PR,Maripá,PR,distrito
pien,PR,Piên,PR,municipio
pinhais,PR,Pinhais,PR,municipio
pinhais/pr,PR,Pinhais,PR,viacep
pinhal de sao bento,PR,Pinhal de São Bento,PR,municipio
pinhalao,PR,Pinhalão,PR,municipio
pinhalão,PR,Pinhalão,PR,municipio
pinhao,PR,Pinhão,PR,municipio
pinhão,PR,Pinhão,PR,municipio
pirai do sul,PR,Piraí do Sul,PR,municipio
pirapo,PR,Apucarana,PR,distrito
piraquara,PR,Piraquara,PR,municipio
piraí do sul,PR,Piraí do Sul,PR,municipio
pitanga,PR,Pitanga,PR,municipio
pitangueiras,PR,Pitangueiras,PR,municipio
piên,PR,Piên,PR,municipio
planaltina do parana,PR,Planaltina do Paraná,PR,municipio
planaltina do paraná,PR,Planaltina do Paraná,PR,municipio
planalto,PR,Planalto,PR,municipio
ponta grossa,PR,Ponta Grossa,PR,municipio
pontal do parana,PR,Pontal do Paraná,PR,municipio
pontal do paraná,PR,Pontal do Paraná,PR,municipio
porecatu,PR,Porecatu,PR,municipio
porto amazonas,PR,Porto Amazonas,PR,municipio
porto barreiro,PR,Porto Barreiro,PR,municipio
porto de cima,PR,Morretes,PR,distrito
porto mendes,PR,Marechal Cândido Rondon,PR,distrito
porto rico,PR,Porto Rico,PR,municipio
porto sao jose,PR,São Pedro do Paraná,PR,distrito
porto vitoria,PR,Porto Vitória,PR,municipio
porto vitória,PR,Porto Vitória,PR,municipio
prado ferreira,PR,Prado Ferreira,PR,municipio
pranchita,PR,Pranchita,PR,municipio
presidente castelo branco,PR,Presidente Castelo Branco,PR,municipio
primeiro de maio,PR,Primeiro de Maio,PR,municipio
prudentopolis,PR,Prudentópolis,PR,municipio
prudentópolis,PR,Prudentópolis,PR,municipio
pulinopolis,PR,Mandaguaçu,PR,distrito
pérola,PR,Pérola,PR,municipio
pérola d'oeste,PR,Pérola d'Oeste,PR,municipio
quarto centenario,PR,Quarto Centenário,PR,municipio
quarto centenário,PR,Quarto Centenário,PR,municipio
quatigua,PR,Quatiguá,PR,municipio
quatiguá,PR,Quatiguá,PR,municipio
quatro barras,PR,Quatro Barras,PR,municipio
quatro pontes,PR,Quatro Pontes,PR,municipio
quedas do iguacu,PR,Quedas do Iguaçu,PR,municipio
quedas do iguaçu,PR,Quedas do Iguaçu,PR,municipio
querencia do norte,PR,Querência do Norte,PR,municipio
querência do norte,PR,Querência do Norte,PR,municipio
quinta do sol,PR,Quinta do Sol,PR,municipio
quitandinha,PR,Quitandinha,PR,municipio
ramilandia,PR,Ramilândia,PR,municipio
ramilândia,PR,Ramilândia,PR,municipio
rancho alegre,PR,Rancho Alegre,PR,municipio
rancho alegre d  oeste,PR,Rancho Alegre D'Oeste,PR,fuzzy
rancho alegre d'oeste,PR,Rancho Alegre D'Oeste,PR,municipio
realeza,PR,Realeza,PR,municipio
reboucas,PR,Rebouças,PR,municipio
rebouças,PR,Rebouças,PR,municipio
renascenca,PR,Renascença,PR,municipio
renascença,PR,Renascença,PR,municipio
reserva,PR,Reserva,PR,municipio
reserva do iguacu,PR,Reserva do Iguaçu,PR,municipio
reserva do iguaçu,PR,Reserva do Iguaçu,PR,municipio
ribeirao claro,PR,Ribeirão Claro,PR,municipio
ribeirao do pinhal,PR,Ribeirão do Pinhal,PR,municipio
ribeirão claro,PR,Ribeirão Claro,PR,municipio
ribeirão do pinhal,PR,Ribeirão do Pinhal,PR,municipio
rio azul,PR,Rio Azul,PR,municipio
rio bom,PR,Rio Bom,PR,municipio
rio bonito,PR,Francisco Alves,PR,distrito
rio bonito do iguacu,PR,Rio Bonito do Iguaçu,PR,municipio
rio bonito do iguaçu,PR,Rio Bonito do Iguaçu,PR,municipio
rio branco do ivai,PR,Rio Branco do Ivaí,PR,municipio
rio branco do ivaí,PR,Rio Branco do Ivaí,PR,municipio
rio branco do sul,PR,Rio Branco do Sul,PR,municipio
rio do salto,PR,Cascavel,PR,distrito
rio negro,PR,Rio Negro,PR,municipio
rio verde,PR,Juranda,PR,distrito
rolandia,PR,Rolândia,PR,municipio
rolândia,PR,Rolândia,PR,municipio
roncador,PR,Roncador,PR,municipio
rondon,PR,Rondon,PR,municipio
rosario do ivai,PR,Rosário do Ivaí,PR,municipio
rosário do ivaí,PR,Rosário do Ivaí,PR,municipio
sabaudia,PR,Sabáudia,PR,municipio
sabáudia,PR,Sabáudia,PR,municipio
salgado filho,PR,Salgado Filho,PR,municipio
salto do itarare,PR,Salto do Itararé,PR,municipio
salto do itararé,PR,Salto do Itararé,PR,municipio
salto do lontra,PR,Salto do Lontra,PR,municipio
santa amelia,PR,Santa Amélia,PR,municipio
santa amélia,PR,Santa Amélia,PR,municipio
santa cecilia do pavao,PR,Santa Cecília do Pavão,PR,municipio
santa cecília do pavão,PR,Santa Cecília do Pavão,PR,municipio
santa cruz de monte castelo,PR,Santa Cruz de Monte Castelo,PR,municipio
santa eliza,PR,Umuarama,PR,distrito
santa fe,PR,Santa Fé,PR,municipio
santa fé,PR,Santa Fé,PR,municipio
santa helena,PR,Santa Helena,PR,municipio
santa ines,PR,Santa Inês,PR,municipio
santa inês,PR,Santa Inês,PR,municipio
santa isabel do ivai,PR,Santa Isabel do Ivaí,PR,municipio
santa isabel do ivaí,PR,Santa Isabel do Ivaí,PR,municipio
santa izabel do oeste,PR,Santa Izabel do Oeste,PR,municipio
santa lucia,PR,Santa Lúcia,PR,municipio
santa lúcia,PR,Santa Lúcia,PR,municipio
santa margarida,PR,Bela Vista do Paraíso,PR,distrito
santa maria do oeste,PR,Santa Maria do Oeste,PR,municipio
santa mariana,PR,Santa Mariana,PR,municipio
santa monica,PR,Santa Mônica,PR,municipio
santa mônica,PR,Santa Mônica,PR,municipio
santa rita do oeste,PR,Santa Maria do Oeste,PR,fuzzy
santa tereza do oeste,PR,Santa Tereza do Oeste,PR,municipio
santa terezinha de itaipu,PR,Santa Terezinha de Itaipu,PR,municipio
santa zelia,PR,Astorga,PR,distrito
santana,PR,Cruz Machado,PR,distrito
santana do itarare,PR,Santana do Itararé,PR,municipio
santana do itararé,PR,Santana do Itararé,PR,municipio
santo antonio da platina,PR,Santo Antônio da Platina,PR,municipio
santo antonio do caiua,PR,Santo Antônio do Caiuá,PR,municipio
santo antonio do paraiso,PR,Santo Antônio do Paraíso,PR,municipio
santo antonio do sudoeste,PR,Santo Antônio do Sudoeste,PR,municipio
santo antônio da platina,PR,Santo Antônio da Platina,PR,municipio
santo antônio do caiuá,PR,Santo Antônio do Caiuá,PR,municipio
santo antônio do sudoeste,PR,Santo Antônio do Sudoeste,PR,municipio
santo inacio,PR,Santo Inácio,PR,municipio
santo inácio,PR,Santo Inácio,PR,municipio
sao  jose dos pinhais,PR,São José dos Pinhais,PR,municipio
sao carlos do ivai,PR,São Carlos do Ivaí,PR,municipio
sao clemente,PR,Santa Helena,PR,distrito
sao jeronimo da serra,PR,São Jerônimo da Serra,PR,municipio
sao joao,PR,São João,PR,municipio
sao joao do caiua,PR,São João do Caiuá,PR,municipio
sao joao do ivai,PR,São João do Ivaí,PR,municipio
sao joao do triunfo,PR,São João do Triunfo,PR,municipio
sao jorge d'oeste,PR,São Jorge d'Oeste,PR,municipio
sao jorge do ivai,PR,São Jorge do Ivaí,PR,municipio
sao jorge do oeste,PR,São Jorge d'Oeste,PR,fuzzy
sao jorge do patrocinio,PR,São Jorge do Patrocínio,PR,municipio
sao jorge doeste,PR,São Jorge d'Oeste,PR,fuzzy
sao jose da boa vista,PR,São José da Boa Vista,PR,municipio
sao jose das palmeiras,PR,São José das Palmeiras,PR,municipio
sao jose do itavo,PR,Itaipulândia,PR,distrito
sao jose do ivai,PR,Santa Isabel do Ivaí,PR,distrito
sao jose dos pinhais,PR,São José dos Pinhais,PR,municipio
sao jose dos pinhas,PR,São José dos Pinhais,PR,fuzzy
sao manoel do parana,PR,São Manoel do Paraná,PR,municipio
sao martinho,PR,Rolândia,PR,distrito
sao mateus do sul,PR,São Mateus do Sul,PR,municipio
sao miguel do cambui,PR,Marialva,PR,distrito
sao miguel do iguacu,PR,São Miguel do Iguaçu,PR,municipio
sao pedro do iguacu,PR,São Pedro do Iguaçu,PR,municipio
sao pedro do ivai,PR,São Pedro do Ivaí,PR,municipio
sao pedro do parana,PR,São Pedro do Paraná,PR,municipio
sao roque do chopim,PR,Pato Branco,PR,distrito
sao sebastiao da amoreira,PR,São Sebastião da Amoreira,PR,municipio
sao silvestre,PR,Campo Largo,PR,distrito
sao tome,PR,São Tomé,PR,municipio
sapopema,PR,Sapopema,PR,municipio
sarandi,PR,Sarandi,PR,municipio
saudade do iguacu,PR,Saudade do Iguaçu,PR,municipio
saudade do iguaçu,PR,Saudade do Iguaçu,PR,municipio
sede alvorada,PR,Cascavel,PR,distrito
senges,PR,Sengés,PR,municipio
sengés,PR,Sengés,PR,municipio
serra dos dourados,PR,Umuarama,PR,distrito
serranopolis do iguacu,PR,Serranópolis do Iguaçu,PR,municipio
serranópolis do iguaçu,PR,Serranópolis do Iguaçu,PR,municipio
sertaneja,PR,Sertaneja,PR,municipio
sertanopolis,PR,Sertanópolis,PR,municipio
sertanópolis,PR,Sertanópolis,PR,municipio
siqueira campos,PR,Siqueira Campos,PR,municipio
socavao,PR,Castro,PR,distrito
sulina,PR,Sulina,PR,municipio
são camilo,PR,Palotina,PR,distrito
são carlos do ivaí,PR,São Carlos do Ivaí,PR,municipio
são jerônimo da serra,PR,São Jerônimo da Serra,PR,municipio
são jorge d'oeste,PR,São Jorge d'Oeste,PR,municipio
são jorge do ivaí,PR,São Jorge do Ivaí,PR,municipio
são jorge do patrocínio,PR,São Jorge do Patrocínio,PR,municipio
são josé da boa vista,PR,São José da Boa Vista,PR,municipio
são josé das palmeiras,PR,São José das Palmeiras,PR,municipio
são josé dos pinhais,PR,São José dos Pinhais,PR,municipio
são joão,PR,São João,PR,municipio
são joão do caiuá,PR,São João do Caiuá,PR,municipio
são joão do ivaí,PR,São João do Ivaí,PR,municipio
são joão do triunfo,PR,São João do Triunfo,PR,municipio
são manoel do paraná,PR,São Manoel do Paraná,PR,municipio
são martinho,PR,Rolândia,PR,distrito
são mateus do sul,PR,São Mateus do Sul,PR,municipio
são miguel do iguaçu,PR,São Miguel do Iguaçu,PR,municipio
são pedro do iguaçu,PR,São Pedro do Iguaçu,PR,municipio
são pedro do ivaí,PR,São Pedro do Ivaí,PR,municipio
são pedro do paraná,PR,São Pedro do Paraná,PR,municipio
são sebastião da amoreira,PR,São Sebastião da Amoreira,PR,municipio
são tomé,PR,São Tomé,PR,municipio
tamarana,PR,Tamarana,PR,municipio
tamboara,PR,Tamboara,PR,municipio
tapejara,PR,Tapejara,PR,municipio
tapira,PR,Tapira,PR,municipio
teixeira soares,PR,Teixeira Soares,PR,municipio
telemaco borba,PR,Telêmaco Borba,PR,municipio
telêmaco borba,PR,Telêmaco Borba,PR,municipio
terra boa,PR,Terra Boa,PR,municipio
terra rica,PR,Terra Rica,PR,municipio
terra roxa,PR,Terra Roxa,PR,municipio
tibagi,PR,Tibagi,PR,municipio
tijucas do sul,PR,Tijucas do Sul,PR,municipio
toledo,PR,Toledo,PR,municipio
tomazina,PR,Tomazina,PR,municipio
tres barras do parana,PR,Três Barras do Paraná,PR,municipio
três barras do paraná,PR,Três Barras do Paraná,PR,municipio
tunas do parana,PR,Tunas do Paraná,PR,municipio
tunas do paraná,PR,Tunas do Paraná,PR,municipio
tuneiras do oeste,PR,Tuneiras do Oeste,PR,municipio
tupassi,PR,Tupãssi,PR,municipio
tupãssi,PR,Tupãssi,PR,municipio
turvo,PR,Turvo,PR,municipio
ubauna,PR,São João do Ivaí,PR,distrito
ubirata,PR,Ubiratã,PR,municipio
ubiratã,PR,Ubiratã,PR,municipio
umuarama,PR,Umuarama,PR,municipio
uniao da vitoria,PR,União da Vitória,PR,municipio
uniflor,PR,Uniflor,PR,municipio
união da vitória,PR,União da Vitória,PR,municipio
urai,PR,Uraí,PR,municipio
uraí,PR,Uraí,PR,municipio
vendas@creditparts.com.br,PR,Maringá,PR,viacep
ventania,PR,Ventania,PR,municipio
vera cruz do oeste,PR,Vera Cruz do Oeste,PR,municipio
vere,PR,Verê,PR,municipio
verê,PR,Verê,PR,municipio
vidigal,PR,Cianorte,PR,distrito
vila nova,PR,Pitanga,PR,distrito
vila reis,PR,Apucarana,PR,distrito
virmond,PR,Virmond,PR,municipio
vitoria,PR,Guarapuava,PR,viacep
vitorino,PR,Vitorino,PR,municipio
wenceslau braz,PR,Wenceslau Braz,PR,municipio
xambre,PR,Xambrê,PR,municipio
xambrê,PR,Xambrê,PR,municipio
água boa,PR,Paiçandu,PR,distrito
ângulo,PR,Ângulo,PR,municipio
...arraial do cabo,RJ,Arraial do Cabo,RJ,fuzzy
04482255,RJ,Rio de Janeiro,RJ,viacep
afonso arinos,RJ,Comendador Levy Gasparian,RJ,distrito
andrade pinto,RJ,Vassouras,RJ,distrito
angra dos reis,RJ,Angra dos Reis,RJ,municipio
angra dos reis rj,RJ,Angra dos Reis,RJ,fuzzy
anta,RJ,Sapucaia,RJ,distrito
aperibe,RJ,Aperibé,RJ,municipio
aperibé,RJ,Aperibé,RJ,municipio
araruama,RJ,Araruama,RJ,municipio
areal,RJ,Areal,RJ,municipio
armacao de buzios,RJ,Armação dos Búzios,RJ,fuzzy
armacao dos buzios,RJ,Armação dos Búzios,RJ,municipio
armação dos búzios,RJ,Armação dos Búzios,RJ,municipio
arraial do cabo,RJ,Arraial do Cabo,RJ,municipio
arrozal,RJ,Piraí,RJ,distrito
avelar,RJ,Paty do Alferes,RJ,distrito
bacaxa,RJ,Saquarema,RJ,distrito
bacaxa (saquarema) - distrito,RJ,Saquarema,RJ,manual_review
banquete,RJ,Bom Jardim,RJ,distrito
barao de juparana,RJ,Valença,RJ,distrito
barcelos,RJ,São João da Barra,RJ,distrito
barra de sao joao,RJ,Casimiro de Abreu,RJ,distrito
barra de são joão,RJ,Casimiro de Abreu,RJ,distrito
barra do pirai,RJ,Barra do Piraí,RJ,municipio
barra do piraí,RJ,Barra do Piraí,RJ,municipio
barra mansa,RJ,Barra Mansa,RJ,municipio
barão de juparana,RJ,Valença,RJ,distrito
belford roxo,RJ,Belford Roxo,RJ,municipio
bemposta,RJ,Três Rios,RJ,distrito
boa esperanca,RJ,Rio Bonito,RJ,distrito
boa esperança,RJ,Rio Bonito,RJ,distrito
boa sorte,RJ,Cantagalo,RJ,distrito
boa ventura,RJ,Itaperuna,RJ,distrito
bom jardim,RJ,Bom Jardim,RJ,municipio
bom jesus do itabapoana,RJ,Bom Jesus do Itabapoana,RJ,municipio
bom jesus do querendo,RJ,Natividade,RJ,distrito
buzios,RJ,Armação dos Búzios,RJ,manual_review
búzios,RJ,Armação dos Búzios,RJ,manual_review
cabo frio,RJ,Cabo Frio,RJ,municipio
cachoeiras de macacu,RJ,Cachoeiras de Macacu,RJ,municipio
calheiros,RJ,Bom Jesus do Itabapoana,RJ,distrito
california da barra,RJ,Barra do Piraí,RJ,distrito
california da barra (barra do pirai),RJ,Barra do Piraí,RJ,manual_review
califórnia da barra,RJ,Barra do Piraí,RJ,distrito
cambiasca,RJ,São Fidélis,RJ,distrito
cambuci,RJ,Cambuci,RJ,municipio
campo grande,RJ,Rio de Janeiro,RJ,viacep
campos dos goytacaze,RJ,Campos dos Goytacazes,RJ,fuzzy
campos dos goytacazes,RJ,Campos dos Goytacazes,RJ,municipio
cantagalo,RJ,Cantagalo,RJ,municipio
carabucu,RJ,Bom Jesus do Itabapoana,RJ,distrito
carabuçu,RJ,Bom Jesus do Itabapoana,RJ,distrito
carapebus,RJ,Carapebus,RJ,municipio
cardoso moreira,RJ,Cardoso Moreira,RJ,municipio
carmo,RJ,Carmo,RJ,municipio
casimiro de abreu,RJ,Casimiro de Abreu,RJ,municipio
colonia,RJ,São Fidélis,RJ,distrito
colônia,RJ,São Fidélis,RJ,distrito
comendador levy gasparian,RJ,Comendador Levy Gasparian,RJ,municipio
comendador venancio,RJ,Itaperuna,RJ,distrito
conceicao de jacarei,RJ,Mangaratiba,RJ,distrito
conceicao de macabu,RJ,Conceição de Macabu,RJ,municipio
conceição de jacareí,RJ,Mangaratiba,RJ,distrito
conceição de macabu,RJ,Conceição de Macabu,RJ,municipio
conrado,RJ,Miguel Pereira,RJ,distrito
conservatoria,RJ,Valença,RJ,distrito
conservatória,RJ,Valença,RJ,distrito
cordeiro,RJ,Cordeiro,RJ,municipio
corrego do ouro,RJ,Macaé,RJ,distrito
dorandia,RJ,Barra do Piraí,RJ,distrito
duas barras,RJ,Duas Barras,RJ,municipio
duque de caxias,RJ,Duque de Caxias,RJ,municipio
engenheiro passos,RJ,Resende,RJ,distrito
engenheiro paulo de frontin,RJ,Engenheiro Paulo de Frontin,RJ,municipio
frade,RJ,Macaé,RJ,distrito
getulândia,RJ,Rio Claro,RJ,distrito
glicerio,RJ,Macaé,RJ,distrito
goitacazes,RJ,Campos dos Goytacazes,RJ,viacep
governador portela,RJ,Miguel Pereira,RJ,distrito
guapimirim,RJ,Guapimirim,RJ,municipio
guia de pacobaiba,RJ,Magé,RJ,distrito
guia de pacobaíba,RJ,Magé,RJ,distrito
ibitioca,RJ,Campos dos Goytacazes,RJ,distrito
iguaba grande,RJ,Iguaba Grande,RJ,municipio
ilha grande,RJ,Angra dos Reis,RJ,manual_review
inhomirim,RJ,Magé,RJ,distrito
inoa,RJ,Maricá,RJ,distrito
ipiabas,RJ,Barra do Piraí,RJ,distrito
ipituna,RJ,São Sebastião do Alto,RJ,distrito
ipuca,RJ,São Fidélis,RJ,distrito
itaborai,RJ,Itaboraí,RJ,municipio
itaboraí,RJ,Itaboraí,RJ,municipio
itacurussa,RJ,Mangaratiba,RJ,distrito
itacurussá,RJ,Mangaratiba,RJ,distrito
itaguai,RJ,Itaguaí,RJ,municipio
itaguaí,RJ,Itaguaí,RJ,municipio
italva,RJ,Italva,RJ,municipio
itaocara,RJ,Itaocara,RJ,municipio
itaperuna,RJ,Itaperuna,RJ,municipio
itatiaia,RJ,Itatiaia,RJ,municipio
jaguarembe,RJ,Itaocara,RJ,distrito
jamapara,RJ,Sapucaia,RJ,distrito
jamapará,RJ,Sapucaia,RJ,distrito
japeri,RJ,Japeri,RJ,municipio
japuiba,RJ,Cachoeiras de Macacu,RJ,manual_review
japuíba,RJ,Cachoeiras de Macacu,RJ,manual_review
laje do muriae,RJ,Laje do Muriaé,RJ,municipio
laje do muriaé,RJ,Laje do Muriaé,RJ,municipio
laranjais,RJ,Itaocara,RJ,distrito
lidice,RJ,Rio Claro,RJ,distrito
lídice,RJ,Rio Claro,RJ,distrito
macae,RJ,Macaé,RJ,municipio
macaé,RJ,Macaé,RJ,municipio
macuco,RJ,Macuco,RJ,municipio
mage,RJ,Magé,RJ,municipio
magé,RJ,Magé,RJ,municipio
mangaratiba,RJ,Mangaratiba,RJ,municipio
manuel duarte,RJ,Rio das Flores,RJ,distrito
marica,RJ,Maricá,RJ,municipio
maricá,RJ,Maricá,RJ,municipio
mendes,RJ,Mendes,RJ,municipio
mesquita,RJ,Mesquita,RJ,municipio
miguel pereira,RJ,Miguel Pereira,RJ,municipio
miracema,RJ,Miracema,RJ,municipio
monnerat,RJ,Duas Barras,RJ,distrito
monte alegre,RJ,Santo Antônio de Pádua,RJ,distrito
morro do coco,RJ,Campos dos Goytacazes,RJ,distrito
mussurepe,RJ,Campos dos Goytacazes,RJ,distrito
natividade,RJ,Natividade,RJ,municipio
nilopolis,RJ,Nilópolis,RJ,municipio
nilópolis,RJ,Nilópolis,RJ,municipio
niteroi,RJ,Niterói,RJ,municipio
niterói,RJ,Niterói,RJ,municipio
nossa senhora da aparecida,RJ,Sapucaia,RJ,distrito
nova friburgo,RJ,Nova Friburgo,RJ,municipio
nova iguacu,RJ,Nova Iguaçu,RJ,municipio
nova iguaçu,RJ,Nova Iguaçu,RJ,municipio
papucaia,RJ,Sapucaia,RJ,fuzzy
paracambi,RJ,Paracambi,RJ,municipio
paraiba do sul,RJ,Paraíba do Sul,RJ,municipio
paraiso do tobias,RJ,Miracema,RJ,distrito
parapeuna,RJ,Valença,RJ,distrito
parati,RJ,Paraty,RJ,viacep
parati mirim,RJ,Paraty,RJ,viacep
paraty,RJ,Paraty,RJ,municipio
paraíba do sul,RJ,Paraíba do Sul,RJ,municipio
passa tres,RJ,Rio Claro,RJ,distrito
passa três,RJ,Rio Claro,RJ,distrito
paty do alferes,RJ,Paty do Alferes,RJ,municipio
penedo,RJ,Itatiaia,RJ,viacep
penedo (itatiaia),RJ,Itatiaia,RJ,viacep
petropolis,RJ,Petrópolis,RJ,municipio
petrópolis,RJ,Petrópolis,RJ,municipio
piabeta,RJ,Magé,RJ,manual_review
piao,RJ,Sapucaia,RJ,distrito
pinheiral,RJ,Pinheiral,RJ,municipio
pirai,RJ,Piraí,RJ,municipio
piraí,RJ,Piraí,RJ,municipio
porciuncula,RJ,Porciúncula,RJ,municipio
porciúncula,RJ,Porciúncula,RJ,municipio
portela,RJ,Itaocara,RJ,distrito
porto real,RJ,Porto Real,RJ,municipio
porto velho do cunha,RJ,Carmo,RJ,distrito
pureza,RJ,São Fidélis,RJ,distrito
purilandia,RJ,Porciúncula,RJ,distrito
quatis,RJ,Quatis,RJ,municipio
queimados,RJ,Queimados,RJ,municipio
quissama,RJ,Quissamã,RJ,municipio
quissamã,RJ,Quissamã,RJ,municipio
raposo,RJ,Itaperuna,RJ,distrito
resende,RJ,Resende,RJ,municipio
retiro do muriae,RJ,Itaperuna,RJ,distrito
retiro do muriaé,RJ,Itaperuna,RJ,distrito
rio bonito,RJ,Rio Bonito,RJ,municipio
rio claro,RJ,Rio Claro,RJ,municipio
rio das flores,RJ,Rio das Flores,RJ,municipio
rio das ostras,RJ,Rio das Ostras,RJ,municipio
rio de janeiro,RJ,Rio de Janeiro,RJ,municipio
rio de janeiro / rio de janeiro,RJ,Rio de Janeiro,RJ,viacep
rio de janeiro \rio de janeiro,RJ,Rio de Janeiro,RJ,manual_review
"rio de janeiro, rio de janeiro, brasil",RJ,Rio de Janeiro,RJ,viacep
rio janeiro,RJ,Rio de Janeiro,RJ,fuzzy
rj,RJ,Rio de Janeiro,RJ,viacep
sacra familia do tingua,RJ,Engenheiro Paulo de Frontin,RJ,distrito
sacra família do tinguá,RJ,Engenheiro Paulo de Frontin,RJ,distrito
sampaio correia,RJ,Saquarema,RJ,distrito
sana,RJ,Macaé,RJ,distrito
santa clara,RJ,Porciúncula,RJ,distrito
santa isabel do rio preto,RJ,Valença,RJ,distrito
santa maria,RJ,Campos dos Goytacazes,RJ,distrito
santa maria madalena,RJ,Santa Maria Madalena,RJ,municipio
santa rita da floresta,RJ,Cantagalo,RJ,distrito
santanesia,RJ,Piraí,RJ,distrito
santo aleixo,RJ,Magé,RJ,distrito
santo amaro de campos,RJ,Campos dos Goytacazes,RJ,distrito
santo antonio de padua,RJ,Santo Antônio de Pádua,RJ,municipio
santo antônio de pádua,RJ,Santo Antônio de Pádua,RJ,municipio
santo eduardo,RJ,Campos dos Goytacazes,RJ,distrito
sao fidelis,RJ,São Fidélis,RJ,municipio
sao francisco de itabapoana,RJ,São Francisco de Itabapoana,RJ,municipio
sao goncalo,RJ,São Gonçalo,RJ,municipio
sao joao da barra,RJ,São João da Barra,RJ,municipio
sao joao de meriti,RJ,São João de Meriti,RJ,municipio
sao joao do paraiso,RJ,Cambuci,RJ,distrito
sao jose de uba,RJ,São José de Ubá,RJ,municipio
sao jose do ribeirao,RJ,Bom Jardim,RJ,distrito
sao jose do turvo,RJ,Barra do Piraí,RJ,distrito
sao jose do vale do rio preto,RJ,São José do Vale do Rio Preto,RJ,municipio
sao pedro da aldeia,RJ,São Pedro da Aldeia,RJ,municipio
sao sebastiao de campos,RJ,Campos dos Goytacazes,RJ,distrito
sao sebastiao do alto,RJ,São Sebastião do Alto,RJ,municipio
sao sebastiao do paraiba,RJ,Cantagalo,RJ,distrito
sao vicente de paula,RJ,Araruama,RJ,distrito
sapucaia,RJ,Sapucaia,RJ,municipio
saquarema,RJ,Saquarema,RJ,municipio
seropedica,RJ,Seropédica,RJ,municipio
seropédica,RJ,Seropédica,RJ,municipio
silva jardim,RJ,Silva Jardim,RJ,municipio
sumidouro,RJ,Sumidouro,RJ,municipio
são fidélis,RJ,São Fidélis,RJ,municipio
são francisco de itabapoana,RJ,São Francisco de Itabapoana,RJ,municipio
são gonçalo,RJ,São Gonçalo,RJ,municipio
são josé de ubá,RJ,São José de Ubá,RJ,municipio
são josé do turvo,RJ,Barra do Piraí,RJ,distrito
são josé do vale do rio preto,RJ,São José do Vale do Rio Preto,RJ,municipio
são joão da barra,RJ,São João da Barra,RJ,municipio
são joão de meriti,RJ,São João de Meriti,RJ,municipio
são joão do paraíso,RJ,Cambuci,RJ,distrito
são pedro da aldeia,RJ,São Pedro da Aldeia,RJ,municipio
são sebastião do alto,RJ,São Sebastião do Alto,RJ,municipio
são vicente de paula,RJ,Araruama,RJ,distrito
taboas,RJ,Rio das Flores,RJ,distrito
tamoios (cabo frio),RJ,Cabo Frio,RJ,manual_review
tangua,RJ,Tanguá,RJ,municipio
tanguá,RJ,Tanguá,RJ,municipio
teresopolis,RJ,Teresópolis,RJ,municipio
teresópolis,RJ,Teresópolis,RJ,municipio
tocos,RJ,Campos dos Goytacazes,RJ,distrito
trajano de moraes,RJ,Trajano de Moraes,RJ,municipio
trajano de morais,RJ,Trajano de Moraes,RJ,fuzzy
travessao,RJ,Campos dos Goytacazes,RJ,distrito
tres irmaos,RJ,Cambuci,RJ,distrito
tres rios,RJ,Três Rios,RJ,municipio
três rios,RJ,Três Rios,RJ,municipio
valao do barro,RJ,São Sebastião do Alto,RJ,distrito
valenca,RJ,Valença,RJ,municipio
valença,RJ,Valença,RJ,municipio
vargem alegre,RJ,Barra do Piraí,RJ,distrito
varre-sai,RJ,Varre-Sai,RJ,municipio
vassouras,RJ,Vassouras,RJ,municipio
vila muriqui,RJ,Mangaratiba,RJ,viacep
vila nova de campos,RJ,Campos dos Goytacazes,RJ,distrito
visconde de imbe,RJ,Trajano de Moraes,RJ,distrito
visconde de maua,RJ,Resende,RJ,distrito
volta redonda,RJ,Volta Redonda,RJ,municipio
werneck,RJ,Paraíba do Sul,RJ,distrito
´teresopolis,RJ,Teresópolis,RJ,municipio
acari,RN,Acari,RN,municipio
acu,RN,Açu,RN,viacep
afonso bezerra,RN,Afonso Bezerra,RN,municipio
agua nova,RN,Água Nova,RN,municipio
alexandria,RN,Alexandria,RN,municipio
almino afonso,RN,Almino Afonso,RN,municipio
alto do rodrigues,RN,Alto do Rodrigues,RN,municipio
angicos,RN,Angicos,RN,municipio
antonio martins,RN,Antônio Martins,RN,municipio
antônio martins,RN,Antônio Martins,RN,municipio
apodi,RN,Apodi,RN,municipio
areia branca,RN,Areia Branca,RN,municipio
arez,RN,Arez,RN,municipio
açu,RN,Açu,RN,viacep
baia formosa,RN,Baía Formosa,RN,municipio
barauna,RN,Baraúna,RN,municipio
baraúna,RN,Baraúna,RN,municipio
barcelona,RN,Barcelona,RN,municipio
baía formosa,RN,Baía Formosa,RN,municipio
bento fernandes,RN,Bento Fernandes,RN,municipio
boa saude,RN,Boa Saúde,RN,viacep
bodo,RN,Bodó,RN,municipio
bom jesus,RN,Bom Jesus,RN,municipio
brejinho,RN,Brejinho,RN,municipio
caicara do norte,RN,Caiçara do Norte,RN,municipio
caicara do rio do vento,RN,Caiçara do Rio do Vento,RN,municipio
caico,RN,Caicó,RN,municipio
caicó,RN,Caicó,RN,municipio
caiçara do norte,RN,Caiçara do Norte,RN,municipio
caiçara do rio do vento,RN,Caiçara do Rio do Vento,RN,municipio
campo grande,RN,Campo Grande,RN,municipio
campo redondo,RN,Campo Redondo,RN,municipio
canguaretama,RN,Canguaretama,RN,municipio
caraubas,RN,Caraúbas,RN,municipio
caraúbas,RN,Caraúbas,RN,municipio
carnauba dos dantas,RN,Carnaúba dos Dantas,RN,municipio
carnaubais,RN,Carnaubais,RN,municipio
carnaúba dos dantas,RN,Carnaúba dos Dantas,RN,municipio
ceara mirim,RN,Ceará-Mirim,RN,fuzzy
ceara-mirim,RN,Ceará-Mirim,RN,municipio
ceará-mirim,RN,Ceará-Mirim,RN,municipio
cerro cora,RN,Cerro Corá,RN,municipio
cerro corá,RN,Cerro Corá,RN,municipio
coronel ezequiel,RN,Coronel Ezequiel,RN,municipio
coronel joao pessoa,RN,Coronel João Pessoa,RN,municipio
cruzeta,RN,Cruzeta,RN,municipio
currais novos,RN,Currais Novos,RN,municipio
doutor severiano,RN,Doutor Severiano,RN,municipio
encanto,RN,Encanto,RN,municipio
equador,RN,Equador,RN,municipio
espirito santo,RN,Espírito Santo,RN,municipio
espírito santo,RN,Espírito Santo,RN,municipio
extremoz,RN,Extremoz,RN,municipio
felipe guerra,RN,Felipe Guerra,RN,municipio
fernando pedroza,RN,Fernando Pedroza,RN,municipio
florania,RN,Florânia,RN,municipio
francisco dantas,RN,Francisco Dantas,RN,municipio
frutuoso gomes,RN,Frutuoso Gomes,RN,municipio
galinhos,RN,Galinhos,RN,municipio
goianinha,RN,Goianinha,RN,municipio
governador dix-sept rosado,RN,Governador Dix-Sept Rosado,RN,municipio
grossos,RN,Grossos,RN,municipio
guamare,RN,Guamaré,RN,municipio
guamaré,RN,Guamaré,RN,municipio
ielmo marinho,RN,Ielmo Marinho,RN,municipio
ipanguacu,RN,Ipanguaçu,RN,municipio
ipanguaçu,RN,Ipanguaçu,RN,municipio
ipueira,RN,Ipueira,RN,municipio
itaja,RN,Itajá,RN,municipio
itajá,RN,Itajá,RN,municipio
itau,RN,Itaú,RN,municipio
itaú,RN,Itaú,RN,municipio
jacana,RN,Jaçanã,RN,municipio
jandaira,RN,Jandaíra,RN,municipio
jandaíra,RN,Jandaíra,RN,municipio
janduis,RN,Janduís,RN,municipio
janduís,RN,Janduís,RN,municipio
japi,RN,Japi,RN,municipio
jardim de piranhas,RN,Jardim de Piranhas,RN,municipio
jardim do serido,RN,Jardim do Seridó,RN,municipio
jardim do seridó,RN,Jardim do Seridó,RN,municipio
jaçanã,RN,Jaçanã,RN,municipio
joao camara,RN,João Câmara,RN,municipio
joao dias,RN,João Dias,RN,municipio
jose da penha,RN,José da Penha,RN,municipio
josé da penha,RN,José da Penha,RN,municipio
joão câmara,RN,João Câmara,RN,municipio
joão dias,RN,João Dias,RN,municipio
jucurutu,RN,Jucurutu,RN,municipio
jundia,RN,Jundiá,RN,municipio
jundiá,RN,Jundiá,RN,municipio
lagoa d'anta,RN,Lagoa d'Anta,RN,municipio
lagoa de velhos,RN,Lagoa de Velhos,RN,municipio
lagoa nova,RN,Lagoa Nova,RN,municipio
lagoa salgada,RN,Lagoa Salgada,RN,municipio
lajes,RN,Lajes,RN,municipio
lajes pintadas,RN,Lajes Pintadas,RN,municipio
lucrecia,RN,Lucrécia,RN,municipio
lucrécia,RN,Lucrécia,RN,municipio
luis gomes,RN,Luís Gomes,RN,municipio
luís gomes,RN,Luís Gomes,RN,municipio
macaiba,RN,Macaíba,RN,municipio
macau,RN,Macau,RN,municipio
macaíba,RN,Macaíba,RN,municipio
major sales,RN,Major Sales,RN,municipio
marcelino vieira,RN,Marcelino Vieira,RN,municipio
martins,RN,Martins,RN,municipio
messias targino,RN,Messias Targino,RN,municipio
montanhas,RN,Montanhas,RN,municipio
monte alegre,RN,Monte Alegre,RN,municipio
monte das gameleiras,RN,Monte das Gameleiras,RN,municipio
mossoro,RN,Mossoró,RN,municipio
mossoró,RN,Mossoró,RN,municipio
natal,RN,Natal,RN,municipio
nisia floresta,RN,Nísia Floresta,RN,municipio
nova cruz,RN,Nova Cruz,RN,municipio
nísia floresta,RN,Nísia Floresta,RN,municipio
olho-d agua do borges,RN,Olho d'Água do Borges,RN,fuzzy
olho-d'agua do borges,RN,Olho d'Água do Borges,RN,fuzzy
olho-d'água do borges,RN,Olho d'Água do Borges,RN,fuzzy
ouro branco,RN,Ouro Branco,RN,municipio
parana,RN,Paraná,RN,municipio
parau,RN,Paraú,RN,municipio
parazinho,RN,Parazinho,RN,municipio
paraú,RN,Paraú,RN,municipio
parelhas,RN,Parelhas,RN,municipio
parnamirim,RN,Parnamirim,RN,municipio
passa e fica,RN,Passa e Fica,RN,municipio
patu,RN,Patu,RN,municipio
pau dos ferros,RN,Pau dos Ferros,RN,municipio
pedra grande,RN,Pedra Grande,RN,municipio
pedra preta,RN,Pedra Preta,RN,municipio
pedro avelino,RN,Pedro Avelino,RN,municipio
pedro velho,RN,Pedro Velho,RN,municipio
pendencias,RN,Pendências,RN,municipio
pendências,RN,Pendências,RN,municipio
piloes,RN,Pilões,RN,municipio
pilões,RN,Pilões,RN,municipio
pipa,RN,Tibau do Sul,RN,viacep
poco branco,RN,Poço Branco,RN,municipio
poco de pedra,RN,São Gonçalo do Amarante,RN,viacep
portalegre,RN,Portalegre,RN,municipio
porto do mangue,RN,Porto do Mangue,RN,municipio
pureza,RN,Pureza,RN,municipio
rafael fernandes,RN,Rafael Fernandes,RN,municipio
rafael godeiro,RN,Rafael Godeiro,RN,municipio
riacho da cruz,RN,Riacho da Cruz,RN,municipio
riacho de santana,RN,Riacho de Santana,RN,municipio
riachuelo,RN,Riachuelo,RN,municipio
rio de janeiro,RN,Rio de Janeiro,RJ,viacep
rio do fogo,RN,Rio do Fogo,RN,municipio
rodolfo fernandes,RN,Rodolfo Fernandes,RN,municipio
ruy barbosa,RN,Ruy Barbosa,RN,municipio
santa cruz,RN,Santa Cruz,RN,municipio
santa maria,RN,Santa Maria,RN,municipio
santana do matos,RN,Santana do Matos,RN,municipio
santana do serido,RN,Santana do Seridó,RN,municipio
santana do seridó,RN,Santana do Seridó,RN,municipio
santo antonio,RN,Santo Antônio,RN,municipio
santo antônio,RN,Santo Antônio,RN,municipio
sao bento do norte,RN,São Bento do Norte,RN,municipio
sao bento do trairi,RN,São Bento do Trairí,RN,municipio
sao fernando,RN,São Fernando,RN,municipio
sao francisco do oeste,RN,São Francisco do Oeste,RN,municipio
sao goncalo do amarante,RN,São Gonçalo do Amarante,RN,municipio
sao joao do sabugi,RN,São João do Sabugi,RN,municipio
sao jose de mipibu,RN,São José de Mipibu,RN,municipio
sao jose do campestre,RN,São José do Campestre,RN,municipio
sao jose do serido,RN,São José do Seridó,RN,municipio
sao miguel,RN,São Miguel,RN,municipio
sao miguel de touros,RN,São Miguel do Gostoso,RN,viacep
sao miguel do gostoso,RN,São Miguel do Gostoso,RN,municipio
sao paulo do potengi,RN,São Paulo do Potengi,RN,municipio
sao pedro,RN,São Pedro,RN,municipio
sao rafael,RN,São Rafael,RN,municipio
sao tome,RN,São Tomé,RN,municipio
sao vicente,RN,São Vicente,RN,municipio
senador eloi de souza,RN,Senador Elói de Souza,RN,municipio
serra caiada,RN,Serra Caiada,RN,municipio
serra da tapuia,RN,Sítio Novo,RN,distrito
serra de sao bento,RN,Serra de São Bento,RN,municipio
serra do mel,RN,Serra do Mel,RN,municipio
serra negra do norte,RN,Serra Negra do Norte,RN,municipio
serrinha,RN,Serrinha,RN,municipio
serrinha dos pintos,RN,Serrinha dos Pintos,RN,municipio
severiano melo,RN,Severiano Melo,RN,municipio
sitio novo,RN,Sítio Novo,RN,municipio
são francisco do oeste,RN,São Francisco do Oeste,RN,municipio
são gonçalo do amarante,RN,São Gonçalo do Amarante,RN,municipio
são josé de mipibu,RN,São José de Mipibu,RN,municipio
são josé do campestre,RN,São José do Campestre,RN,municipio
são miguel,RN,São Miguel,RN,municipio
são miguel do gostoso,RN,São Miguel do Gostoso,RN,municipio
são paulo,RN,São Paulo,SP,viacep
são paulo do potengi,RN,São Paulo do Potengi,RN,municipio
são pedro,RN,São Pedro,RN,municipio
são rafael,RN,São Rafael,RN,municipio
são tomé,RN,São Tomé,RN,municipio
são vicente,RN,São Vicente,RN,municipio
taboleiro grande,RN,Taboleiro Grande,RN,municipio
taipu,RN,Taipu,RN,municipio
tangara,RN,Tangará,RN,municipio
tangará,RN,Tangará,RN,municipio
tenente ananias,RN,Tenente Ananias,RN,municipio
tenente laurentino cruz,RN,Tenente Laurentino Cruz,RN,municipio
tibau,RN,Tibau,RN,municipio
tibau do sul,RN,Tibau do Sul,RN,municipio
timbauba dos batistas,RN,Timbaúba dos Batistas,RN,municipio
touros,RN,Touros,RN,municipio
triunfo potiguar,RN,Triunfo Potiguar,RN,municipio
umarizal,RN,Umarizal,RN,municipio
upanema,RN,Upanema,RN,municipio
varzea,RN,Várzea,RN,municipio
venha-ver,RN,Venha-Ver,RN,municipio
vera cruz,RN,Vera Cruz,RN,municipio
vicosa,RN,Viçosa,RN,municipio
vila flor,RN,Vila Flor,RN,municipio
alta alegre dos parecis,RO,Alto Alegre dos Parecis,RO,fuzzy
alta floresta d'oeste,RO,Alta Floresta D'Oeste,RO,municipio
alta floresta do oeste,RO,Alta Floresta D'Oeste,RO,fuzzy
alta floresta doeste,RO,Alta Floresta D'Oeste,RO,fuzzy
alto alegre dos parecis,RO,Alto Alegre dos Parecis,RO,municipio
alto paraiso,RO,Alto Paraíso,RO,municipio
alto paraíso,RO,Alto Paraíso,RO,municipio
alvorada d'oeste,RO,Alvorada D'Oeste,RO,municipio
alvorada do oeste,RO,Alvorada D'Oeste,RO,fuzzy
ariquemes,RO,Ariquemes,RO,municipio
buritis,RO,Buritis,RO,municipio
cabixi,RO,Cabixi,RO,municipio
cacaulandia,RO,Cacaulândia,RO,municipio
cacaulândia,RO,Cacaulândia,RO,municipio
cacoal,RO,Cacoal,RO,municipio
campo novo de rondonia,RO,Campo Novo de Rondônia,RO,municipio
campo novo de rondônia,RO,Campo Novo de Rondônia,RO,municipio
candeias do jamari,RO,Candeias do Jamari,RO,municipio
castanheiras,RO,Castanheiras,RO,municipio
cerejeiras,RO,Cerejeiras,RO,municipio
chupinguaia,RO,Chupinguaia,RO,municipio
colorado do oeste,RO,Colorado do Oeste,RO,municipio
corumbiara,RO,Corumbiara,RO,municipio
costa marques,RO,Costa Marques,RO,municipio
cujubim,RO,Cujubim,RO,municipio
espigao do oeste,RO,Espigão D'Oeste,RO,fuzzy
espigão do oeste,RO,Espigão D'Oeste,RO,fuzzy
extrema,RO,Porto Velho,RO,distrito
governador jorge teixeira,RO,Governador Jorge Teixeira,RO,municipio
guajara mirim,RO,Guajará-Mirim,RO,fuzzy
guajara-mirim,RO,Guajará-Mirim,RO,municipio
guajará-mirim,RO,Guajará-Mirim,RO,municipio
itapua do oeste,RO,Itapuã do Oeste,RO,municipio
jaci parana,RO,Porto Velho,RO,distrito
jaru,RO,Jaru,RO,municipio
ji parana,RO,Ji-Paraná,RO,fuzzy
ji-parana,RO,Ji-Paraná,RO,municipio
ji-paraná,RO,Ji-Paraná,RO,municipio
machadinho d oeste,RO,Machadinho D'Oeste,RO,fuzzy
machadinho d'oeste,RO,Machadinho D'Oeste,RO,municipio
machadinho doeste,RO,Machadinho D'Oeste,RO,fuzzy
ministro andreazza,RO,Ministro Andreazza,RO,municipio
mirante da serra,RO,Mirante da Serra,RO,municipio
monte negro,RO,Monte Negro,RO,municipio
mutum parana,RO,Porto Velho,RO,distrito
nova brasilandia d oeste,RO,Nova Brasilândia D'Oeste,RO,fuzzy
nova brasilandia d'oeste,RO,Nova Brasilândia D'Oeste,RO,municipio
nova brasilandia doeste,RO,Nova Brasilândia D'Oeste,RO,fuzzy
nova brasilândia d'oeste,RO,Nova Brasilândia D'Oeste,RO,municipio
nova california,RO,Porto Velho,RO,distrito
nova mamore,RO,Nova Mamoré,RO,municipio
nova mamoré,RO,Nova Mamoré,RO,municipio
nova uniao,RO,Nova União,RO,municipio
novo horizonte do oeste,RO,Novo Horizonte do Oeste,RO,municipio
ouro preto do oeste,RO,Ouro Preto do Oeste,RO,municipio
parecis,RO,Parecis,RO,municipio
pimenta bueno,RO,Pimenta Bueno,RO,municipio
pimenteiras do oeste,RO,Pimenteiras do Oeste,RO,municipio
porto velho,RO,Porto Velho,RO,municipio
presidente medici,RO,Presidente Médici,RO,municipio
presidente médici,RO,Presidente Médici,RO,municipio
primavera de rondonia,RO,Primavera de Rondônia,RO,municipio
primavera de rondônia,RO,Primavera de Rondônia,RO,municipio
rio crespo,RO,Rio Crespo,RO,municipio
rolim de moura,RO,Rolim de Moura,RO,municipio
santa luzia d'oeste,RO,Santa Luzia D'Oeste,RO,municipio
santa luzia doeste,RO,Santa Luzia D'Oeste,RO,fuzzy
sao felipe d'oeste,RO,São Felipe D'Oeste,RO,municipio
sao francisco do guapore,RO,São Francisco do Guaporé,RO,municipio
sao miguel do guapore,RO,São Miguel do Guaporé,RO,municipio
seringueiras,RO,Seringueiras,RO,municipio
são felipe d'oeste,RO,São Felipe D'Oeste,RO,municipio
são francisco do guaporé,RO,São Francisco do Guaporé,RO,municipio
são miguel do guaporé,RO,São Miguel do Guaporé,RO,municipio
teixeiropolis,RO,Teixeirópolis,RO,municipio
teixeirópolis,RO,Teixeirópolis,RO,municipio
theobroma,RO,Theobroma,RO,municipio
urupa,RO,Urupá,RO,municipio
urupá,RO,Urupá,RO,municipio
vale do anari,RO,Vale do Anari,RO,municipio
vale do paraiso,RO,Vale do Paraíso,RO,municipio
vale do paraíso,RO,Vale do Paraíso,RO,municipio
vilhena,RO,Vilhena,RO,municipio
vista alegre do abuna,RO,Porto Velho,RO,distrito
alto alegre,RR,Alto Alegre,RR,municipio
boa vista,RR,Boa Vista,RR,municipio
bonfim,RR,Bonfim,RR,municipio
caracarai,RR,Caracaraí,RR,municipio
caracaraí,RR,Caracaraí,RR,municipio
caroebe,RR,Caroebe,RR,municipio
iracema,RR,Iracema,RR,municipio
mucajai,RR,Mucajaí,RR,municipio
normandia,RR,Normandia,RR,municipio
pacaraima,RR,Pacaraima,RR,municipio
rorainopolis,RR,Rorainópolis,RR,municipio
rorainópolis,RR,Rorainópolis,RR,municipio
sao joao da baliza,RR,São João da Baliza,RR,municipio
sao luiz,RR,São Luiz,RR,viacep
acegua,RS,Aceguá,RS,municipio
aceguá,RS,Aceguá,RS,municipio
agua santa,RS,Água Santa,RS,municipio
aguas claras,RS,Viamão,RS,distrito
agudo,RS,Agudo,RS,municipio
ajuricaba,RS,Ajuricaba,RS,municipio
alecrim,RS,Alecrim,RS,municipio
alegrete,RS,Alegrete,RS,municipio
alegria,RS,Alegria,RS,municipio
almirante tamandare do sul,RS,Almirante Tamandaré do Sul,RS,municipio
almirante tamandaré do sul,RS,Almirante Tamandaré do Sul,RS,municipio
alpestre,RS,Alpestre,RS,municipio
alto alegre,RS,Alto Alegre,RS,municipio
alto feliz,RS,Alto Feliz,RS,municipio
alvorada,RS,Alvorada,RS,municipio
amaral ferrador,RS,Amaral Ferrador,RS,municipio
ametista do sul,RS,Ametista do Sul,RS,municipio
andre da rocha,RS,André da Rocha,RS,municipio
andré da rocha,RS,André da Rocha,RS,municipio
anta gorda,RS,Anta Gorda,RS,municipio
antonio prado,RS,Antônio Prado,RS,municipio
antônio prado,RS,Antônio Prado,RS,municipio
arambare,RS,Arambaré,RS,municipio
arambaré,RS,Arambaré,RS,municipio
ararica,RS,Araricá,RS,municipio
araricá,RS,Araricá,RS,municipio
aratiba,RS,Aratiba,RS,municipio
arco verde,RS,Carlos Barbosa,RS,distrito
arroio do meio,RS,Arroio do Meio,RS,municipio
arroio do padre,RS,Arroio do Padre,RS,municipio
arroio do sal,RS,Arroio do Sal,RS,municipio
arroio do tigre,RS,Arroio do Tigre,RS,municipio
arroio dos ratos,RS,Arroio dos Ratos,RS,municipio
arroio grande,RS,Arroio Grande,RS,municipio
arvorezinha,RS,Arvorezinha,RS,municipio
augusto pestana,RS,Augusto Pestana,RS,municipio
aurea,RS,Áurea,RS,municipio
bage,RS,Bagé,RS,municipio
bagé,RS,Bagé,RS,municipio
balneario pinhal,RS,Balneário Pinhal,RS,municipio
balneário pinhal,RS,Balneário Pinhal,RS,municipio
barao,RS,Barão,RS,municipio
barao de cotegipe,RS,Barão de Cotegipe,RS,municipio
barao do triunfo,RS,Barão do Triunfo,RS,municipio
barra do guarita,RS,Barra do Guarita,RS,municipio
barra do quarai,RS,Barra do Quaraí,RS,municipio
barra do quaraí,RS,Barra do Quaraí,RS,municipio
barra do ribeiro,RS,Barra do Ribeiro,RS,municipio
barra do rio azul,RS,Barra do Rio Azul,RS,municipio
barra funda,RS,Barra Funda,RS,municipio
barracao,RS,Barracão,RS,municipio
barracão,RS,Barracão,RS,municipio
barrado quarai,RS,Barra do Quaraí,RS,municipio
barros cassal,RS,Barros Cassal,RS,municipio
barão,RS,Barão,RS,municipio
barão de cotegipe,RS,Barão de Cotegipe,RS,municipio
barão do triunfo,RS,Barão do Triunfo,RS,municipio
benjamin constant do sul,RS,Benjamin Constant do Sul,RS,municipio
bento goncalves,RS,Bento Gonçalves,RS,municipio
bento gonçalves,RS,Bento Gonçalves,RS,municipio
boa vista das missoes,RS,Boa Vista das Missões,RS,municipio
boa vista das missões,RS,Boa Vista das Missões,RS,municipio
boa vista do burica,RS,Boa Vista do Buricá,RS,municipio
boa vista do buricá,RS,Boa Vista do Buricá,RS,municipio
boa vista do cadeado,RS,Boa Vista do Cadeado,RS,municipio
boa vista do incra,RS,Boa Vista do Incra,RS,municipio
boa vista do sul,RS,Boa Vista do Sul,RS,municipio
bom jesus,RS,Bom Jesus,RS,municipio
bom principio,RS,Bom Princípio,RS,municipio
bom princípio,RS,Bom Princípio,RS,municipio
bom progresso,RS,Bom Progresso,RS,municipio
bom retiro do sul,RS,Bom Retiro do Sul,RS,municipio
boqueirao do leao,RS,Boqueirão do Leão,RS,municipio
boqueirão do leão,RS,Boqueirão do Leão,RS,municipio
bossoroca,RS,Bossoroca,RS,municipio
bozano,RS,Bozano,RS,municipio
braga,RS,Braga,RS,municipio
brochier,RS,Brochier,RS,municipio
buriti,RS,Santo Ângelo,RS,distrito
butia,RS,Butiá,RS,municipio
butiá,RS,Butiá,RS,municipio
cacapava do sul,RS,Caçapava do Sul,RS,municipio
cacequi,RS,Cacequi,RS,municipio
cachoeira do sul,RS,Cachoeira do Sul,RS,municipio
cachoeirinha,RS,Cachoeirinha,RS,municipio
cacique doble,RS,Cacique Doble,RS,municipio
caibate,RS,Caibaté,RS,municipio
caibaté,RS,Caibaté,RS,municipio
caicara,RS,Caiçara,RS,municipio
caiçara,RS,Caiçara,RS,municipio
camaqua,RS,Camaquã,RS,municipio
camaquã,RS,Camaquã,RS,municipio
camargo,RS,Camargo,RS,municipio
cambara do sul,RS,Cambará do Sul,RS,municipio
cambará do sul,RS,Cambará do Sul,RS,municipio
campestre da serra,RS,Campestre da Serra,RS,municipio
campina das missoes,RS,Campina das Missões,RS,municipio
campina das missões,RS,Campina das Missões,RS,municipio
campinas do sul,RS,Campinas do Sul,RS,municipio
campo bom,RS,Campo Bom,RS,municipio
campo novo,RS,Campo Novo,RS,municipio
campos borges,RS,Campos Borges,RS,municipio
candelaria,RS,Candelária,RS,municipio
candelária,RS,Candelária,RS,municipio
candido godoi,RS,Cândido Godói,RS,municipio
candiota,RS,Candiota,RS,municipio
canela,RS,Canela,RS,municipio
cangucu,RS,Canguçu,RS,municipio
canguçu,RS,Canguçu,RS,municipio
canoas,RS,Canoas,RS,municipio
canudos do vale,RS,Canudos do Vale,RS,municipio
capao da canoa,RS,Capão da Canoa,RS,municipio
capao da porteira,RS,Viamão,RS,distrito
capao do cipo,RS,Capão do Cipó,RS,municipio
capao do leao,RS,Capão do Leão,RS,municipio
capao novo,RS,Capão da Canoa,RS,distrito
capela de santana,RS,Capela de Santana,RS,municipio
capitao,RS,Capitão,RS,municipio
capitão,RS,Capitão,RS,municipio
capivari do sul,RS,Capivari do Sul,RS,municipio
capão da canoa,RS,Capão da Canoa,RS,municipio
capão do cipó,RS,Capão do Cipó,RS,municipio
capão do leão,RS,Capão do Leão,RS,municipio
caraa,RS,Caraá,RS,municipio
carazinho,RS,Carazinho,RS,municipio
caraá,RS,Caraá,RS,municipio
carlos barbosa,RS,Carlos Barbosa,RS,municipio
carlos gomes,RS,Carlos Gomes,RS,municipio
casca,RS,Casca,RS,municipio
caseiros,RS,Caseiros,RS,municipio
catuipe,RS,Catuípe,RS,municipio
catuípe,RS,Catuípe,RS,municipio
caxias do sul,RS,Caxias do Sul,RS,municipio
caçapava do sul,RS,Caçapava do Sul,RS,municipio
centenario,RS,Centenário,RS,municipio
cerrito,RS,Cerrito,RS,municipio
cerro branco,RS,Cerro Branco,RS,municipio
cerro grande,RS,Cerro Grande,RS,municipio
cerro grande do sul,RS,Cerro Grande do Sul,RS,municipio
cerro largo,RS,Cerro Largo,RS,municipio
chapada,RS,Chapada,RS,municipio
charqueadas,RS,Charqueadas,RS,municipio
charrua,RS,Charrua,RS,municipio
chiapetta,RS,Chiapetta,RS,municipio
chui,RS,Chuí,RS,municipio
chuvisca,RS,Chuvisca,RS,municipio
chuí,RS,Chuí,RS,municipio
cidreira,RS,Cidreira,RS,municipio
ciriaco,RS,Ciríaco,RS,municipio
ciríaco,RS,Ciríaco,RS,municipio
colinas,RS,Colinas,RS,municipio
colonia nova,RS,Aceguá,RS,distrito
colonia z-3,RS,Pelotas,RS,viacep
colorado,RS,Colorado,RS,municipio
colônia nova,RS,Aceguá,RS,distrito
colônia z-3,RS,Pelotas,RS,viacep
condor,RS,Condor,RS,municipio
constantina,RS,Constantina,RS,municipio
coqueiro baixo,RS,Coqueiro Baixo,RS,municipio
coqueiros do sul,RS,Coqueiros do Sul,RS,municipio
coronel barros,RS,Coronel Barros,RS,municipio
coronel bicaco,RS,Coronel Bicaco,RS,municipio
coronel pilar,RS,Coronel Pilar,RS,municipio
cortado,RS,Novo Cabrais,RS,viacep
cotipora,RS,Cotiporã,RS,municipio
cotiporã,RS,Cotiporã,RS,municipio
coxilha,RS,Coxilha,RS,municipio
crissiumal,RS,Crissiumal,RS,municipio
cristal,RS,Cristal,RS,municipio
cristal do sul,RS,Cristal do Sul,RS,municipio
cruz alta,RS,Cruz Alta,RS,municipio
cruzaltense,RS,Cruzaltense,RS,municipio
cruzeiro do sul,RS,Cruzeiro do Sul,RS,municipio
curumim,RS,Capão da Canoa,RS,distrito
cândido godói,RS,Cândido Godói,RS,municipio
david canabarro,RS,David Canabarro,RS,municipio
derrubadas,RS,Derrubadas,RS,municipio
dezesseis de novembro,RS,Dezesseis de Novembro,RS,municipio
dilermando de aguiar,RS,Dilermando de Aguiar,RS,municipio
dois irmaos,RS,Dois Irmãos,RS,municipio
dois irmaos das missoes,RS,Dois Irmãos das Missões,RS,municipio
dois irmãos,RS,Dois Irmãos,RS,municipio
dois irmãos das missões,RS,Dois Irmãos das Missões,RS,municipio
dois lajeados,RS,Dois Lajeados,RS,municipio
dom feliciano,RS,Dom Feliciano,RS,municipio
dom pedrito,RS,Dom Pedrito,RS,municipio
dom pedro de alcantara,RS,Dom Pedro de Alcântara,RS,municipio
dom pedro de alcântara,RS,Dom Pedro de Alcântara,RS,municipio
dona francisca,RS,Dona Francisca,RS,municipio
doutor mauricio cardoso,RS,Doutor Maurício Cardoso,RS,municipio
doutor maurício cardoso,RS,Doutor Maurício Cardoso,RS,municipio
doutor ricardo,RS,Doutor Ricardo,RS,municipio
eldorado do sul,RS,Eldorado do Sul,RS,municipio
encantado,RS,Encantado,RS,municipio
encruzilhada do sul,RS,Encruzilhada do Sul,RS,municipio
entre rios do sul,RS,Entre Rios do Sul,RS,municipio
entre-ijuis,RS,Entre-Ijuís,RS,municipio
entre-ijuís,RS,Entre-Ijuís,RS,municipio
erebango,RS,Erebango,RS,municipio
erechim,RS,Erechim,RS,municipio
ernestina,RS,Ernestina,RS,municipio
erval grande,RS,Erval Grande,RS,municipio
erval seco,RS,Erval Seco,RS,municipio
esmeralda,RS,Esmeralda,RS,municipio
esperanca do sul,RS,Esperança do Sul,RS,municipio
esperança do sul,RS,Esperança do Sul,RS,municipio
espumoso,RS,Espumoso,RS,municipio
estacao,RS,Estação,RS,municipio
estancia velha,RS,Estância Velha,RS,municipio
estação,RS,Estação,RS,municipio
esteio,RS,Esteio,RS,municipio
estrela,RS,Estrela,RS,municipio
estrela velha,RS,Estrela Velha,RS,municipio
estância velha,RS,Estância Velha,RS,municipio
eugenio de castro,RS,Eugênio de Castro,RS,municipio
fagundes varela,RS,Fagundes Varela,RS,municipio
farroupilha,RS,Farroupilha,RS,municipio
faxinal do soturno,RS,Faxinal do Soturno,RS,municipio
faxinalzinho,RS,Faxinalzinho,RS,municipio
fazenda souza,RS,Caxias do Sul,RS,distrito
fazenda vilanova,RS,Fazenda Vilanova,RS,municipio
feliz,RS,Feliz,RS,municipio
flores da cunha,RS,Flores da Cunha,RS,municipio
floriano peixoto,RS,Floriano Peixoto,RS,municipio
fontoura xavier,RS,Fontoura Xavier,RS,municipio
formigueiro,RS,Formigueiro,RS,municipio
forquetinha,RS,Forquetinha,RS,municipio
fortaleza dos valos,RS,Fortaleza dos Valos,RS,municipio
frederico westphalen,RS,Frederico Westphalen,RS,municipio
garibaldi,RS,Garibaldi,RS,municipio
garruchos,RS,Garruchos,RS,municipio
gaurama,RS,Gaurama,RS,municipio
general camara,RS,General Câmara,RS,municipio
general câmara,RS,General Câmara,RS,municipio
gentil,RS,Gentil,RS,municipio
getulio vargas,RS,Getúlio Vargas,RS,municipio
getúlio vargas,RS,Getúlio Vargas,RS,municipio
girua,RS,Giruá,RS,municipio
giruá,RS,Giruá,RS,municipio
glorinha,RS,Glorinha,RS,municipio
gramado,RS,Gramado,RS,municipio
gramado dos loureiros,RS,Gramado dos Loureiros,RS,municipio
gramado xavier,RS,Gramado Xavier,RS,municipio
gravatai,RS,Gravataí,RS,municipio
gravataí,RS,Gravataí,RS,municipio
guabiju,RS,Guabiju,RS,municipio
guaiba,RS,Guaíba,RS,municipio
guapore,RS,Guaporé,RS,municipio
guaporé,RS,Guaporé,RS,municipio
guarani das missoes,RS,Guarani das Missões,RS,municipio
guarani das missões,RS,Guarani das Missões,RS,municipio
guaíba,RS,Guaíba,RS,municipio
harmonia,RS,Harmonia,RS,municipio
herval,RS,Herval,RS,municipio
herveiras,RS,Herveiras,RS,municipio
horizontina,RS,Horizontina,RS,municipio
hulha negra,RS,Hulha Negra,RS,municipio
humaita,RS,Humaitá,RS,municipio
humaitá,RS,Humaitá,RS,municipio
ibarama,RS,Ibarama,RS,municipio
ibiaca,RS,Ibiaçá,RS,municipio
ibiaçá,RS,Ibiaçá,RS,municipio
ibiraiaras,RS,Ibiraiaras,RS,municipio
ibirapuita,RS,Ibirapuitã,RS,municipio
ibirapuitã,RS,Ibirapuitã,RS,municipio
ibiruba,RS,Ibirubá,RS,municipio
ibirubá,RS,Ibirubá,RS,municipio
igrejinha,RS,Igrejinha,RS,municipio
ijui,RS,Ijuí,RS,municipio
ijuí,RS,Ijuí,RS,municipio
ilopolis,RS,Ilópolis,RS,municipio
ilópolis,RS,Ilópolis,RS,municipio
imbe,RS,Imbé,RS,municipio
imbé,RS,Imbé,RS,municipio
imigrante,RS,Imigrante,RS,municipio
independencia,RS,Independência,RS,municipio
independência,RS,Independência,RS,municipio
inhacora,RS,Inhacorá,RS,municipio
inhacorá,RS,Inhacorá,RS,municipio
ipe,RS,Ipê,RS,municipio
ipiranga,RS,Gravataí,RS,distrito
ipiranga do sul,RS,Ipiranga do Sul,RS,municipio
ipê,RS,Ipê,RS,municipio
irai,RS,Iraí,RS,municipio
iraí,RS,Iraí,RS,municipio
itaara,RS,Itaara,RS,municipio
itacurubi,RS,Itacurubi,RS,municipio
itapuca,RS,Itapuca,RS,municipio
itapucá,RS,Itapuca,RS,municipio
itaqui,RS,Itaqui,RS,municipio
itati,RS,Itati,RS,municipio
itatiba do sul,RS,Itatiba do Sul,RS,municipio
ivora,RS,Ivorá,RS,municipio
ivoti,RS,Ivoti,RS,municipio
jaboticaba,RS,Jaboticaba,RS,municipio
jacuizinho,RS,Jacuizinho,RS,municipio
jacutinga,RS,Jacutinga,RS,municipio
jaguarao,RS,Jaguarão,RS,municipio
jaguari,RS,Jaguari,RS,municipio
jaguarão,RS,Jaguarão,RS,municipio
jansen,RS,Farroupilha,RS,distrito
jaquirana,RS,Jaquirana,RS,municipio
jari,RS,Jari,RS,municipio
joia,RS,Jóia,RS,municipio
julio de castilhos,RS,Júlio de Castilhos,RS,municipio
jóia,RS,Jóia,RS,municipio
júlio de castilhos,RS,Júlio de Castilhos,RS,municipio
lagoa bonita do sul,RS,Lagoa Bonita do Sul,RS,municipio
lagoa dos tres cantos,RS,Lagoa dos Três Cantos,RS,municipio
lagoa dos três cantos,RS,Lagoa dos Três Cantos,RS,municipio
lagoa vermelha,RS,Lagoa Vermelha,RS,municipio
lagoao,RS,Lagoão,RS,municipio
lagoão,RS,Lagoão,RS,municipio
lajeado,RS,Lajeado,RS,municipio
lajeado do bugre,RS,Lajeado do Bugre,RS,municipio
lavras do sul,RS,Lavras do Sul,RS,municipio
liberato salzano,RS,Liberato Salzano,RS,municipio
lindolfo collor,RS,Lindolfo Collor,RS,municipio
linha nova,RS,Linha Nova,RS,municipio
macambara,RS,Maçambará,RS,municipio
machadinho,RS,Machadinho,RS,municipio
mampituba,RS,Mampituba,RS,municipio
manoel viana,RS,Manoel Viana,RS,municipio
maquine,RS,Maquiné,RS,municipio
maquiné,RS,Maquiné,RS,municipio
marata,RS,Maratá,RS,municipio
marau,RS,Marau,RS,municipio
marcelino ramos,RS,Marcelino Ramos,RS,municipio
mariana pimentel,RS,Mariana Pimentel,RS,municipio
mariano moro,RS,Mariano Moro,RS,municipio
marques de souza,RS,Marques de Souza,RS,municipio
mata,RS,Mata,RS,municipio
mato castelhano,RS,Mato Castelhano,RS,municipio
mato leitao,RS,Mato Leitão,RS,municipio
mato leitão,RS,Mato Leitão,RS,municipio
mato queimado,RS,Mato Queimado,RS,municipio
maximiliano de almeida,RS,Maximiliano de Almeida,RS,municipio
maçambará,RS,Maçambará,RS,municipio
minas do leao,RS,Minas do Leão,RS,municipio
minas do leão,RS,Minas do Leão,RS,municipio
miraguai,RS,Miraguaí,RS,municipio
miraguaí,RS,Miraguaí,RS,municipio
montauri,RS,Montauri,RS,municipio
monte alegre dos campos,RS,Monte Alegre dos Campos,RS,municipio
monte alverne,RS,Santa Cruz do Sul,RS,distrito
monte belo do sul,RS,Monte Belo do Sul,RS,municipio
monte bonito,RS,Pelotas,RS,distrito
montenegro,RS,Montenegro,RS,municipio
mormaco,RS,Mormaço,RS,municipio
mormaço,RS,Mormaço,RS,municipio
morrinhos do sul,RS,Morrinhos do Sul,RS,municipio
morro redondo,RS,Morro Redondo,RS,municipio
morro reuter,RS,Morro Reuter,RS,municipio
mostardas,RS,Mostardas,RS,municipio
mucum,RS,Muçum,RS,municipio
muitos capoes,RS,Muitos Capões,RS,municipio
muliterno,RS,Muliterno,RS,municipio
muçum,RS,Muçum,RS,municipio
nao-me-toque,RS,Não-Me-Toque,RS,municipio
nicolau vergueiro,RS,Nicolau Vergueiro,RS,municipio
nonoai,RS,Nonoai,RS,municipio
nova alvorada,RS,Nova Alvorada,RS,municipio
nova andradina,RS,Nova Andradina,MS,manual_review
nova araca,RS,Nova Araçá,RS,municipio
nova araçá,RS,Nova Araçá,RS,municipio
nova bassano,RS,Nova Bassano,RS,municipio
nova boa vista,RS,Nova Boa Vista,RS,municipio
nova brescia,RS,Nova Bréscia,RS,municipio
nova bréscia,RS,Nova Bréscia,RS,municipio
nova candelaria,RS,Nova Candelária,RS,municipio
nova candelária,RS,Nova Candelária,RS,municipio
nova esperanca do sul,RS,Nova Esperança do Sul,RS,municipio
nova esperança do sul,RS,Nova Esperança do Sul,RS,municipio
nova hartz,RS,Nova Hartz,RS,municipio
nova milano,RS,Farroupilha,RS,distrito
nova padua,RS,Nova Pádua,RS,municipio
nova palma,RS,Nova Palma,RS,municipio
nova petropolis,RS,Nova Petrópolis,RS,municipio
nova petrópolis,RS,Nova Petrópolis,RS,municipio
nova prata,RS,Nova Prata,RS,municipio
nova pádua,RS,Nova Pádua,RS,municipio
nova ramada,RS,Nova Ramada,RS,municipio
nova roma do sul,RS,Nova Roma do Sul,RS,municipio
nova santa rita,RS,Nova Santa Rita,RS,municipio
nova sardenha,RS,Farroupilha,RS,distrito
novo barreiro,RS,Novo Barreiro,RS,municipio
novo cabrais,RS,Novo Cabrais,RS,municipio
novo hamburgo,RS,Novo Hamburgo,RS,municipio
"novo hamburgo, rio grande do sul, brasil",RS,Novo Hamburgo,RS,manual_review
novo machado,RS,Novo Machado,RS,municipio
novo tiradentes,RS,Novo Tiradentes,RS,municipio
novo xingu,RS,Novo Xingu,RS,municipio
não-me-toque,RS,Não-Me-Toque,RS,municipio
osorio,RS,Osório,RS,municipio
osvaldo kroeff,RS,Cambará do Sul,RS,distrito
osório,RS,Osório,RS,municipio
otavio rocha,RS,Flores da Cunha,RS,distrito
padre gonzales,RS,Três Passos,RS,distrito
paim filho,RS,Paim Filho,RS,municipio
palmares do sul,RS,Palmares do Sul,RS,municipio
palmeira das missoes,RS,Palmeira das Missões,RS,municipio
palmeira das missões,RS,Palmeira das Missões,RS,municipio
palmitinho,RS,Palmitinho,RS,municipio
panambi,RS,Panambi,RS,municipio
pantano grande,RS,Pantano Grande,RS,municipio
parai,RS,Paraí,RS,municipio
paraiso do sul,RS,Paraíso do Sul,RS,municipio
paraí,RS,Paraí,RS,municipio
paraíso do sul,RS,Paraíso do Sul,RS,municipio
pareci novo,RS,Pareci Novo,RS,municipio
parobe,RS,Parobé,RS,municipio
parobé,RS,Parobé,RS,municipio
passa sete,RS,Passa Sete,RS,municipio
passo do sobrado,RS,Passo do Sobrado,RS,municipio
passo fundo,RS,Passo Fundo,RS,municipio
paulo bento,RS,Paulo Bento,RS,municipio
paverama,RS,Paverama,RS,municipio
pedras altas,RS,Pedras Altas,RS,municipio
pedro osorio,RS,Pedro Osório,RS,municipio
pedro osório,RS,Pedro Osório,RS,municipio
pejucara,RS,Pejuçara,RS,municipio
pejuçara,RS,Pejuçara,RS,municipio
pelotas,RS,Pelotas,RS,municipio
picada cafe,RS,Picada Café,RS,municipio
picada café,RS,Picada Café,RS,municipio
pinhal,RS,Pinhal,RS,municipio
pinhal alto,RS,Nova Petrópolis,RS,distrito
pinhal da serra,RS,Pinhal da Serra,RS,municipio
pinhal grande,RS,Pinhal Grande,RS,municipio
pinheirinho do vale,RS,Pinheirinho do Vale,RS,municipio
pinheiro machado,RS,Pinheiro Machado,RS,municipio
pinto bandeira,RS,Pinto Bandeira,RS,municipio
pirapo,RS,Pirapó,RS,municipio
pirapó,RS,Pirapó,RS,municipio
piratini,RS,Piratini,RS,municipio
planalto,RS,Planalto,RS,municipio
poco das antas,RS,Poço das Antas,RS,municipio
polo petroquimico de triunfo,RS,Triunfo,RS,viacep
pontao,RS,Pontão,RS,municipio
ponte preta,RS,Ponte Preta,RS,municipio
pontão,RS,Pontão,RS,municipio
portao,RS,Portão,RS,municipio
porto aelgre,RS,Porto Alegre,RS,fuzzy
porto alegre,RS,Porto Alegre,RS,municipio
porto lucena,RS,Porto Lucena,RS,municipio
porto maua,RS,Porto Mauá,RS,municipio
porto mauá,RS,Porto Mauá,RS,municipio
porto vera cruz,RS,Porto Vera Cruz,RS,municipio
porto xavier,RS,Porto Xavier,RS,municipio
portão,RS,Portão,RS,municipio
pouso novo,RS,Pouso Novo,RS,municipio
poço das antas,RS,Poço das Antas,RS,municipio
presidente lucena,RS,Presidente Lucena,RS,municipio
progresso,RS,Progresso,RS,municipio
protasio alves,RS,Protásio Alves,RS,municipio
putinga,RS,Putinga,RS,municipio
pântano grande,RS,Pantano Grande,RS,municipio
quarai,RS,Quaraí,RS,municipio
quaraí,RS,Quaraí,RS,municipio
quatro irmaos,RS,Quatro Irmãos,RS,municipio
quevedos,RS,Quevedos,RS,municipio
quilombo,RS,Pelotas,RS,distrito
quinta,RS,Rio Grande,RS,distrito
quintao,RS,Palmares do Sul,RS,distrito
quinze de novembro,RS,Quinze de Novembro,RS,municipio
rainha do mar,RS,Xangri-lá,RS,distrito
redentora,RS,Redentora,RS,municipio
relvado,RS,Relvado,RS,municipio
restinga seca,RS,Restinga Sêca,RS,municipio
rio dos indios,RS,Rio dos Índios,RS,municipio
rio grande,RS,Rio Grande,RS,municipio
rio pardo,RS,Rio Pardo,RS,municipio
riozinho,RS,Riozinho,RS,municipio
roca sales,RS,Roca Sales,RS,municipio
rodeio bonito,RS,Rodeio Bonito,RS,municipio
rolador,RS,Rolador,RS,municipio
rolante,RS,Rolante,RS,municipio
ronda alta,RS,Ronda Alta,RS,municipio
rondinha,RS,Rondinha,RS,municipio
roque gonzales,RS,Roque Gonzales,RS,municipio
rosario do sul,RS,Rosário do Sul,RS,municipio
rosário do sul,RS,Rosário do Sul,RS,municipio
sagrada familia,RS,Sagrada Família,RS,municipio
sagrada família,RS,Sagrada Família,RS,municipio
saldanha marinho,RS,Saldanha Marinho,RS,municipio
salto do jacui,RS,Salto do Jacuí,RS,municipio
salto do jacuí,RS,Salto do Jacuí,RS,municipio
salvador das missoes,RS,Salvador das Missões,RS,municipio
salvador das missões,RS,Salvador das Missões,RS,municipio
salvador do sul,RS,Salvador do Sul,RS,municipio
sananduva,RS,Sananduva,RS,municipio
sant'ana do livramento,RS,Sant'Ana do Livramento,RS,municipio
santa barbara do sul,RS,Santa Bárbara do Sul,RS,municipio
santa bárbara do sul,RS,Santa Bárbara do Sul,RS,municipio
santa cecilia do sul,RS,Santa Cecília do Sul,RS,municipio
santa clara do sul,RS,Santa Clara do Sul,RS,municipio
santa cruz do sul,RS,Santa Cruz do Sul,RS,municipio
santa lucia do piai,RS,Caxias do Sul,RS,distrito
santa luzia,RS,Lagoa Vermelha,RS,distrito
santa margarida do sul,RS,Santa Margarida do Sul,RS,municipio
santa maria,RS,Santa Maria,RS,municipio
santa maria do herval,RS,Santa Maria do Herval,RS,municipio
santa rosa,RS,Santa Rosa,RS,municipio
santa vitoria do palmar,RS,Santa Vitória do Palmar,RS,municipio
santa vitória do palmar,RS,Santa Vitória do Palmar,RS,municipio
santana da boa vista,RS,Santana da Boa Vista,RS,municipio
santana do livramento,RS,Sant'Ana do Livramento,RS,fuzzy
santiago,RS,Santiago,RS,municipio
santo angelo,RS,Santo Ângelo,RS,municipio
santo antonio da patrulha,RS,Santo Antônio da Patrulha,RS,municipio
santo antonio das missoes,RS,Santo Antônio das Missões,RS,municipio
santo antonio do palma,RS,Santo Antônio do Palma,RS,municipio
santo antonio do planalto,RS,Santo Antônio do Planalto,RS,municipio
santo antônio da patrulha,RS,Santo Antônio da Patrulha,RS,municipio
santo antônio das missões,RS,Santo Antônio das Missões,RS,municipio
santo antônio do palma,RS,Santo Antônio do Palma,RS,municipio
santo antônio do planalto,RS,Santo Antônio do Planalto,RS,municipio
santo augusto,RS,Santo Augusto,RS,municipio
santo cristo,RS,Santo Cristo,RS,municipio
santo expedito do sul,RS,Santo Expedito do Sul,RS,municipio
santo ângelo,RS,Santo Ângelo,RS,municipio
sao borja,RS,São Borja,RS,municipio
sao domingos do sul,RS,São Domingos do Sul,RS,municipio
sao francisco de assis,RS,São Francisco de Assis,RS,municipio
sao francisco de paula,RS,São Francisco de Paula,RS,municipio
sao gabriel,RS,São Gabriel,RS,municipio
sao jeronimo,RS,São Jerônimo,RS,municipio
sao joao da urtiga,RS,São João da Urtiga,RS,municipio
sao joao do polesine,RS,São João do Polêsine,RS,municipio
sao jorge,RS,São Jorge,RS,municipio
sao jose das missoes,RS,São José das Missões,RS,municipio
sao jose do herval,RS,São José do Herval,RS,municipio
sao jose do hortencio,RS,São José do Hortêncio,RS,municipio
sao jose do inhacora,RS,São José do Inhacorá,RS,municipio
sao jose do norte,RS,São José do Norte,RS,municipio
sao jose do ouro,RS,São José do Ouro,RS,municipio
sao jose do sul,RS,São José do Sul,RS,municipio
sao jose dos ausentes,RS,São José dos Ausentes,RS,municipio
sao leopoldo,RS,São Leopoldo,RS,municipio
sao lourenco do sul,RS,São Lourenço do Sul,RS,municipio
sao luiz gonzaga,RS,São Luiz Gonzaga,RS,municipio
sao marcos,RS,São Marcos,RS,municipio
sao martinho,RS,São Martinho,RS,municipio
sao martinho da serra,RS,São Martinho da Serra,RS,municipio
sao miguel das missoes,RS,São Miguel das Missões,RS,municipio
sao nicolau,RS,São Nicolau,RS,municipio
sao paulo das missoes,RS,São Paulo das Missões,RS,municipio
sao pedro da serra,RS,São Pedro da Serra,RS,municipio
sao pedro do butia,RS,São Pedro do Butiá,RS,municipio
sao pedro do sul,RS,São Pedro do Sul,RS,municipio
sao sebastiao do cai,RS,São Sebastião do Caí,RS,municipio
sao sepe,RS,São Sepé,RS,municipio
sao valentim,RS,São Valentim,RS,municipio
sao valentim do sul,RS,São Valentim do Sul,RS,municipio
sao valerio do sul,RS,São Valério do Sul,RS,municipio
sao vendelino,RS,São Vendelino,RS,municipio
sao vicente do sul,RS,São Vicente do Sul,RS,municipio
sapiranga,RS,Sapiranga,RS,municipio
sapucaia do sul,RS,Sapucaia do Sul,RS,municipio
sarandi,RS,Sarandi,RS,municipio
seberi,RS,Seberi,RS,municipio
sede nova,RS,Sede Nova,RS,municipio
segredo,RS,Segredo,RS,municipio
selbach,RS,Selbach,RS,municipio
senador salgado filho,RS,Senador Salgado Filho,RS,municipio
sentinela do sul,RS,Sentinela do Sul,RS,municipio
serafina correa,RS,Serafina Corrêa,RS,municipio
serafina corrêa,RS,Serafina Corrêa,RS,municipio
serio,RS,Sério,RS,municipio
sertao,RS,Sertão,RS,municipio
sertao santana,RS,Sertão Santana,RS,municipio
sertão,RS,Sertão,RS,municipio
sertão santana,RS,Sertão Santana,RS,municipio
sete de setembro,RS,Sete de Setembro,RS,municipio
severiano de almeida,RS,Severiano de Almeida,RS,municipio
silveira martins,RS,Silveira Martins,RS,municipio
sinimbu,RS,Sinimbu,RS,municipio
sobradinho,RS,Sobradinho,RS,municipio
soledade,RS,Soledade,RS,municipio
são borja,RS,São Borja,RS,municipio
são domingos do sul,RS,São Domingos do Sul,RS,municipio
são francisco de assis,RS,São Francisco de Assis,RS,municipio
são francisco de paula,RS,São Francisco de Paula,RS,municipio
são gabriel,RS,São Gabriel,RS,municipio
são jerônimo,RS,São Jerônimo,RS,municipio
são josé das missões,RS,São José das Missões,RS,municipio
são josé do herval,RS,São José do Herval,RS,municipio
são josé do hortêncio,RS,São José do Hortêncio,RS,municipio
são josé do norte,RS,São José do Norte,RS,municipio
são josé do ouro,RS,São José do Ouro,RS,municipio
são josé dos ausentes,RS,São José dos Ausentes,RS,municipio
são joão da urtiga,RS,São João da Urtiga,RS,municipio
são leopoldo,RS,São Leopoldo,RS,municipio
são lourenço do sul,RS,São Lourenço do Sul,RS,municipio
são luiz gonzaga,RS,São Luiz Gonzaga,RS,municipio
são marcos,RS,São Marcos,RS,municipio
são martinho,RS,São Martinho,RS,municipio
são martinho da serra,RS,São Martinho da Serra,RS,municipio
são miguel das missões,RS,São Miguel das Missões,RS,municipio
são nicolau,RS,São Nicolau,RS,municipio
são paulo das missões,RS,São Paulo das Missões,RS,municipio
são pedro da serra,RS,São Pedro da Serra,RS,municipio
são pedro do butiá,RS,São Pedro do Butiá,RS,municipio
são pedro do sul,RS,São Pedro do Sul,RS,municipio
são sebastião do caí,RS,São Sebastião do Caí,RS,municipio
são sepé,RS,São Sepé,RS,municipio
são valentim,RS,São Valentim,RS,municipio
são valentim do sul,RS,São Valentim do Sul,RS,municipio
são vendelino,RS,São Vendelino,RS,municipio
são vicente do sul,RS,São Vicente do Sul,RS,municipio
sério,RS,Sério,RS,municipio
tabai,RS,Tabaí,RS,municipio
tapejara,RS,Tapejara,RS,municipio
tapera,RS,Tapera,RS,municipio
tapes,RS,Tapes,RS,municipio
taquara,RS,Taquara,RS,municipio
taquari,RS,Taquari,RS,municipio
taquarucu do sul,RS,Taquaruçu do Sul,RS,municipio
taquaruçu do sul,RS,Taquaruçu do Sul,RS,municipio
tavares,RS,Tavares,RS,municipio
tenente portela,RS,Tenente Portela,RS,municipio
terra de areia,RS,Terra de Areia,RS,municipio
teutonia,RS,Teutônia,RS,municipio
teutônia,RS,Teutônia,RS,municipio
tio hugo,RS,Tio Hugo,RS,municipio
tiradentes do sul,RS,Tiradentes do Sul,RS,municipio
toropi,RS,Toropi,RS,municipio
torres,RS,Torres,RS,municipio
tramandai,RS,Tramandaí,RS,municipio
tramandaí,RS,Tramandaí,RS,municipio
travesseiro,RS,Travesseiro,RS,municipio
tres arroios,RS,Três Arroios,RS,municipio
tres cachoeiras,RS,Três Cachoeiras,RS,municipio
tres coroas,RS,Três Coroas,RS,municipio
tres de maio,RS,Três de Maio,RS,municipio
tres forquilhas,RS,Três Forquilhas,RS,municipio
tres palmeiras,RS,Três Palmeiras,RS,municipio
tres passos,RS,Três Passos,RS,municipio
trindade do sul,RS,Trindade do Sul,RS,municipio
triunfo,RS,Triunfo,RS,municipio
três arroios,RS,Três Arroios,RS,municipio
três cachoeiras,RS,Três Cachoeiras,RS,municipio
três coroas,RS,Três Coroas,RS,municipio
três de maio,RS,Três de Maio,RS,municipio
três palmeiras,RS,Três Palmeiras,RS,municipio
três passos,RS,Três Passos,RS,municipio
tucunduva,RS,Tucunduva,RS,municipio
tuiuti,RS,Bento Gonçalves,RS,viacep
tunas,RS,Tunas,RS,municipio
tupanci do sul,RS,Tupanci do Sul,RS,municipio
tupancireta,RS,Tupanciretã,RS,municipio
tupanciretã,RS,Tupanciretã,RS,municipio
tupandi,RS,Tupandi,RS,municipio
tuparendi,RS,Tuparendi,RS,municipio
turucu,RS,Turuçu,RS,municipio
turuçu,RS,Turuçu,RS,municipio
ubiretama,RS,Ubiretama,RS,municipio
uniao da serra,RS,União da Serra,RS,municipio
unistalda,RS,Unistalda,RS,municipio
união da serra,RS,União da Serra,RS,municipio
uruguaiana,RS,Uruguaiana,RS,municipio
vacaria,RS,Vacaria,RS,municipio
vale do sol,RS,Vale do Sol,RS,municipio
vale dos vinhedos,RS,Bento Gonçalves,RS,distrito
vale real,RS,Vale Real,RS,municipio
vale verde,RS,Vale Verde,RS,municipio
vanini,RS,Vanini,RS,municipio
venancio aires,RS,Venâncio Aires,RS,municipio
venâncio aires,RS,Venâncio Aires,RS,municipio
vera cruz,RS,Vera Cruz,RS,municipio
veranopolis,RS,Veranópolis,RS,municipio
veranópolis,RS,Veranópolis,RS,municipio
vespasiano correa,RS,Vespasiano Corrêa,RS,municipio
viadutos,RS,Viadutos,RS,municipio
viamao,RS,Viamão,RS,municipio
viamão,RS,Viamão,RS,municipio
vicente dutra,RS,Vicente Dutra,RS,municipio
victor graeff,RS,Victor Graeff,RS,municipio
vila flores,RS,Vila Flores,RS,municipio
vila langaro,RS,Vila Lângaro,RS,municipio
vila lângaro,RS,Vila Lângaro,RS,municipio
vila maria,RS,Vila Maria,RS,municipio
vila nova do sul,RS,Vila Nova do Sul,RS,municipio
vista alegre,RS,Vista Alegre,RS,municipio
vista alegre do prata,RS,Vista Alegre do Prata,RS,municipio
vista gaucha,RS,Vista Gaúcha,RS,municipio
vista gaúcha,RS,Vista Gaúcha,RS,municipio
vitoria das missoes,RS,Vitória das Missões,RS,municipio
vitória das missões,RS,Vitória das Missões,RS,municipio
westfalia,RS,Westfália,RS,municipio
westfália,RS,Westfália,RS,municipio
xangri-la,RS,Xangri-lá,RS,municipio
xangri-lá,RS,Xangri-lá,RS,municipio
xangrila,RS,Xangri-lá,RS,fuzzy
áurea,RS,Áurea,RS,municipio
abdon batista,SC,Abdon Batista,SC,municipio
abelardo luz,SC,Abelardo Luz,SC,municipio
agrolandia,SC,Agrolândia,SC,municipio
agrolândia,SC,Agrolândia,SC,municipio
agronomica,SC,Agronômica,SC,municipio
agronômica,SC,Agronômica,SC,municipio
agua doce,SC,Água Doce,SC,municipio
aguas de chapeco,SC,Águas de Chapecó,SC,municipio
aguas frias,SC,Águas Frias,SC,municipio
aguas mornas,SC,Águas Mornas,SC,municipio
alfredo wagner,SC,Alfredo Wagner,SC,municipio
alto bela vista,SC,Alto Bela Vista,SC,municipio
anchieta,SC,Anchieta,SC,municipio
angelina,SC,Angelina,SC,municipio
anita garibaldi,SC,Anita Garibaldi,SC,municipio
anitapolis,SC,Anitápolis,SC,municipio
anitápolis,SC,Anitápolis,SC,municipio
antonio carlos,SC,Antônio Carlos,SC,municipio
antônio carlos,SC,Antônio Carlos,SC,municipio
apiuna,SC,Apiúna,SC,municipio
apiúna,SC,Apiúna,SC,municipio
arabuta,SC,Arabutã,SC,municipio
araquari,SC,Araquari,SC,municipio
ararangua,SC,Araranguá,SC,municipio
araranguá,SC,Araranguá,SC,municipio
armazem,SC,Armazém,SC,municipio
armazém,SC,Armazém,SC,municipio
arroio trinta,SC,Arroio Trinta,SC,municipio
arvoredo,SC,Arvoredo,SC,municipio
ascurra,SC,Ascurra,SC,municipio
atalanta,SC,Atalanta,SC,municipio
aurora,SC,Aurora,SC,municipio
azambuja,SC,Pedras Grandes,SC,distrito
balenario camboriu,SC,Balneário Camboriú,SC,fuzzy
balneario arroio do silva,SC,Balneário Arroio do Silva,SC,municipio
balneario barra do sul,SC,Balneário Barra do Sul,SC,municipio
balneario camboriu,SC,Balneário Camboriú,SC,municipio
balneario de picarras,SC,Balneário Piçarras,SC,fuzzy
balneario gaivota,SC,Balneário Gaivota,SC,municipio
balneario picarras,SC,Balneário Piçarras,SC,municipio
balneario rincao,SC,Balneário Rincão,SC,municipio
balneário arroio do silva,SC,Balneário Arroio do Silva,SC,municipio
balneário barra do sul,SC,Balneário Barra do Sul,SC,municipio
balneário camboriú,SC,Balneário Camboriú,SC,municipio
balneário gaivota,SC,Balneário Gaivota,SC,municipio
balneário piçarras,SC,Balneário Piçarras,SC,municipio
balneário rincão,SC,Balneário Rincão,SC,municipio
bandeirante,SC,Bandeirante,SC,municipio
barra bonita,SC,Barra Bonita,SC,municipio
barra velha,SC,Barra Velha,SC,municipio
bela vista do toldo,SC,Bela Vista do Toldo,SC,municipio
belmonte,SC,Belmonte,SC,municipio
benedito novo,SC,Benedito Novo,SC,municipio
biguacu,SC,Biguaçu,SC,municipio
biguaçu,SC,Biguaçu,SC,municipio
blumenau,SC,Blumenau,SC,municipio
bocaina do sul,SC,Bocaina do Sul,SC,municipio
bocaína do sul,SC,Bocaina do Sul,SC,municipio
bom jardim da serra,SC,Bom Jardim da Serra,SC,municipio
bom jesus,SC,Bom Jesus,SC,municipio
bom retiro,SC,Bom Retiro,SC,municipio
bombinhas,SC,Bombinhas,SC,municipio
botuvera,SC,Botuverá,SC,municipio
botuverá,SC,Botuverá,SC,municipio
braco do norte,SC,Braço do Norte,SC,municipio
braco do trombudo,SC,Braço do Trombudo,SC,municipio
braço do norte,SC,Braço do Norte,SC,municipio
braço do trombudo,SC,Braço do Trombudo,SC,municipio
brunopolis,SC,Brunópolis,SC,municipio
brunópolis,SC,Brunópolis,SC,municipio
brusque,SC,Brusque,SC,municipio
cacador,SC,Caçador,SC,municipio
caibi,SC,Caibi,SC,municipio
calmon,SC,Calmon,SC,municipio
camboriu,SC,Camboriú,SC,municipio
camboriú,SC,Camboriú,SC,municipio
campo alegre,SC,Campo Alegre,SC,municipio
campo belo do sul,SC,Campo Belo do Sul,SC,municipio
campo ere,SC,Campo Erê,SC,municipio
campo erê,SC,Campo Erê,SC,municipio
campos novos,SC,Campos Novos,SC,municipio
canelinha,SC,Canelinha,SC,municipio
canoinhas,SC,Canoinhas,SC,municipio
capao alto,SC,Capão Alto,SC,municipio
capinzal,SC,Capinzal,SC,municipio
capivari de baixo,SC,Capivari de Baixo,SC,municipio
catanduvas,SC,Catanduvas,SC,municipio
caxambu do sul,SC,Caxambu do Sul,SC,municipio
caçador,SC,Caçador,SC,municipio
celso ramos,SC,Celso Ramos,SC,municipio
cerro negro,SC,Cerro Negro,SC,municipio
chapadao do lageado,SC,Chapadão do Lageado,SC,municipio
chapadão do lageado,SC,Chapadão do Lageado,SC,municipio
chapeco,SC,Chapecó,SC,municipio
chapecó,SC,Chapecó,SC,municipio
cocal do sul,SC,Cocal do Sul,SC,municipio
concordia,SC,Concórdia,SC,municipio
concórdia,SC,Concórdia,SC,municipio
cordilheira alta,SC,Cordilheira Alta,SC,municipio
coronel freitas,SC,Coronel Freitas,SC,municipio
coronel martins,SC,Coronel Martins,SC,municipio
correia pinto,SC,Correia Pinto,SC,municipio
corupa,SC,Corupá,SC,municipio
corupá,SC,Corupá,SC,municipio
criciuma,SC,Criciúma,SC,municipio
criciúma,SC,Criciúma,SC,municipio
cunha pora,SC,Cunha Porã,SC,municipio
cunha porã,SC,Cunha Porã,SC,municipio
cunhatai,SC,Cunhataí,SC,municipio
curitibanos,SC,Curitibanos,SC,municipio
dalbergia,SC,Ibirama,SC,distrito
descanso,SC,Descanso,SC,municipio
dionisio cerqueira,SC,Dionísio Cerqueira,SC,municipio
dionísio cerqueira,SC,Dionísio Cerqueira,SC,municipio
dona emma,SC,Dona Emma,SC,municipio
doutor pedrinho,SC,Doutor Pedrinho,SC,municipio
entre rios,SC,Entre Rios,SC,municipio
ermo,SC,Ermo,SC,municipio
erval velho,SC,Erval Velho,SC,municipio
estacao cocal,SC,Morro da Fumaça,SC,distrito
estação cocal,SC,Morro da Fumaça,SC,distrito
faxinal dos guedes,SC,Faxinal dos Guedes,SC,municipio
flor do sertao,SC,Flor do Sertão,SC,municipio
flor do sertão,SC,Flor do Sertão,SC,municipio
floranopolis,SC,Florianópolis,SC,fuzzy
florian&oacute;polis,SC,Florianópolis,SC,viacep
florianopolis,SC,Florianópolis,SC,municipio
florianópolis,SC,Florianópolis,SC,municipio
floripa,SC,Florianópolis,SC,viacep
formosa do sul,SC,Formosa do Sul,SC,municipio
forquilhinha,SC,Forquilhinha,SC,municipio
fragosos,SC,Campo Alegre,SC,distrito
fraiburgo,SC,Fraiburgo,SC,municipio
frei rogerio,SC,Frei Rogério,SC,municipio
frei rogério,SC,Frei Rogério,SC,municipio
galvao,SC,Galvão,SC,municipio
galvão,SC,Galvão,SC,municipio
garopaba,SC,Garopaba,SC,municipio
garuva,SC,Garuva,SC,municipio
gaspar,SC,Gaspar,SC,municipio
governador celso ramos,SC,Governador Celso Ramos,SC,municipio
grao para,SC,Grão-Pará,SC,fuzzy
gravatal,SC,Gravatal,SC,municipio
grão pará,SC,Grão-Pará,SC,fuzzy
guabiruba,SC,Guabiruba,SC,municipio
guaporanga,SC,Biguaçu,SC,distrito
guaraciaba,SC,Guaraciaba,SC,municipio
guaramirim,SC,Guaramirim,SC,municipio
guaruja do sul,SC,Guarujá do Sul,SC,municipio
guarujá do sul,SC,Guarujá do Sul,SC,municipio
guatambu,SC,Guatambú,SC,municipio
guatambú,SC,Guatambú,SC,municipio
herval d oeste,SC,Herval d'Oeste,SC,fuzzy
herval d' oeste,SC,Herval d'Oeste,SC,municipio
herval d'oeste,SC,Herval d'Oeste,SC,municipio
herval doeste,SC,Herval d'Oeste,SC,fuzzy
ibiam,SC,Ibiam,SC,municipio
ibicare,SC,Ibicaré,SC,municipio
ibicaré,SC,Ibicaré,SC,municipio
ibirama,SC,Ibirama,SC,municipio
icara,SC,Içara,SC,municipio
ilhota,SC,Ilhota,SC,municipio
imarui,SC,Imaruí,SC,municipio
imaruí,SC,Imaruí,SC,municipio
imbituba,SC,Imbituba,SC,municipio
imbuia,SC,Imbuia,SC,municipio
indaial,SC,Indaial,SC,municipio
iomere,SC,Iomerê,SC,municipio
iomerê,SC,Iomerê,SC,municipio
ipira,SC,Ipira,SC,municipio
ipora do oeste,SC,Iporã do Oeste,SC,municipio
iporã do oeste,SC,Iporã do Oeste,SC,municipio
ipuacu,SC,Ipuaçu,SC,municipio
ipuaçu,SC,Ipuaçu,SC,municipio
ipumirim,SC,Ipumirim,SC,municipio
iraceminha,SC,Iraceminha,SC,municipio
irani,SC,Irani,SC,municipio
irati,SC,Irati,SC,municipio
irineopolis,SC,Irineópolis,SC,municipio
irineópolis,SC,Irineópolis,SC,municipio
ita,SC,Itá,SC,municipio
itaiopolis,SC,Itaiópolis,SC,municipio
itaiópolis,SC,Itaiópolis,SC,municipio
itajai,SC,Itajaí,SC,municipio
itajaí,SC,Itajaí,SC,municipio
itapema,SC,Itapema,SC,municipio
itapiranga,SC,Itapiranga,SC,municipio
itapoa,SC,Itapoá,SC,municipio
itapocu,SC,Araquari,SC,distrito
itapoá,SC,Itapoá,SC,municipio
ituporanga,SC,Ituporanga,SC,municipio
itá,SC,Itá,SC,municipio
içara,SC,Içara,SC,municipio
jabora,SC,Jaborá,SC,municipio
jaborá,SC,Jaborá,SC,municipio
jacinto machado,SC,Jacinto Machado,SC,municipio
jaguaruna,SC,Jaguaruna,SC,municipio
jaragua do sul,SC,Jaraguá do Sul,SC,municipio
jaraguá do sul,SC,Jaraguá do Sul,SC,municipio
jardinopolis,SC,Jardinópolis,SC,municipio
jardinópolis,SC,Jardinópolis,SC,municipio
joacaba,SC,Joaçaba,SC,municipio
joaçaba,SC,Joaçaba,SC,municipio
joinville,SC,Joinville,SC,municipio
jose boiteux,SC,José Boiteux,SC,municipio
josé boiteux,SC,José Boiteux,SC,municipio
jupia,SC,Jupiá,SC,municipio
jupiá,SC,Jupiá,SC,municipio
lacerdopolis,SC,Lacerdópolis,SC,municipio
lages,SC,Lages,SC,municipio
lages - sc,SC,Lages,SC,viacep
laguna,SC,Laguna,SC,municipio
lajeado grande,SC,Lajeado Grande,SC,municipio
laurentino,SC,Laurentino,SC,municipio
lauro muller,SC,Lauro Müller,SC,municipio
lauro müller,SC,Lauro Müller,SC,municipio
lebon regis,SC,Lebon Régis,SC,municipio
lebon régis,SC,Lebon Régis,SC,municipio
leoberto leal,SC,Leoberto Leal,SC,municipio
lindoia do sul,SC,Lindóia do Sul,SC,municipio
lindóia do sul,SC,Lindóia do Sul,SC,municipio
lontras,SC,Lontras,SC,municipio
luiz alves,SC,Luiz Alves,SC,municipio
luzerna,SC,Luzerna,SC,municipio
macieira,SC,Macieira,SC,municipio
mafra,SC,Mafra,SC,municipio
major gercino,SC,Major Gercino,SC,municipio
major vieira,SC,Major Vieira,SC,municipio
maracaja,SC,Maracajá,SC,municipio
maracajá,SC,Maracajá,SC,municipio
maracana,SC,Maracajá,SC,fuzzy
maravilha,SC,Maravilha,SC,municipio
marema,SC,Marema,SC,municipio
massaranduba,SC,Massaranduba,SC,municipio
matos costa,SC,Matos Costa,SC,municipio
meleiro,SC,Meleiro,SC,municipio
mirim doce,SC,Mirim Doce,SC,municipio
modelo,SC,Modelo,SC,municipio
mondai,SC,Mondaí,SC,municipio
mondaí,SC,Mondaí,SC,municipio
monte carlo,SC,Monte Carlo,SC,municipio
monte castelo,SC,Monte Castelo,SC,municipio
morro chato,SC,Turvo,SC,distrito
morro da fumaca,SC,Morro da Fumaça,SC,municipio
morro da fumaça,SC,Morro da Fumaça,SC,municipio
morro grande,SC,Morro Grande,SC,municipio
navegantes,SC,Navegantes,SC,municipio
nossa senhora de caravaggio,SC,Nova Veneza,SC,viacep
nova erechim,SC,Nova Erechim,SC,municipio
nova itaberaba,SC,Nova Itaberaba,SC,municipio
nova trento,SC,Nova Trento,SC,municipio
nova veneza,SC,Nova Veneza,SC,municipio
novo horizonte,SC,Novo Horizonte,SC,municipio
orleans,SC,Orleans,SC,municipio
otacilio costa,SC,Otacílio Costa,SC,municipio
otacílio costa,SC,Otacílio Costa,SC,municipio
ouro,SC,Ouro,SC,municipio
ouro verde,SC,Ouro Verde,SC,municipio
paial,SC,Paial,SC,municipio
painel,SC,Painel,SC,municipio
palhoca,SC,Palhoça,SC,municipio
palhoça,SC,Palhoça,SC,municipio
palma sola,SC,Palma Sola,SC,municipio
palmeira,SC,Palmeira,SC,municipio
palmitos,SC,Palmitos,SC,municipio
papanduva,SC,Papanduva,SC,municipio
paraiso,SC,Paraíso,SC,municipio
paraíso,SC,Paraíso,SC,municipio
passo de torres,SC,Passo de Torres,SC,municipio
passos maia,SC,Passos Maia,SC,municipio
paulo lopes,SC,Paulo Lopes,SC,municipio
pedras grandes,SC,Pedras Grandes,SC,municipio
penha,SC,Penha,SC,municipio
peritiba,SC,Peritiba,SC,municipio
pescaria brava,SC,Pescaria Brava,SC,municipio
petrolandia,SC,Petrolândia,SC,municipio
petrolândia,SC,Petrolândia,SC,municipio
picarras,SC,Balneário Piçarras,SC,viacep
pinhalzinho,SC,Pinhalzinho,SC,municipio
pinheiro preto,SC,Pinheiro Preto,SC,municipio
piratuba,SC,Piratuba,SC,municipio
planalto alegre,SC,Planalto Alegre,SC,municipio
pomerode,SC,Pomerode,SC,municipio
ponte alta,SC,Ponte Alta,SC,municipio
ponte alta do norte,SC,Ponte Alta do Norte,SC,municipio
ponte serrada,SC,Ponte Serrada,SC,municipio
porto belo,SC,Porto Belo,SC,municipio
porto uniao,SC,Porto União,SC,municipio
porto união,SC,Porto União,SC,municipio
pouso redondo,SC,Pouso Redondo,SC,municipio
praia grande,SC,Praia Grande,SC,municipio
presidente castello branco,SC,Presidente Castello Branco,SC,municipio
presidente getulio,SC,Presidente Getúlio,SC,municipio
presidente getúlio,SC,Presidente Getúlio,SC,municipio
presidente nereu,SC,Presidente Nereu,SC,municipio
princesa,SC,Princesa,SC,municipio
quilombo,SC,Quilombo,SC,municipio
rancho queimado,SC,Rancho Queimado,SC,municipio
residencia fuck,SC,Monte Castelo,SC,distrito
rio bonito,SC,Ituporanga,SC,distrito
rio das antas,SC,Rio das Antas,SC,municipio
rio do campo,SC,Rio do Campo,SC,municipio
rio do oeste,SC,Rio do Oeste,SC,municipio
rio do sul,SC,Rio do Sul,SC,municipio
rio dos cedros,SC,Rio dos Cedros,SC,municipio
rio fortuna,SC,Rio Fortuna,SC,municipio
rio negrinho,SC,Rio Negrinho,SC,municipio
rio rufino,SC,Rio Rufino,SC,municipio
riqueza,SC,Riqueza,SC,municipio
rodeio,SC,Rodeio,SC,municipio
romelandia,SC,Romelândia,SC,municipio
romelândia,SC,Romelândia,SC,municipio
salete,SC,Salete,SC,municipio
salto veloso,SC,Salto Veloso,SC,municipio
sangao,SC,Sangão,SC,municipio
sangão,SC,Sangão,SC,municipio
santa catarina,SC,Palhoça,SC,viacep
santa cecilia,SC,Santa Cecília,SC,municipio
santa cecília,SC,Santa Cecília,SC,municipio
santa cruz do timbo,SC,Porto União,SC,distrito
santa helena,SC,Santa Helena,SC,municipio
santa rosa de lima,SC,Santa Rosa de Lima,SC,municipio
santa rosa do sul,SC,Santa Rosa do Sul,SC,municipio
santa terezinha,SC,Santa Terezinha,SC,municipio
santa terezinha do progresso,SC,Santa Terezinha do Progresso,SC,municipio
santiago do sul,SC,Santiago do Sul,SC,municipio
santo amaro da imperatriz,SC,Santo Amaro da Imperatriz,SC,municipio
sao bento do sul,SC,São Bento do Sul,SC,municipio
sao bernardino,SC,São Bernardino,SC,municipio
sao bonifacio,SC,São Bonifácio,SC,municipio
sao carlos,SC,São Carlos,SC,municipio
sao cristovao do sul,SC,São Cristóvão do Sul,SC,municipio
sao domingos,SC,São Domingos,SC,municipio
sao francisco do sul,SC,São Francisco do Sul,SC,municipio
sao joao batista,SC,São João Batista,SC,municipio
sao joao do itaperiu,SC,São João do Itaperiú,SC,municipio
sao joao do oeste,SC,São João do Oeste,SC,municipio
sao joao do sul,SC,São João do Sul,SC,municipio
sao joaquim,SC,São Joaquim,SC,municipio
sao jose,SC,São José,SC,municipio
sao jose do cedro,SC,São José do Cedro,SC,municipio
sao jose do cerrito,SC,São José do Cerrito,SC,municipio
sao lourenco do oeste,SC,São Lourenço do Oeste,SC,municipio
sao ludgero,SC,São Ludgero,SC,municipio
sao martinho,SC,São Martinho,SC,municipio
sao miguel d'oeste,SC,São Miguel do Oeste,SC,fuzzy
sao miguel da boa vista,SC,São Miguel da Boa Vista,SC,municipio
sao miguel do oeste,SC,São Miguel do Oeste,SC,municipio
sao pedro de alcantara,SC,São Pedro de Alcântara,SC,municipio
sapiranga,SC,Meleiro,SC,distrito
saudades,SC,Saudades,SC,municipio
schroeder,SC,Schroeder,SC,municipio
seara,SC,Seara,SC,municipio
serra alta,SC,Serra Alta,SC,municipio
sideropolis,SC,Siderópolis,SC,municipio
siderópolis,SC,Siderópolis,SC,municipio
sombrio,SC,Sombrio,SC,municipio
sul brasil,SC,Sul Brasil,SC,municipio
são bento do sul,SC,São Bento do Sul,SC,municipio
são bernardino,SC,São Bernardino,SC,municipio
são carlos,SC,São Carlos,SC,municipio
são cristóvão do sul,SC,São Cristóvão do Sul,SC,municipio
são domingos,SC,São Domingos,SC,municipio
são francisco do sul,SC,São Francisco do Sul,SC,municipio
são joaquim,SC,São Joaquim,SC,municipio
são josé,SC,São José,SC,municipio
são josé do cedro,SC,São José do Cedro,SC,municipio
são josé do cerrito,SC,São José do Cerrito,SC,municipio
são joão batista,SC,São João Batista,SC,municipio
são joão do itaperiú,SC,São João do Itaperiú,SC,municipio
são joão do oeste,SC,São João do Oeste,SC,municipio
são joão do sul,SC,São João do Sul,SC,municipio
são lourenço do oeste,SC,São Lourenço do Oeste,SC,municipio
são ludgero,SC,São Ludgero,SC,municipio
são martinho,SC,São Martinho,SC,municipio
são miguel da boa vista,SC,São Miguel da Boa Vista,SC,municipio
são miguel do oeste,SC,São Miguel do Oeste,SC,municipio
são pedro de alcântara,SC,São Pedro de Alcântara,SC,municipio
taio,SC,Taió,SC,municipio
taió,SC,Taió,SC,municipio
tangara,SC,Tangará,SC,municipio
tangará,SC,Tangará,SC,municipio
tigrinhos,SC,Tigrinhos,SC,municipio
tijucas,SC,Tijucas,SC,municipio
timbe do sul,SC,Timbé do Sul,SC,municipio
timbo,SC,Timbó,SC,municipio
timbo grande,SC,Timbó Grande,SC,municipio
timbé do sul,SC,Timbé do Sul,SC,municipio
timbó,SC,Timbó,SC,municipio
timbó grande,SC,Timbó Grande,SC,municipio
tres barras,SC,Três Barras,SC,municipio
treviso,SC,Treviso,SC,municipio
treze de maio,SC,Treze de Maio,SC,municipio
treze tilias,SC,Treze Tílias,SC,municipio
treze tílias,SC,Treze Tílias,SC,municipio
trombudo central,SC,Trombudo Central,SC,municipio
três barras,SC,Três Barras,SC,municipio
tubarao,SC,Tubarão,SC,municipio
tubarão,SC,Tubarão,SC,municipio
tunapolis,SC,Tunápolis,SC,municipio
tunápolis,SC,Tunápolis,SC,municipio
turvo,SC,Turvo,SC,municipio
uniao do oeste,SC,União do Oeste,SC,municipio
união do oeste,SC,União do Oeste,SC,municipio
urubici,SC,Urubici,SC,municipio
urupema,SC,Urupema,SC,municipio
urussanga,SC,Urussanga,SC,municipio
vargeao,SC,Vargeão,SC,municipio
vargem,SC,Vargem,SC,municipio
vargem bonita,SC,Vargem Bonita,SC,municipio
vargeão,SC,Vargeão,SC,municipio
vidal ramos,SC,Vidal Ramos,SC,municipio
videira,SC,Videira,SC,municipio
vitor meireles,SC,Vitor Meireles,SC,municipio
vítor meireles,SC,Vitor Meireles,SC,municipio
witmarsum,SC,Witmarsum,SC,municipio
xanxere,SC,Xanxerê,SC,municipio
xanxerê,SC,Xanxerê,SC,municipio
xavantina,SC,Xavantina,SC,municipio
xaxim,SC,Xaxim,SC,municipio
zortea,SC,Zortéa,SC,municipio
zortéa,SC,Zortéa,SC,municipio
água doce,SC,Água Doce,SC,municipio
águas de chapecó,SC,Águas de Chapecó,SC,municipio
águas frias,SC,Águas Frias,SC,municipio
amparo de sao francisco,SE,Amparo do São Francisco,SE,fuzzy
aquidaba,SE,Aquidabã,SE,municipio
aquidabã,SE,Aquidabã,SE,municipio
aracaju,SE,Aracaju,SE,municipio
araua,SE,Arauá,SE,municipio
arauá,SE,Arauá,SE,municipio
areia branca,SE,Areia Branca,SE,municipio
barra dos coqueiros,SE,Barra dos Coqueiros,SE,municipio
boquim,SE,Boquim,SE,municipio
brejo grande,SE,Brejo Grande,SE,municipio
campo do brito,SE,Campo do Brito,SE,municipio
canhoba,SE,Canhoba,SE,municipio
caninde de sao francisco,SE,Canindé de São Francisco,SE,municipio
canindé de são francisco,SE,Canindé de São Francisco,SE,municipio
capela,SE,Capela,SE,municipio
carira,SE,Carira,SE,municipio
carmopolis,SE,Carmópolis,SE,municipio
carmópolis,SE,Carmópolis,SE,municipio
cedro de sao joao,SE,Cedro de São João,SE,municipio
cedro de são joão,SE,Cedro de São João,SE,municipio
cristinapolis,SE,Cristinápolis,SE,municipio
cristinápolis,SE,Cristinápolis,SE,municipio
cumbe,SE,Cumbe,SE,municipio
divina pastora,SE,Divina Pastora,SE,municipio
estancia,SE,Estância,SE,municipio
estância,SE,Estância,SE,municipio
feira nova,SE,Feira Nova,SE,municipio
frei paulo,SE,Frei Paulo,SE,municipio
gararu,SE,Gararu,SE,municipio
general maynard,SE,General Maynard,SE,municipio
graccho cardoso,SE,Graccho Cardoso,SE,municipio
ilha das flores,SE,Ilha das Flores,SE,municipio
indiaroba,SE,Indiaroba,SE,municipio
itabaiana,SE,Itabaiana,SE,municipio
itabaianinha,SE,Itabaianinha,SE,municipio
itabi,SE,Itabi,SE,municipio
itaporanga d'ajuda,SE,Itaporanga d'Ajuda,SE,municipio
japaratuba,SE,Japaratuba,SE,municipio
japoata,SE,Japoatã,SE,municipio
japoatã,SE,Japoatã,SE,municipio
lagarto,SE,Lagarto,SE,municipio
laranjeiras,SE,Laranjeiras,SE,municipio
macambira,SE,Macambira,SE,municipio
malhada dos bois,SE,Malhada dos Bois,SE,municipio
malhador,SE,Malhador,SE,municipio
maruim,SE,Maruim,SE,municipio
moita bonita,SE,Moita Bonita,SE,municipio
monte alegre de sergipe,SE,Monte Alegre de Sergipe,SE,municipio
muribeca,SE,Muribeca,SE,municipio
neopolis,SE,Neópolis,SE,municipio
neópolis,SE,Neópolis,SE,municipio
nossa senhora aparecida,SE,Nossa Senhora Aparecida,SE,municipio
nossa senhora da gloria,SE,Nossa Senhora da Glória,SE,municipio
nossa senhora da glória,SE,Nossa Senhora da Glória,SE,municipio
nossa senhora das dores,SE,Nossa Senhora das Dores,SE,municipio
nossa senhora de lourdes,SE,Nossa Senhora de Lourdes,SE,municipio
nossa senhora do socorro,SE,Nossa Senhora do Socorro,SE,municipio
pacatuba,SE,Pacatuba,SE,municipio
pedrinhas,SE,Pedrinhas,SE,municipio
pinhao,SE,Pinhão,SE,municipio
pinhão,SE,Pinhão,SE,municipio
pirambu,SE,Pirambu,SE,municipio
poco redondo,SE,Poço Redondo,SE,municipio
poco verde,SE,Poço Verde,SE,municipio
porto da folha,SE,Porto da Folha,SE,municipio
poço redondo,SE,Poço Redondo,SE,municipio
poço verde,SE,Poço Verde,SE,municipio
propria,SE,Propriá,SE,municipio
propriá,SE,Propriá,SE,municipio
riachao do dantas,SE,Riachão do Dantas,SE,municipio
riachuelo,SE,Riachuelo,SE,municipio
riachão do dantas,SE,Riachão do Dantas,SE,municipio
ribeiropolis,SE,Ribeirópolis,SE,municipio
ribeirópolis,SE,Ribeirópolis,SE,municipio
rosario do catete,SE,Rosário do Catete,SE,municipio
rosário do catete,SE,Rosário do Catete,SE,municipio
salgado,SE,Salgado,SE,municipio
santa luzia do itanhy,SE,Santa Luzia do Itanhy,SE,municipio
santa rosa de lima,SE,Santa Rosa de Lima,SE,municipio
santana do sao francisco,SE,Santana do São Francisco,SE,municipio
santana do são francisco,SE,Santana do São Francisco,SE,municipio
santo amaro das brotas,SE,Santo Amaro das Brotas,SE,municipio
sao cristovao,SE,São Cristóvão,SE,municipio
sao domingos,SE,São Domingos,SE,municipio
sao francisco,SE,São Francisco,SE,municipio
sao miguel do aleixo,SE,São Miguel do Aleixo,SE,municipio
simao dias,SE,Simão Dias,SE,municipio
simão dias,SE,Simão Dias,SE,municipio
siriri,SE,Siriri,SE,municipio
são cristóvão,SE,São Cristóvão,SE,municipio
são domingos,SE,São Domingos,SE,municipio
são francisco,SE,São Francisco,SE,municipio
telha,SE,Telha,SE,municipio
tobias barreto,SE,Tobias Barreto,SE,municipio
tomar do geru,SE,Tomar do Geru,SE,municipio
umbauba,SE,Umbaúba,SE,municipio
umbaúba,SE,Umbaúba,SE,municipio
adamantina,SP,Adamantina,SP,municipio
adolfo,SP,Adolfo,SP,municipio
agisse,SP,Rancharia,SP,distrito
agua vermelha,SP,São Carlos,SP,distrito
aguai,SP,Aguaí,SP,municipio
aguas claras df,SP,Brasília,DF,manual_review
aguas da prata,SP,Águas da Prata,SP,municipio
aguas de lindoia,SP,Águas de Lindóia,SP,municipio
aguas de santa barbara,SP,Águas de Santa Bárbara,SP,municipio
aguas de sao pedro,SP,Águas de São Pedro,SP,municipio
aguaí,SP,Aguaí,SP,municipio
agudos,SP,Agudos,SP,municipio
agulha,SP,Fernando Prestes,SP,distrito
ajapi,SP,Rio Claro,SP,distrito
alambari,SP,Alambari,SP,municipio
alfredo guedes,SP,Lençóis Paulista,SP,distrito
alfredo marcondes,SP,Alfredo Marcondes,SP,municipio
altair,SP,Altair,SP,municipio
altinopolis,SP,Altinópolis,SP,municipio
altinópolis,SP,Altinópolis,SP,municipio
alto alegre,SP,Alto Alegre,SP,municipio
aluminio,SP,Alumínio,SP,municipio
alumínio,SP,Alumínio,SP,municipio
alvares florence,SP,Álvares Florence,SP,municipio
alvares machado,SP,Álvares Machado,SP,municipio
alvaro de carvalho,SP,Álvaro de Carvalho,SP,municipio
alvinlandia,SP,Alvinlândia,SP,municipio
alvinlândia,SP,Alvinlândia,SP,municipio
americana,SP,Americana,SP,municipio
americo brasiliense,SP,Américo Brasiliense,SP,municipio
americo de campos,SP,Américo de Campos,SP,municipio
amparo,SP,Amparo,SP,municipio
américo brasiliense,SP,Américo Brasiliense,SP,municipio
américo de campos,SP,Américo de Campos,SP,municipio
ana dias,SP,Itariri,SP,distrito
analandia,SP,Analândia,SP,municipio
andradas,SP,Andradas,MG,manual_review
andradina,SP,Andradina,SP,municipio
angatuba,SP,Angatuba,SP,municipio
anhembi,SP,Anhembi,SP,municipio
anhumas,SP,Anhumas,SP,municipio
ao bernardo do campo,SP,São Bernardo do Campo,SP,fuzzy
aparecida,SP,Aparecida,SP,municipio
aparecida d oeste,SP,Aparecida d'Oeste,SP,fuzzy
aparecida d'oeste,SP,Aparecida d'Oeste,SP,municipio
aparecida de monte alto,SP,Monte Alto,SP,viacep
aparecida de sao manuel,SP,São Manuel,SP,distrito
aparecida de são manuel,SP,São Manuel,SP,distrito
aparecida doeste,SP,Aparecida d'Oeste,SP,fuzzy
apiai,SP,Apiaí,SP,municipio
apiaí,SP,Apiaí,SP,municipio
aracariguama,SP,Araçariguama,SP,municipio
aracatuba,SP,Araçatuba,SP,municipio
aracoiaba da serra,SP,Araçoiaba da Serra,SP,municipio
aramina,SP,Aramina,SP,municipio
arandu,SP,Arandu,SP,municipio
arapei,SP,Arapeí,SP,municipio
arapeí,SP,Arapeí,SP,municipio
araraquara,SP,Araraquara,SP,municipio
araras,SP,Araras,SP,municipio
araçariguama,SP,Araçariguama,SP,municipio
araçatuba,SP,Araçatuba,SP,municipio
araçoiaba da serra,SP,Araçoiaba da Serra,SP,municipio
arco-iris,SP,Arco-Íris,SP,municipio
arealva,SP,Arealva,SP,municipio
areias,SP,Areias,SP,municipio
areiopolis,SP,Areiópolis,SP,municipio
areiópolis,SP,Areiópolis,SP,municipio
ariranha,SP,Ariranha,SP,municipio
artur nogueira,SP,Artur Nogueira,SP,municipio
aruja,SP,Arujá,SP,municipio
arujá,SP,Arujá,SP,municipio
aspasia,SP,Aspásia,SP,municipio
aspásia,SP,Aspásia,SP,municipio
assis,SP,Assis,SP,municipio
atibaia,SP,Atibaia,SP,municipio
auriflama,SP,Auriflama,SP,municipio
auriflama/sp,SP,Auriflama,SP,fuzzy
avai,SP,Avaí,SP,municipio
avanhandava,SP,Avanhandava,SP,municipio
avare,SP,Avaré,SP,municipio
avaré,SP,Avaré,SP,municipio
avaí,SP,Avaí,SP,municipio
bady bassitt,SP,Bady Bassitt,SP,municipio
baguacu,SP,Olímpia,SP,distrito
balbinos,SP,Balbinos,SP,municipio
balsamo,SP,Bálsamo,SP,municipio
bananal,SP,Bananal,SP,municipio
bandeirantes d'oeste,SP,Sud Mennucci,SP,distrito
barao ataliba nogueira,SP,Itapira,SP,distrito
barao de antonina,SP,Barão de Antonina,SP,municipio
barbosa,SP,Barbosa,SP,municipio
bariri,SP,Bariri,SP,municipio
barra bonita,SP,Barra Bonita,SP,municipio
barra do chapeu,SP,Barra do Chapéu,SP,municipio
barra do chapéu,SP,Barra do Chapéu,SP,municipio
barra do turvo,SP,Barra do Turvo,SP,municipio
barretos,SP,Barretos,SP,municipio
barrinha,SP,Barrinha,SP,municipio
barueri,SP,Barueri,SP,municipio
barão ataliba nogueira,SP,Itapira,SP,distrito
barão de antonina,SP,Barão de Antonina,SP,municipio
bastos,SP,Bastos,SP,municipio
batatais,SP,Batatais,SP,municipio
bauru,SP,Bauru,SP,municipio
bebedouro,SP,Bebedouro,SP,municipio
belo horizonte,SP,Belo Horizonte,MG,viacep
bento de abreu,SP,Bento de Abreu,SP,municipio
bernardino de campos,SP,Bernardino de Campos,SP,municipio
bertioga,SP,Bertioga,SP,municipio
bilac,SP,Bilac,SP,municipio
birigui,SP,Birigui,SP,municipio
birigüi,SP,Birigui,SP,municipio
biritiba mirim,SP,Biritiba Mirim,SP,municipio
biritiba-mirim,SP,Biritiba Mirim,SP,fuzzy
blumenau,SP,Blumenau,SC,viacep
boa esperanca do sul,SP,Boa Esperança do Sul,SP,municipio
boa esperança do sul,SP,Boa Esperança do Sul,SP,municipio
boa vista dos andradas,SP,Álvares Florence,SP,distrito
bocaina,SP,Bocaina,SP,municipio
bofete,SP,Bofete,SP,municipio
boituva,SP,Boituva,SP,municipio
bom fim do bom jesus,SP,Cabreúva,SP,distrito
bom jesus dos perdoes,SP,Bom Jesus dos Perdões,SP,municipio
bom jesus dos perdões,SP,Bom Jesus dos Perdões,SP,municipio
bom retiro da esperanca,SP,Angatuba,SP,distrito
bom sucesso de itarare,SP,Bom Sucesso de Itararé,SP,municipio
bom sucesso de itararé,SP,Bom Sucesso de Itararé,SP,municipio
bonfim paulista,SP,Ribeirão Preto,SP,distrito
bora,SP,Borá,SP,municipio
boraceia,SP,Boracéia,SP,municipio
boracéia,SP,Boracéia,SP,municipio
borborema,SP,Borborema,SP,municipio
borebi,SP,Borebi,SP,municipio
botelho,SP,Santa Adélia,SP,distrito
botucatu,SP,Botucatu,SP,municipio
braganca paulista,SP,Bragança Paulista,SP,municipio
bragança paulista,SP,Bragança Paulista,SP,municipio
brasitania,SP,Fernandópolis,SP,distrito
brasitânia,SP,Fernandópolis,SP,distrito
brauna,SP,Braúna,SP,municipio
brejo alegre,SP,Brejo Alegre,SP,municipio
brodowski,SP,Brodowski,SP,municipio
brotas,SP,Brotas,SP,municipio
buri,SP,Buri,SP,municipio
buritama,SP,Buritama,SP,municipio
buritizal,SP,Buritizal,SP,municipio
bálsamo,SP,Bálsamo,SP,municipio
cabralia paulista,SP,Cabrália Paulista,SP,municipio
cabreuva,SP,Cabreúva,SP,municipio
cabreúva,SP,Cabreúva,SP,municipio
cabrália paulista,SP,Cabrália Paulista,SP,municipio
cacapava,SP,Caçapava,SP,municipio
cachoeira paulista,SP,Cachoeira Paulista,SP,municipio
caconde,SP,Caconde,SP,municipio
cafelandia,SP,Cafelândia,SP,municipio
cafelândia,SP,Cafelândia,SP,municipio
caiabu,SP,Caiabu,SP,municipio
caieiras,SP,Caieiras,SP,municipio
caiua,SP,Caiuá,SP,municipio
caiuá,SP,Caiuá,SP,municipio
cajamar,SP,Cajamar,SP,municipio
cajati,SP,Cajati,SP,municipio
cajobi,SP,Cajobi,SP,municipio
cajuru,SP,Cajuru,SP,municipio
campina do monte alegre,SP,Campina do Monte Alegre,SP,municipio
campinal,SP,Presidente Epitácio,SP,distrito
campinas,SP,Campinas,SP,municipio
campo limpo paulista,SP,Campo Limpo Paulista,SP,municipio
campos de cunha,SP,Cunha,SP,distrito
campos do jordao,SP,Campos do Jordão,SP,municipio
campos do jordão,SP,Campos do Jordão,SP,municipio
campos novos paulista,SP,Campos Novos Paulista,SP,municipio
cananeia,SP,Cananéia,SP,municipio
cananéia,SP,Cananéia,SP,municipio
canas,SP,Canas,SP,municipio
candia,SP,Pontal,SP,distrito
candido mota,SP,Cândido Mota,SP,municipio
candido rodrigues,SP,Cândido Rodrigues,SP,municipio
canitar,SP,Canitar,SP,municipio
capao bonito,SP,Capão Bonito,SP,municipio
capela do alto,SP,Capela do Alto,SP,municipio
capivari,SP,Capivari,SP,municipio
caporanga,SP,Santa Cruz do Rio Pardo,SP,distrito
capão bonito,SP,Capão Bonito,SP,municipio
caraguatatuba,SP,Caraguatatuba,SP,municipio
carapicuiba,SP,Carapicuíba,SP,municipio
carapicuiba / sao paulo,SP,Carapicuíba,SP,viacep
carapicuíba,SP,Carapicuíba,SP,municipio
cardeal,SP,Elias Fausto,SP,distrito
cardoso,SP,Cardoso,SP,municipio
caruara,SP,Santos,SP,viacep
casa branca,SP,Casa Branca,SP,municipio
cassia dos coqueiros,SP,Cássia dos Coqueiros,SP,municipio
castilho,SP,Castilho,SP,municipio
catanduva,SP,Catanduva,SP,municipio
catigua,SP,Catiguá,SP,municipio
catiguá,SP,Catiguá,SP,municipio
catucaba,SP,São Luiz do Paraitinga,SP,distrito
caxias do sul,SP,Caxias do Sul,RS,viacep
caçapava,SP,Caçapava,SP,municipio
cedral,SP,Cedral,SP,municipio
cerqueira cesar,SP,Cerqueira César,SP,municipio
cerqueira césar,SP,Cerqueira César,SP,municipio
cerquilho,SP,Cerquilho,SP,municipio
cesario lange,SP,Cesário Lange,SP,municipio
cesário lange,SP,Cesário Lange,SP,municipio
chapeco,SP,Chapecó,SC,viacep
charqueada,SP,Charqueada,SP,municipio
chavantes,SP,Chavantes,SP,municipio
cipo-guacu,SP,Embu-Guaçu,SP,distrito
clementina,SP,Clementina,SP,municipio
colina,SP,Colina,SP,municipio
colombia,SP,Colômbia,SP,municipio
colômbia,SP,Colômbia,SP,municipio
conceição,SP,Itapetininga,SP,distrito
conchal,SP,Conchal,SP,municipio
conchas,SP,Conchas,SP,municipio
cordeiropolis,SP,Cordeirópolis,SP,municipio
cordeirópolis,SP,Cordeirópolis,SP,municipio
coroados,SP,Coroados,SP,municipio
coronel macedo,SP,Coronel Macedo,SP,municipio
corumbatai,SP,Corumbataí,SP,municipio
corumbataí,SP,Corumbataí,SP,municipio
cosmopolis,SP,Cosmópolis,SP,municipio
cosmorama,SP,Cosmorama,SP,municipio
cosmópolis,SP,Cosmópolis,SP,municipio
costa machado,SP,Mirante do Paranapanema,SP,distrito
cotia,SP,Cotia,SP,municipio
cravinhos,SP,Cravinhos,SP,municipio
cristais paulista,SP,Cristais Paulista,SP,municipio
cruzalia,SP,Cruzália,SP,municipio
cruzeiro,SP,Cruzeiro,SP,municipio
cruzália,SP,Cruzália,SP,municipio
cubatao,SP,Cubatão,SP,municipio
cubatão,SP,Cubatão,SP,municipio
cuiaba paulista,SP,Mirante do Paranapanema,SP,distrito
cuiabá paulista,SP,Mirante do Paranapanema,SP,distrito
cunha,SP,Cunha,SP,municipio
curitiba,SP,Curitiba,PR,viacep
curupa,SP,Tabatinga,SP,distrito
cássia dos coqueiros,SP,Cássia dos Coqueiros,SP,municipio
cândido mota,SP,Cândido Mota,SP,municipio
cândido rodrigues,SP,Cândido Rodrigues,SP,municipio
descalvado,SP,Descalvado,SP,municipio
diadema,SP,Diadema,SP,municipio
dirce reis,SP,Dirce Reis,SP,municipio
divinolandia,SP,Divinolândia,SP,municipio
divinolândia,SP,Divinolândia,SP,municipio
dobrada,SP,Dobrada,SP,municipio
dois corregos,SP,Dois Córregos,SP,municipio
dois córregos,SP,Dois Córregos,SP,municipio
dolcinopolis,SP,Dolcinópolis,SP,municipio
dolcinópolis,SP,Dolcinópolis,SP,municipio
domelia,SP,Agudos,SP,distrito
dourado,SP,Dourado,SP,municipio
dracena,SP,Dracena,SP,municipio
duartina,SP,Duartina,SP,municipio
dumont,SP,Dumont,SP,municipio
echapora,SP,Echaporã,SP,municipio
echaporã,SP,Echaporã,SP,municipio
eldorado,SP,Eldorado,SP,municipio
eleuterio,SP,Itapira,SP,distrito
eleutério,SP,Itapira,SP,distrito
elias fausto,SP,Elias Fausto,SP,municipio
elisiario,SP,Elisiário,SP,municipio
embauba,SP,Embaúba,SP,municipio
embaúba,SP,Embaúba,SP,municipio
embu,SP,Embu das Artes,SP,viacep
embu das artes,SP,Embu das Artes,SP,municipio
embu guacu,SP,Embu-Guaçu,SP,fuzzy
embu guaçu,SP,Embu-Guaçu,SP,fuzzy
embu-guacu,SP,Embu-Guaçu,SP,municipio
embu-guaçu,SP,Embu-Guaçu,SP,municipio
embuguacu,SP,Embu-Guaçu,SP,fuzzy
emilianopolis,SP,Emilianópolis,SP,municipio
emilianópolis,SP,Emilianópolis,SP,municipio
eneida,SP,Presidente Prudente,SP,distrito
engenheiro balduino,SP,Monte Aprazível,SP,distrito
engenheiro balduíno,SP,Monte Aprazível,SP,distrito
engenheiro coelho,SP,Engenheiro Coelho,SP,municipio
espigao,SP,Regente Feijó,SP,distrito
espirito santo do pinhal,SP,Espírito Santo do Pinhal,SP,municipio
espirito santo do turvo,SP,Espírito Santo do Turvo,SP,municipio
espírito santo do pinhal,SP,Espírito Santo do Pinhal,SP,municipio
espírito santo do turvo,SP,Espírito Santo do Turvo,SP,municipio
estiva gerbi,SP,Estiva Gerbi,SP,municipio
estrela d oeste,SP,Estrela d'Oeste,SP,fuzzy
estrela d'oeste,SP,Estrela d'Oeste,SP,municipio
estrela do norte,SP,Estrela do Norte,SP,municipio
estrela doeste,SP,Estrela d'Oeste,SP,fuzzy
euclides da cunha paulista,SP,Euclides da Cunha Paulista,SP,municipio
fartura,SP,Fartura,SP,municipio
fernando prestes,SP,Fernando Prestes,SP,municipio
fernandopolis,SP,Fernandópolis,SP,municipio
fernandópolis,SP,Fernandópolis,SP,municipio
fernao,SP,Fernão,SP,municipio
fernão,SP,Fernão,SP,municipio
ferraz de  vasconcelos,SP,Ferraz de Vasconcelos,SP,municipio
ferraz de vasconcelos,SP,Ferraz de Vasconcelos,SP,municipio
flora rica,SP,Flora Rica,SP,municipio
floreal,SP,Floreal,SP,municipio
floresta do sul,SP,Presidente Prudente,SP,distrito
florianopolis,SP,Florianópolis,SC,viacep
florida paulista,SP,Flórida Paulista,SP,municipio
florinea,SP,Florínea,SP,municipio
florinia,SP,Florínea,SP,fuzzy
florínea,SP,Florínea,SP,municipio
florínia,SP,Florínea,SP,fuzzy
flórida paulista,SP,Flórida Paulista,SP,municipio
franca,SP,Franca,SP,municipio
franca sp,SP,Franca,SP,fuzzy
francisco morato,SP,Francisco Morato,SP,municipio
franco da rocha,SP,Franco da Rocha,SP,municipio
frutal do campo,SP,Cândido Mota,SP,distrito
gabriel monteiro,SP,Gabriel Monteiro,SP,municipio
galia,SP,Gália,SP,municipio
garca,SP,Garça,SP,municipio
gardenia,SP,Rancharia,SP,distrito
garulhos,SP,Guarulhos,SP,fuzzy
garça,SP,Garça,SP,municipio
gastao vidigal,SP,Gastão Vidigal,SP,municipio
gastão vidigal,SP,Gastão Vidigal,SP,municipio
gaviao peixoto,SP,Gavião Peixoto,SP,municipio
gavião peixoto,SP,Gavião Peixoto,SP,municipio
general salgado,SP,General Salgado,SP,municipio
getulina,SP,Getulina,SP,municipio
glicerio,SP,Glicério,SP,municipio
glicério,SP,Glicério,SP,municipio
goioere,SP,Goioerê,PR,viacep
gramadinho,SP,Itapetininga,SP,distrito
guaianas,SP,Pederneiras,SP,distrito
guaicara,SP,Guaiçara,SP,municipio
guaimbe,SP,Guaimbê,SP,municipio
guaimbê,SP,Guaimbê,SP,municipio
guaira,SP,Guaíra,SP,municipio
guaiçara,SP,Guaiçara,SP,municipio
guapiacu,SP,Guapiaçu,SP,municipio
guapiara,SP,Guapiara,SP,municipio
guapiaçu,SP,Guapiaçu,SP,municipio
guara,SP,Guará,SP,municipio
guaracai,SP,Guaraçaí,SP,municipio
guaraci,SP,Guaraci,SP,municipio
guarani d'oeste,SP,Guarani d'Oeste,SP,municipio
guaranta,SP,Guarantã,SP,municipio
guarantã,SP,Guarantã,SP,municipio
guarapua,SP,Dois Córregos,SP,distrito
guararapes,SP,Guararapes,SP,municipio
guararema,SP,Guararema,SP,municipio
guaratingueta,SP,Guaratinguetá,SP,municipio
guaratinguetá,SP,Guaratinguetá,SP,municipio
guaraçaí,SP,Guaraçaí,SP,municipio
guarei,SP,Guareí,SP,municipio
guareí,SP,Guareí,SP,municipio
guariba,SP,Guariba,SP,municipio
guariroba,SP,Taquaritinga,SP,distrito
guarizinho,SP,Itapeva,SP,distrito
guaruja,SP,Guarujá,SP,municipio
guarujá,SP,Guarujá,SP,municipio
guarulhos,SP,Guarulhos,SP,municipio
guarulhos-sp,SP,Guarulhos,SP,fuzzy
guará,SP,Guará,SP,municipio
guatapara,SP,Guatapará,SP,municipio
guatapará,SP,Guatapará,SP,municipio
guaíra,SP,Guaíra,SP,municipio
guzolandia,SP,Guzolândia,SP,municipio
guzolândia,SP,Guzolândia,SP,municipio
gália,SP,Gália,SP,municipio
herculandia,SP,Herculândia,SP,municipio
herculândia,SP,Herculândia,SP,municipio
holambra,SP,Holambra,SP,municipio
holambra ii,SP,Holambra,SP,fuzzy
hortolandia,SP,Hortolândia,SP,municipio
hortolândia,SP,Hortolândia,SP,municipio
iacanga,SP,Iacanga,SP,municipio
iacri,SP,Iacri,SP,municipio
iaras,SP,Iaras,SP,municipio
ibate,SP,Ibaté,SP,municipio
ibaté,SP,Ibaté,SP,municipio
ibira,SP,Ibirá,SP,municipio
ibirarema,SP,Ibirarema,SP,municipio
ibirá,SP,Ibirá,SP,municipio
ibitinga,SP,Ibitinga,SP,municipio
ibitiuva,SP,Pitangueiras,SP,distrito
ibiuna,SP,Ibiúna,SP,municipio
ibiúna,SP,Ibiúna,SP,municipio
icem,SP,Icém,SP,municipio
icém,SP,Icém,SP,municipio
iepe,SP,Iepê,SP,municipio
iepê,SP,Iepê,SP,municipio
igaracu do tiete,SP,Igaraçu do Tietê,SP,municipio
igarai,SP,Mococa,SP,distrito
igarapava,SP,Igarapava,SP,municipio
igarata,SP,Igaratá,SP,municipio
igaratá,SP,Igaratá,SP,municipio
igaraçu do tietê,SP,Igaraçu do Tietê,SP,municipio
igaraí,SP,Mococa,SP,distrito
iguape,SP,Iguape,SP,municipio
ilha comprida,SP,Ilha Comprida,SP,municipio
ilha solteira,SP,Ilha Solteira,SP,municipio
ilhabela,SP,Ilhabela,SP,municipio
indaiatuba,SP,Indaiatuba,SP,municipio
indiana,SP,Indiana,SP,municipio
indiapora,SP,Indiaporã,SP,municipio
indiaporã,SP,Indiaporã,SP,municipio
inubia paulista,SP,Inúbia Paulista,SP,municipio
inúbia paulista,SP,Inúbia Paulista,SP,municipio
ipaussu,SP,Ipaussu,SP,municipio
ipero,SP,Iperó,SP,municipio
iperó,SP,Iperó,SP,municipio
ipeuna,SP,Ipeúna,SP,municipio
ipeúna,SP,Ipeúna,SP,municipio
ipigua,SP,Ipiguá,SP,municipio
ipiguá,SP,Ipiguá,SP,municipio
ipira,SP,Ipirá,BA,viacep
iporanga,SP,Iporanga,SP,municipio
ipua,SP,Ipuã,SP,municipio
ipuã,SP,Ipuã,SP,municipio
iracemapolis,SP,Iracemápolis,SP,municipio
iracemápolis,SP,Iracemápolis,SP,municipio
irape,SP,Chavantes,SP,distrito
irapua,SP,Irapuã,SP,municipio
irapuru,SP,Irapuru,SP,municipio
irapuã,SP,Irapuã,SP,municipio
irapé,SP,Chavantes,SP,distrito
itabera,SP,Itaberá,SP,municipio
itaberá,SP,Itaberá,SP,municipio
itai,SP,Itaí,SP,municipio
itajai,SP,Itajaí,SC,viacep
itajobi,SP,Itajobi,SP,municipio
itaju,SP,Itaju,SP,municipio
itanhaem,SP,Itanhaém,SP,municipio
itanhaém,SP,Itanhaém,SP,municipio
itaoca,SP,Itaoca,SP,municipio
itapecerica da serra,SP,Itapecerica da Serra,SP,municipio
itapetininga,SP,Itapetininga,SP,municipio
itapeva,SP,Itapeva,SP,municipio
itapevi,SP,Itapevi,SP,municipio
itapira,SP,Itapira,SP,municipio
itapirapua paulista,SP,Itapirapuã Paulista,SP,municipio
itapirapuã paulista,SP,Itapirapuã Paulista,SP,municipio
itapolis,SP,Itápolis,SP,municipio
itaporanga,SP,Itaporanga,SP,municipio
itapui,SP,Itapuí,SP,municipio
itapura,SP,Itapura,SP,municipio
itapuí,SP,Itapuí,SP,municipio
itaquaquecetuba,SP,Itaquaquecetuba,SP,municipio
itarare,SP,Itararé,SP,municipio
itararé,SP,Itararé,SP,municipio
itariri,SP,Itariri,SP,municipio
itatiba,SP,Itatiba,SP,municipio
itatinga,SP,Itatinga,SP,municipio
itaí,SP,Itaí,SP,municipio
itaóca,SP,Itaoca,SP,municipio
itirapina,SP,Itirapina,SP,municipio
itirapua,SP,Itirapuã,SP,municipio
itirapuã,SP,Itirapuã,SP,municipio
itobi,SP,Itobi,SP,municipio
itu,SP,Itu,SP,municipio
itupeva,SP,Itupeva,SP,municipio
ituverava,SP,Ituverava,SP,municipio
itápolis,SP,Itápolis,SP,municipio
iubatinga,SP,Caiabu,SP,distrito
jaborandi,SP,Jaborandi,SP,municipio
jaboticabal,SP,Jaboticabal,SP,municipio
jacare,SP,Cabreúva,SP,distrito
jacare (cabreuva),SP,Cabreúva,SP,manual_review
jacarei,SP,Jacareí,SP,municipio
jacarei / sao paulo,SP,Jacareí,SP,viacep
jacareí,SP,Jacareí,SP,municipio
jacaré,SP,Cabreúva,SP,distrito
jacaré (cabreúva),SP,Cabreúva,SP,manual_review
jaci,SP,Jaci,SP,municipio
jacuba,SP,Arealva,SP,distrito
jacupiranga,SP,Jacupiranga,SP,municipio
jafa,SP,Garça,SP,distrito
jaguariuna,SP,Jaguariúna,SP,municipio
jaguariúna,SP,Jaguariúna,SP,municipio
jales,SP,Jales,SP,municipio
jamaica,SP,Dracena,SP,distrito
jambeiro,SP,Jambeiro,SP,municipio
jandira,SP,Jandira,SP,municipio
jardinopolis,SP,Jardinópolis,SP,municipio
jardinópolis,SP,Jardinópolis,SP,municipio
jarinu,SP,Jarinu,SP,municipio
jau,SP,Jaú,SP,municipio
jaú,SP,Jaú,SP,municipio
jeriquara,SP,Jeriquara,SP,municipio
joanopolis,SP,Joanópolis,SP,municipio
joanópolis,SP,Joanópolis,SP,municipio
joao ramalho,SP,João Ramalho,SP,municipio
jordanesia,SP,Cajamar,SP,distrito
jordanésia,SP,Cajamar,SP,distrito
jose bonifacio,SP,José Bonifácio,SP,municipio
josé bonifácio,SP,José Bonifácio,SP,municipio
joão ramalho,SP,João Ramalho,SP,municipio
juiz de fora,SP,Juiz de Fora,MG,viacep
julio mesquita,SP,Júlio Mesquita,SP,municipio
jumirim,SP,Jumirim,SP,municipio
jundiai,SP,Jundiaí,SP,municipio
jundiaí,SP,Jundiaí,SP,municipio
junqueiropolis,SP,Junqueirópolis,SP,municipio
junqueirópolis,SP,Junqueirópolis,SP,municipio
juquia,SP,Juquiá,SP,municipio
juquitiba,SP,Juquitiba,SP,municipio
juquiá,SP,Juquiá,SP,municipio
juritis,SP,Glicério,SP,distrito
juruce,SP,Jardinópolis,SP,distrito
jurucê,SP,Jardinópolis,SP,distrito
jurupema,SP,Taquaritinga,SP,distrito
júlio mesquita,SP,Júlio Mesquita,SP,municipio
lagoa branca,SP,Casa Branca,SP,distrito
lagoinha,SP,Lagoinha,SP,municipio
laguna,SP,Laguna,SC,viacep
laranjal paulista,SP,Laranjal Paulista,SP,municipio
laranjeiras do sul,SP,Laranjeiras do Sul,PR,viacep
lavinia,SP,Lavínia,SP,municipio
lavrinhas,SP,Lavrinhas,SP,municipio
lavínia,SP,Lavínia,SP,municipio
leme,SP,Leme,SP,municipio
lencois paulista,SP,Lençóis Paulista,SP,municipio
lençóis paulista,SP,Lençóis Paulista,SP,municipio
limeira,SP,Limeira,SP,municipio
lindoia,SP,Lindóia,SP,municipio
lindóia,SP,Lindóia,SP,municipio
lins,SP,Lins,SP,municipio
londrina,SP,Londrina,PR,viacep
lorena,SP,Lorena,SP,municipio
lourdes,SP,Lourdes,SP,municipio
louveira,SP,Louveira,SP,municipio
lucelia,SP,Lucélia,SP,municipio
lucianopolis,SP,Lucianópolis,SP,municipio
lucianópolis,SP,Lucianópolis,SP,municipio
lucélia,SP,Lucélia,SP,municipio
luis antonio,SP,Luís Antônio,SP,municipio
luiziania,SP,Luiziânia,SP,municipio
luiziânia,SP,Luiziânia,SP,municipio
lupercio,SP,Lupércio,SP,municipio
lupércio,SP,Lupércio,SP,municipio
lutecia,SP,Lutécia,SP,municipio
lutécia,SP,Lutécia,SP,municipio
luís antônio,SP,Luís Antônio,SP,municipio
macatuba,SP,Macatuba,SP,municipio
macaubal,SP,Macaubal,SP,municipio
macedonia,SP,Macedônia,SP,municipio
macedônia,SP,Macedônia,SP,municipio
magda,SP,Magda,SP,municipio
mairinque,SP,Mairinque,SP,municipio
mairipora,SP,Mairiporã,SP,municipio
mairiporã,SP,Mairiporã,SP,municipio
manduri,SP,Manduri,SP,municipio
maraba paulista,SP,Marabá Paulista,SP,municipio
maracai,SP,Maracaí,SP,municipio
maracaí,SP,Maracaí,SP,municipio
marapoama,SP,Marapoama,SP,municipio
marechal candido rondon,SP,Marechal Cândido Rondon,PR,manual_review
maresias,SP,São Sebastião,SP,distrito
mariapolis,SP,Mariápolis,SP,municipio
marilia,SP,Marília,SP,municipio
marinopolis,SP,Marinópolis,SP,municipio
marinópolis,SP,Marinópolis,SP,municipio
maristela,SP,Laranjal Paulista,SP,distrito
mariápolis,SP,Mariápolis,SP,municipio
martinho prado junior,SP,Mogi Guaçu,SP,distrito
martinopolis,SP,Martinópolis,SP,municipio
martinópolis,SP,Martinópolis,SP,municipio
marília,SP,Marília,SP,municipio
matao,SP,Matão,SP,municipio
matão,SP,Matão,SP,municipio
maua,SP,Mauá,SP,municipio
maua/sao paulo,SP,Mauá,SP,viacep
mauá,SP,Mauá,SP,municipio
mendonca,SP,Mendonça,SP,municipio
mendonça,SP,Mendonça,SP,municipio
meridiano,SP,Meridiano,SP,municipio
mesopolis,SP,Mesópolis,SP,municipio
miguelopolis,SP,Miguelópolis,SP,municipio
miguelópolis,SP,Miguelópolis,SP,municipio
mineiros do tiete,SP,Mineiros do Tietê,SP,municipio
mineiros do tietê,SP,Mineiros do Tietê,SP,municipio
mira estrela,SP,Mira Estrela,SP,municipio
miracatu,SP,Miracatu,SP,municipio
mirandopolis,SP,Mirandópolis,SP,municipio
mirandópolis,SP,Mirandópolis,SP,municipio
mirante do paranapanema,SP,Mirante do Paranapanema,SP,municipio
mirassol,SP,Mirassol,SP,municipio
mirassolandia,SP,Mirassolândia,SP,municipio
mirassolândia,SP,Mirassolândia,SP,municipio
mococa,SP,Mococa,SP,municipio
mogi das cruses,SP,Mogi das Cruzes,SP,fuzzy
mogi das cruzes,SP,Mogi das Cruzes,SP,municipio
mogi das cruzes / sp,SP,Mogi das Cruzes,SP,fuzzy
mogi guacu,SP,Mogi Guaçu,SP,municipio
mogi guaçu,SP,Mogi Guaçu,SP,municipio
mogi mirim,SP,Mogi Mirim,SP,municipio
mogi-guacu,SP,Mogi Guaçu,SP,fuzzy
mogi-mirim,SP,Mogi Mirim,SP,fuzzy
mogidascruzes,SP,Mogi das Cruzes,SP,municipio
mombuca,SP,Mombuca,SP,municipio
moncoes,SP,Monções,SP,municipio
mongagua,SP,Mongaguá,SP,municipio
mongaguá,SP,Mongaguá,SP,municipio
monte alegre do sul,SP,Monte Alegre do Sul,SP,municipio
monte alto,SP,Monte Alto,SP,municipio
monte aprazivel,SP,Monte Aprazível,SP,municipio
monte aprazível,SP,Monte Aprazível,SP,municipio
monte azul paulista,SP,Monte Azul Paulista,SP,municipio
monte castelo,SP,Monte Castelo,SP,municipio
monte mor,SP,Monte Mor,SP,municipio
monte verde paulista,SP,Cajobi,SP,distrito
monteiro lobato,SP,Monteiro Lobato,SP,municipio
monções,SP,Monções,SP,municipio
morro agudo,SP,Morro Agudo,SP,municipio
morungaba,SP,Morungaba,SP,municipio
motuca,SP,Motuca,SP,municipio
murutinga do sul,SP,Murutinga do Sul,SP,municipio
mágda,SP,Magda,SP,municipio
nantes,SP,Nantes,SP,municipio
narandiba,SP,Narandiba,SP,municipio
natividade da serra,SP,Natividade da Serra,SP,municipio
nazare paulista,SP,Nazaré Paulista,SP,municipio
nazaré paulista,SP,Nazaré Paulista,SP,municipio
neves paulista,SP,Neves Paulista,SP,municipio
nhandeara,SP,Nhandeara,SP,municipio
nipoa,SP,Nipoã,SP,municipio
nipoã,SP,Nipoã,SP,municipio
nossa senhora do remedio,SP,Salesópolis,SP,distrito
nova alexandria,SP,Cândido Mota,SP,distrito
nova alianca,SP,Nova Aliança,SP,municipio
nova aliança,SP,Nova Aliança,SP,municipio
nova america,SP,Itápolis,SP,distrito
nova américa,SP,Itápolis,SP,distrito
nova campina,SP,Nova Campina,SP,municipio
nova canaa paulista,SP,Nova Canaã Paulista,SP,municipio
nova canaã paulista,SP,Nova Canaã Paulista,SP,municipio
nova castilho,SP,Nova Castilho,SP,municipio
nova europa,SP,Nova Europa,SP,municipio
nova granada,SP,Nova Granada,SP,municipio
nova guataporanga,SP,Nova Guataporanga,SP,municipio
nova independencia,SP,Nova Independência,SP,municipio
nova independência,SP,Nova Independência,SP,municipio
nova itapirema,SP,Nova Aliança,SP,distrito
nova luzitania,SP,Nova Luzitânia,SP,municipio
nova odessa,SP,Nova Odessa,SP,municipio
nova patria,SP,Presidente Bernardes,SP,distrito
novais,SP,Novais,SP,municipio
novo horizonte,SP,Novo Horizonte,SP,municipio
nuporanga,SP,Nuporanga,SP,municipio
ocaucu,SP,Ocauçu,SP,municipio
ocauçu,SP,Ocauçu,SP,municipio
oleo,SP,Óleo,SP,municipio
olimpia,SP,Olímpia,SP,municipio
olímpia,SP,Olímpia,SP,municipio
onda verde,SP,Onda Verde,SP,municipio
oriente,SP,Oriente,SP,municipio
orindiuva,SP,Orindiúva,SP,municipio
orindiúva,SP,Orindiúva,SP,municipio
orlandia,SP,Orlândia,SP,municipio
orlândia,SP,Orlândia,SP,municipio
osasco,SP,Osasco,SP,municipio
oscar bressane,SP,Oscar Bressane,SP,municipio
osvaldo cruz,SP,Osvaldo Cruz,SP,municipio
ourinhos,SP,Ourinhos,SP,municipio
ouro verde,SP,Ouro Verde,SP,municipio
ouroeste,SP,Ouroeste,SP,municipio
pacaembu,SP,Pacaembu,SP,municipio
palestina,SP,Palestina,SP,municipio
palhoca,SP,Palhoça,SC,viacep
palmares paulista,SP,Palmares Paulista,SP,municipio
palmeira d oeste,SP,Palmeira d'Oeste,SP,fuzzy
palmeira d'oeste,SP,Palmeira d'Oeste,SP,municipio
palmeira doeste,SP,Palmeira d'Oeste,SP,fuzzy
palmital,SP,Palmital,SP,municipio
panorama,SP,Panorama,SP,municipio
paraguacu paulista,SP,Paraguaçu Paulista,SP,municipio
paraguaçu paulista,SP,Paraguaçu Paulista,SP,municipio
paraibuna,SP,Paraibuna,SP,municipio
paraiso,SP,Paraíso,SP,municipio
paranapanema,SP,Paranapanema,SP,municipio
paranapua,SP,Paranapuã,SP,municipio
paranapuã,SP,Paranapuã,SP,municipio
parapua,SP,Parapuã,SP,municipio
parapuã,SP,Parapuã,SP,municipio
paraíso,SP,Paraíso,SP,municipio
pardinho,SP,Pardinho,SP,municipio
pariquera-acu,SP,Pariquera-Açu,SP,municipio
pariquera-açu,SP,Pariquera-Açu,SP,municipio
parisi,SP,Parisi,SP,municipio
paruru,SP,Ibiúna,SP,distrito
patrocinio paulista,SP,Patrocínio Paulista,SP,municipio
patrocínio paulista,SP,Patrocínio Paulista,SP,municipio
pauliceia,SP,Paulicéia,SP,municipio
paulicéia,SP,Paulicéia,SP,municipio
paulinia,SP,Paulínia,SP,municipio
paulistania,SP,Paulistânia,SP,municipio
paulistânia,SP,Paulistânia,SP,municipio
paulo de faria,SP,Paulo de Faria,SP,municipio
paulínia,SP,Paulínia,SP,municipio
pederneiras,SP,Pederneiras,SP,municipio
pedra bela,SP,Pedra Bela,SP,municipio
pedranopolis,SP,Pedranópolis,SP,municipio
pedregulho,SP,Pedregulho,SP,municipio
pedreira,SP,Pedreira,SP,municipio
pedrinhas paulista,SP,Pedrinhas Paulista,SP,municipio
pedro de toledo,SP,Pedro de Toledo,SP,municipio
penapolis,SP,Penápolis,SP,municipio
penápolis,SP,Penápolis,SP,municipio
pereira barreto,SP,Pereira Barreto,SP,municipio
pereiras,SP,Pereiras,SP,municipio
peruibe,SP,Peruíbe,SP,municipio
peruíbe,SP,Peruíbe,SP,municipio
piacatu,SP,Piacatu,SP,municipio
piedade,SP,Piedade,SP,municipio
pilar do sul,SP,Pilar do Sul,SP,municipio
pindamonhangaba,SP,Pindamonhangaba,SP,municipio
pindorama,SP,Pindorama,SP,municipio
pinhais,SP,Pinhais,PR,viacep
pinhalzinho,SP,Pinhalzinho,SP,municipio
pinheiros,SP,Lavrinhas,SP,distrito
pioneiros,SP,Guará,SP,distrito
piquerobi,SP,Piquerobi,SP,municipio
piquete,SP,Piquete,SP,municipio
piracaia,SP,Piracaia,SP,municipio
piracicaba,SP,Piracicaba,SP,municipio
piraju,SP,Piraju,SP,municipio
pirajui,SP,Pirajuí,SP,municipio
pirajuí,SP,Pirajuí,SP,municipio
piramboia,SP,Anhembi,SP,distrito
pirangi,SP,Pirangi,SP,municipio
pirapora do bom jesus,SP,Pirapora do Bom Jesus,SP,municipio
pirapozinho,SP,Pirapozinho,SP,municipio
pirassununga,SP,Pirassununga,SP,municipio
piratininga,SP,Piratininga,SP,municipio
pirituba,SP,São Paulo,SP,distrito
pitangueiras,SP,Pitangueiras,SP,municipio
planalto,SP,Planalto,SP,municipio
platina,SP,Platina,SP,municipio
poa,SP,Poá,SP,municipio
poloni,SP,Poloni,SP,municipio
polvilho,SP,Cajamar,SP,distrito
pompeia,SP,Pompéia,SP,municipio
pompéia,SP,Pompéia,SP,municipio
pongai,SP,Pongaí,SP,municipio
pongaí,SP,Pongaí,SP,municipio
pontal,SP,Pontal,SP,municipio
pontalinda,SP,Pontalinda,SP,municipio
pontes gestal,SP,Pontes Gestal,SP,municipio
populina,SP,Populina,SP,municipio
porangaba,SP,Porangaba,SP,municipio
porto alegre,SP,Porto Alegre,RS,viacep
porto feliz,SP,Porto Feliz,SP,municipio
porto ferreira,SP,Porto Ferreira,SP,municipio
portoferreira,SP,Porto Ferreira,SP,municipio
potim,SP,Potim,SP,municipio
potirendaba,SP,Potirendaba,SP,municipio
potunduva,SP,Jaú,SP,distrito
poá,SP,Poá,SP,municipio
pracinha,SP,Pracinha,SP,municipio
pradopolis,SP,Pradópolis,SP,municipio
pradópolis,SP,Pradópolis,SP,municipio
praia grande,SP,Praia Grande,SP,municipio
pratania,SP,Pratânia,SP,municipio
pratânia,SP,Pratânia,SP,municipio
presidente alves,SP,Presidente Alves,SP,municipio
presidente bernardes,SP,Presidente Bernardes,SP,municipio
presidente epitacio,SP,Presidente Epitácio,SP,municipio
presidente epitácio,SP,Presidente Epitácio,SP,municipio
presidente prudente,SP,Presidente Prudente,SP,municipio
presidente venceslau,SP,Presidente Venceslau,SP,municipio
primavera,SP,Rosana,SP,manual_review
promissao,SP,Promissão,SP,municipio
promissão,SP,Promissão,SP,municipio
quadra,SP,Quadra,SP,municipio
quata,SP,Quatá,SP,municipio
quatá,SP,Quatá,SP,municipio
queiroz,SP,Queiroz,SP,municipio
queluz,SP,Queluz,SP,municipio
quintana,SP,Quintana,SP,municipio
rafard,SP,Rafard,SP,municipio
rancharia,SP,Rancharia,SP,municipio
rechan,SP,Itapetininga,SP,distrito
redencao da serra,SP,Redenção da Serra,SP,municipio
regente feijo,SP,Regente Feijó,SP,municipio
regente feijó,SP,Regente Feijó,SP,municipio
reginopolis,SP,Reginópolis,SP,municipio
reginópolis,SP,Reginópolis,SP,municipio
registro,SP,Registro,SP,municipio
restinga,SP,Restinga,SP,municipio
ribeira,SP,Ribeira,SP,municipio
ribeirao bonito,SP,Ribeirão Bonito,SP,municipio
ribeirao branco,SP,Ribeirão Branco,SP,municipio
ribeirao corrente,SP,Ribeirão Corrente,SP,municipio
ribeirao do sul,SP,Ribeirão do Sul,SP,municipio
ribeirao dos indios,SP,Ribeirão dos Índios,SP,municipio
ribeirao grande,SP,Ribeirão Grande,SP,municipio
ribeirao pires,SP,Ribeirão Pires,SP,municipio
ribeirao preto,SP,Ribeirão Preto,SP,municipio
ribeirao preto / sao paulo,SP,Ribeirão Preto,SP,viacep
ribeirao pretp,SP,Ribeirão Preto,SP,fuzzy
ribeirão bonito,SP,Ribeirão Bonito,SP,municipio
ribeirão branco,SP,Ribeirão Branco,SP,municipio
ribeirão corrente,SP,Ribeirão Corrente,SP,municipio
ribeirão do sul,SP,Ribeirão do Sul,SP,municipio
ribeirão dos índios,SP,Ribeirão dos Índios,SP,municipio
ribeirão grande,SP,Ribeirão Grande,SP,municipio
ribeirão pires,SP,Ribeirão Pires,SP,municipio
ribeirão preto,SP,Ribeirão Preto,SP,municipio
riberao preto,SP,Ribeirão Preto,SP,fuzzy
rifaina,SP,Rifaina,SP,municipio
rincao,SP,Rincão,SP,municipio
rincão,SP,Rincão,SP,municipio
rinopolis,SP,Rinópolis,SP,municipio
rinópolis,SP,Rinópolis,SP,municipio
rio bonito,SP,Rio Bonito,RJ,viacep
rio claro,SP,Rio Claro,SP,municipio
rio das pedras,SP,Rio das Pedras,SP,municipio
rio de janeiro,SP,Rio de Janeiro,RJ,viacep
rio grande da serra,SP,Rio Grande da Serra,SP,municipio
riolandia,SP,Riolândia,SP,municipio
riolândia,SP,Riolândia,SP,municipio
riversul,SP,Riversul,SP,municipio
robeirao preto,SP,Ribeirão Preto,SP,fuzzy
roberto,SP,Pindorama,SP,distrito
rosana,SP,Rosana,SP,municipio
roseira,SP,Roseira,SP,municipio
rubiacea,SP,Rubiácea,SP,municipio
rubiao junior,SP,Botucatu,SP,distrito
rubineia,SP,Rubinéia,SP,municipio
rubinéia,SP,Rubinéia,SP,municipio
rubiácea,SP,Rubiácea,SP,municipio
s jose do rio preto,SP,São José do Rio Preto,SP,fuzzy
sabino,SP,Sabino,SP,municipio
sagres,SP,Sagres,SP,municipio
sales,SP,Sales,SP,municipio
sales oliveira,SP,Sales Oliveira,SP,municipio
salesopolis,SP,Salesópolis,SP,municipio
salesópolis,SP,Salesópolis,SP,municipio
salmourao,SP,Salmourão,SP,municipio
salmourão,SP,Salmourão,SP,municipio
saltinho,SP,Saltinho,SP,municipio
salto,SP,Salto,SP,municipio
salto de pirapora,SP,Salto de Pirapora,SP,municipio
salto grande,SP,Salto Grande,SP,municipio
sando andre,SP,Santo André,SP,fuzzy
sandovalina,SP,Sandovalina,SP,municipio
santa adelia,SP,Santa Adélia,SP,municipio
santa adélia,SP,Santa Adélia,SP,municipio
santa albertina,SP,Santa Albertina,SP,municipio
santa barbara d oeste,SP,Santa Bárbara d'Oeste,SP,fuzzy
santa barbara d'oeste,SP,Santa Bárbara d'Oeste,SP,municipio
santa barbara doeste,SP,Santa Bárbara d'Oeste,SP,fuzzy
santa barbara d´oeste,SP,Santa Bárbara d'Oeste,SP,fuzzy
santa branca,SP,Santa Branca,SP,municipio
santa bárbara d'oeste,SP,Santa Bárbara d'Oeste,SP,municipio
santa bárbara d`oeste,SP,Santa Bárbara d'Oeste,SP,fuzzy
santa bárbara doeste,SP,Santa Bárbara d'Oeste,SP,fuzzy
santa clara d oeste,SP,Santa Clara d'Oeste,SP,fuzzy
santa clara d'oeste,SP,Santa Clara d'Oeste,SP,municipio
santa cruz da conceicao,SP,Santa Cruz da Conceição,SP,municipio
santa cruz da conceição,SP,Santa Cruz da Conceição,SP,municipio
santa cruz da esperanca,SP,Santa Cruz da Esperança,SP,municipio
santa cruz das palmeiras,SP,Santa Cruz das Palmeiras,SP,municipio
santa cruz do rio pardo,SP,Santa Cruz do Rio Pardo,SP,municipio
santa ernestina,SP,Santa Ernestina,SP,municipio
santa eudóxia,SP,São Carlos,SP,distrito
santa fe do sul,SP,Santa Fé do Sul,SP,municipio
santa fé do sul,SP,Santa Fé do Sul,SP,municipio
santa gertrudes,SP,Santa Gertrudes,SP,municipio
santa isabel,SP,Santa Isabel,SP,municipio
santa lucia,SP,Santa Lúcia,SP,municipio
santa lúcia,SP,Santa Lúcia,SP,municipio
santa maria da serra,SP,Santa Maria da Serra,SP,municipio
santa mercedes,SP,Santa Mercedes,SP,municipio
santa rita d oeste,SP,Santa Rita d'Oeste,SP,fuzzy
santa rita d'oeste,SP,Santa Rita d'Oeste,SP,municipio
santa rita do passa quatro,SP,Santa Rita do Passa Quatro,SP,municipio
santa rita doeste,SP,Santa Rita d'Oeste,SP,fuzzy
santa rosa de viterbo,SP,Santa Rosa de Viterbo,SP,municipio
santa salete,SP,Santa Salete,SP,municipio
santana da ponte pensa,SP,Santana da Ponte Pensa,SP,municipio
santana de parnaiba,SP,Santana de Parnaíba,SP,municipio
santana de parnaíba,SP,Santana de Parnaíba,SP,municipio
santelmo,SP,Pederneiras,SP,distrito
santo anastacio,SP,Santo Anastácio,SP,municipio
santo anastácio,SP,Santo Anastácio,SP,municipio
santo andre,SP,Santo André,SP,municipio
santo andre/sao paulo,SP,Santo André,SP,viacep
santo andré,SP,Santo André,SP,municipio
santo antonio da alegria,SP,Santo Antônio da Alegria,SP,municipio
santo antonio de posse,SP,Santo Antônio de Posse,SP,municipio
santo antonio do aracangua,SP,Santo Antônio do Aracanguá,SP,municipio
santo antonio do jardim,SP,Santo Antônio do Jardim,SP,municipio
santo antonio do pinhal,SP,Santo Antônio do Pinhal,SP,municipio
santo antônio da alegria,SP,Santo Antônio da Alegria,SP,municipio
santo antônio de posse,SP,Santo Antônio de Posse,SP,municipio
santo antônio do aracanguá,SP,Santo Antônio do Aracanguá,SP,municipio
santo antônio do jardim,SP,Santo Antônio do Jardim,SP,municipio
santo antônio do pinhal,SP,Santo Antônio do Pinhal,SP,municipio
santo expedito,SP,Santo Expedito,SP,municipio
santopolis do aguapei,SP,Santópolis do Aguapeí,SP,municipio
santos,SP,Santos,SP,municipio
santópolis do aguapeí,SP,Santópolis do Aguapeí,SP,municipio
sao  paulo,SP,São Paulo,SP,municipio
sao benedito da cachoeirinha,SP,Ituverava,SP,distrito
sao benedito das areias,SP,Mococa,SP,distrito
sao bento do sapucai,SP,São Bento do Sapucaí,SP,municipio
sao bernardo do campo,SP,São Bernardo do Campo,SP,municipio
sao bernardo do capo,SP,São Bernardo do Campo,SP,fuzzy
sao caetano do sul,SP,São Caetano do Sul,SP,municipio
sao carlos,SP,São Carlos,SP,municipio
sao francisco,SP,São Francisco,SP,municipio
sao francisco da praia,SP,São Sebastião,SP,distrito
sao francisco xavier,SP,São José dos Campos,SP,distrito
sao joao da boa vista,SP,São João da Boa Vista,SP,municipio
sao joao das duas pontes,SP,São João das Duas Pontes,SP,municipio
sao joao de iracema,SP,São João de Iracema,SP,municipio
sao joao de itaguacu,SP,Urupês,SP,distrito
sao joao do pau d alho,SP,São João do Pau d'Alho,SP,fuzzy
sao joao do pau d'alho,SP,São João do Pau d'Alho,SP,municipio
sao joao do pau dalho,SP,São João do Pau d'Alho,SP,fuzzy
sao joaquim da barra,SP,São Joaquim da Barra,SP,municipio
sao jose da bela vista,SP,São José da Bela Vista,SP,municipio
sao jose das laranjeiras,SP,Maracaí,SP,distrito
sao jose do barreiro,SP,São José do Barreiro,SP,municipio
sao jose do rio pardo,SP,São José do Rio Pardo,SP,municipio
sao jose do rio pret,SP,São José do Rio Preto,SP,fuzzy
sao jose do rio preto,SP,São José do Rio Preto,SP,municipio
sao jose dos campos,SP,São José dos Campos,SP,municipio
sao jose dos pinhais,SP,São José dos Pinhais,PR,viacep
sao lourenco da serra,SP,São Lourenço da Serra,SP,municipio
sao luis do paraitinga,SP,São Luiz do Paraitinga,SP,fuzzy
sao luiz do paraitinga,SP,São Luiz do Paraitinga,SP,municipio
sao manuel,SP,São Manuel,SP,municipio
sao miguel arcanjo,SP,São Miguel Arcanjo,SP,municipio
sao paluo,SP,São Paulo,SP,fuzzy
sao paulo,SP,São Paulo,SP,municipio
sao paulo - sp,SP,São Paulo,SP,viacep
sao paulo / sao paulo,SP,São Paulo,SP,viacep
sao paulo sp,SP,São Paulo,SP,fuzzy
sao paulop,SP,São Paulo,SP,fuzzy
sao pauo,SP,São Paulo,SP,fuzzy
sao pedro,SP,São Pedro,SP,municipio
sao pedro do turvo,SP,São Pedro do Turvo,SP,municipio
sao roque,SP,São Roque,SP,municipio
sao roque da fartura,SP,Águas da Prata,SP,distrito
sao sebastiao,SP,São Sebastião,SP,municipio
sao sebastiao da grama,SP,São Sebastião da Grama,SP,municipio
sao sebastiao da grama/sp,SP,São Sebastião da Grama,SP,fuzzy
sao sebastiao da serra,SP,Brotas,SP,distrito
sao simao,SP,São Simão,SP,municipio
sao vicente,SP,São Vicente,SP,municipio
sarapui,SP,Sarapuí,SP,municipio
sarapuí,SP,Sarapuí,SP,municipio
sarutaia,SP,Sarutaiá,SP,municipio
sarutaiá,SP,Sarutaiá,SP,municipio
sa£o paulo,SP,São Paulo,SP,municipio
são paulo,SP,São Paulo,SP,municipio
sbc,SP,São Bernardo do Campo,SP,viacep
sbc/sp,SP,São Bernardo do Campo,SP,viacep
sbcampo,SP,São Bernardo do Campo,SP,viacep
scao jose do rio pardo,SP,São José do Rio Pardo,SP,fuzzy
sebastianopolis do sul,SP,Sebastianópolis do Sul,SP,municipio
sebastianópolis do sul,SP,Sebastianópolis do Sul,SP,municipio
serra azul,SP,Serra Azul,SP,municipio
serra negra,SP,Serra Negra,SP,municipio
serrana,SP,Serrana,SP,municipio
sertanopolis,SP,Sertanópolis,PR,viacep
sertaozinho,SP,Sertãozinho,SP,municipio
sertãozinho,SP,Sertãozinho,SP,municipio
sete barras,SP,Sete Barras,SP,municipio
severinia,SP,Severínia,SP,municipio
severínia,SP,Severínia,SP,municipio
silveiras,SP,Silveiras,SP,municipio
simoes,SP,Cafelândia,SP,distrito
socorro,SP,Socorro,SP,municipio
sodrelia,SP,Santa Cruz do Rio Pardo,SP,distrito
sorocaba,SP,Sorocaba,SP,municipio
sp,SP,São Paulo,SP,viacep
sp / sp,SP,São Paulo,SP,viacep
sud mennucci,SP,Sud Mennucci,SP,municipio
sumare,SP,Sumaré,SP,municipio
sumaré,SP,Sumaré,SP,municipio
suzanapolis,SP,Suzanápolis,SP,municipio
suzano,SP,Suzano,SP,municipio
suzanápolis,SP,Suzanápolis,SP,municipio
são benedito das areias,SP,Mococa,SP,distrito
são bento do sapucaí,SP,São Bento do Sapucaí,SP,municipio
são bernardo do campo,SP,São Bernardo do Campo,SP,municipio
são caetano do sul,SP,São Caetano do Sul,SP,municipio
são carlos,SP,São Carlos,SP,municipio
são francisco,SP,São Francisco,SP,municipio
são francisco da praia,SP,São Sebastião,SP,distrito
são francisco xavier,SP,São José dos Campos,SP,distrito
são joaquim da barra,SP,São Joaquim da Barra,SP,municipio
são josé da bela vista,SP,São José da Bela Vista,SP,municipio
são josé das laranjeiras,SP,Maracaí,SP,distrito
são josé do barreiro,SP,São José do Barreiro,SP,municipio
são josé do rio pardo,SP,São José do Rio Pardo,SP,municipio
são josé do rio preto,SP,São José do Rio Preto,SP,municipio
são josé dos campos,SP,São José dos Campos,SP,municipio
são joão da boa vista,SP,São João da Boa Vista,SP,municipio
são joão das duas pontes,SP,São João das Duas Pontes,SP,municipio
são joão de iracema,SP,São João de Iracema,SP,municipio
são joão de itaguaçu,SP,Urupês,SP,distrito
são joão do pau d%26apos%3balho,SP,São João do Pau D'Alho,SP,manual_review
são joão do pau d'alho,SP,São João do Pau d'Alho,SP,municipio
são lourenço da serra,SP,São Lourenço da Serra,SP,municipio
são luiz do paraitinga,SP,São Luiz do Paraitinga,SP,municipio
são manuel,SP,São Manuel,SP,municipio
são miguel arcanjo,SP,São Miguel Arcanjo,SP,municipio
são paulo,SP,São Paulo,SP,municipio
são pedro,SP,São Pedro,SP,municipio
são pedro do turvo,SP,São Pedro do Turvo,SP,municipio
são roque,SP,São Roque,SP,municipio
são sebastião,SP,São Sebastião,SP,municipio
são sebastião da grama,SP,São Sebastião da Grama,SP,municipio
são simão,SP,São Simão,SP,municipio
são vicente,SP,São Vicente,SP,municipio
sãopaulo,SP,São Paulo,SP,municipio
tabao da serra,SP,Taboão da Serra,SP,fuzzy
tabapua,SP,Tabapuã,SP,municipio
tabapuã,SP,Tabapuã,SP,municipio
tabatinga,SP,Tabatinga,SP,municipio
taboao da serra,SP,Taboão da Serra,SP,municipio
taboão da serra,SP,Taboão da Serra,SP,municipio
taciba,SP,Taciba,SP,municipio
taguai,SP,Taguaí,SP,municipio
taguaí,SP,Taguaí,SP,municipio
taiacu,SP,Taiaçu,SP,municipio
taiaçu,SP,Taiaçu,SP,municipio
taiuva,SP,Taiúva,SP,municipio
taiúva,SP,Taiúva,SP,municipio
tambau,SP,Tambaú,SP,municipio
tambaú,SP,Tambaú,SP,municipio
tanabi,SP,Tanabi,SP,municipio
tapinas,SP,Itápolis,SP,distrito
tapirai,SP,Tapiraí,SP,municipio
tapiratiba,SP,Tapiratiba,SP,municipio
tapiraí,SP,Tapiraí,SP,municipio
taquaral,SP,Taquaral,SP,municipio
taquaritinga,SP,Taquaritinga,SP,municipio
taquarituba,SP,Taquarituba,SP,municipio
taquarivai,SP,Taquarivaí,SP,municipio
taquarivaí,SP,Taquarivaí,SP,municipio
tarabai,SP,Tarabai,SP,municipio
taruma,SP,Tarumã,SP,municipio
tarumã,SP,Tarumã,SP,municipio
tatui,SP,Tatuí,SP,municipio
tatuí,SP,Tatuí,SP,municipio
taubate,SP,Taubaté,SP,municipio
taubaté,SP,Taubaté,SP,municipio
tecainda,SP,Martinópolis,SP,distrito
tejupa,SP,Tejupá,SP,municipio
tejupá,SP,Tejupá,SP,municipio
teodoro sampaio,SP,Teodoro Sampaio,SP,municipio
termas de ibira,SP,Ibirá,SP,distrito
terra roxa,SP,Terra Roxa,SP,municipio
tiete,SP,Tietê,SP,municipio
tietê,SP,Tietê,SP,municipio
timburi,SP,Timburi,SP,municipio
tocantins,SP,Tocantins,MG,viacep
torre de pedra,SP,Torre de Pedra,SP,municipio
torrinha,SP,Torrinha,SP,municipio
trabiju,SP,Trabiju,SP,municipio
tremembe,SP,Tremembé,SP,municipio
tremembé,SP,Tremembé,SP,municipio
tres aliancas,SP,Mirandópolis,SP,distrito
tres fronteiras,SP,Três Fronteiras,SP,municipio
três fronteiras,SP,Três Fronteiras,SP,municipio
tuiuti,SP,Tuiuti,SP,municipio
tupa,SP,Tupã,SP,municipio
tupi paulista,SP,Tupi Paulista,SP,municipio
tupã,SP,Tupã,SP,municipio
turiuba,SP,Turiúba,SP,municipio
turiúba,SP,Turiúba,SP,municipio
turmalina,SP,Turmalina,SP,municipio
ubarana,SP,Ubarana,SP,municipio
ubatuba,SP,Ubatuba,SP,municipio
ubirajara,SP,Ubirajara,SP,municipio
uchoa,SP,Uchoa,SP,municipio
uniao paulista,SP,União Paulista,SP,municipio
união paulista,SP,União Paulista,SP,municipio
urania,SP,Urânia,SP,municipio
uru,SP,Uru,SP,municipio
urupes,SP,Urupês,SP,municipio
urupês,SP,Urupês,SP,municipio
urânia,SP,Urânia,SP,municipio
valentim gentil,SP,Valentim Gentil,SP,municipio
valinhos,SP,Valinhos,SP,municipio
valparaiso,SP,Valparaíso,SP,municipio
valparaíso,SP,Valparaíso,SP,municipio
vargem,SP,Vargem,SP,municipio
vargem grande do sul,SP,Vargem Grande do Sul,SP,municipio
vargem grande paulista,SP,Vargem Grande Paulista,SP,municipio
varzea paulista,SP,Várzea Paulista,SP,municipio
venda branca,SP,Casa Branca,SP,distrito
vera cruz,SP,Vera Cruz,SP,municipio
vicente de carvalho,SP,Guarujá,SP,distrito
vila velha,SP,Vila Velha,ES,manual_review
vinhedo,SP,Vinhedo,SP,municipio
viradouro,SP,Viradouro,SP,municipio
vista alegre do alto,SP,Vista Alegre do Alto,SP,municipio
vitoria brasil,SP,Vitória Brasil,SP,municipio
vitória brasil,SP,Vitória Brasil,SP,municipio
volta redonda,SP,Volta Redonda,RJ,manual_review
votorantim,SP,Votorantim,SP,municipio
votuporanga,SP,Votuporanga,SP,municipio
várzea paulista,SP,Várzea Paulista,SP,municipio
zacarias,SP,Zacarias,SP,municipio
águas da prata,SP,Águas da Prata,SP,municipio
águas de lindóia,SP,Águas de Lindóia,SP,municipio
águas de santa bárbara,SP,Águas de Santa Bárbara,SP,municipio
águas de são pedro,SP,Águas de São Pedro,SP,municipio
álvares florence,SP,Álvares Florence,SP,municipio
álvares machado,SP,Álvares Machado,SP,municipio
álvaro de carvalho,SP,Álvaro de Carvalho,SP,municipio
óleo,SP,Óleo,SP,municipio
abreulândia,TO,Abreulândia,TO,municipio
aguiarnopolis,TO,Aguiarnópolis,TO,municipio
aguiarnópolis,TO,Aguiarnópolis,TO,municipio
alianca do tocantins,TO,Aliança do Tocantins,TO,municipio
aliança do tocantins,TO,Aliança do Tocantins,TO,municipio
almas,TO,Almas,TO,municipio
alvorada,TO,Alvorada,TO,municipio
ananas,TO,Ananás,TO,municipio
ananás,TO,Ananás,TO,municipio
angico,TO,Angico,TO,municipio
aparecida do rio negro,TO,Aparecida do Rio Negro,TO,municipio
aragominas,TO,Aragominas,TO,municipio
araguacema,TO,Araguacema,TO,municipio
araguacu,TO,Araguaçu,TO,municipio
araguaina,TO,Araguaína,TO,municipio
araguana,TO,Araguanã,TO,municipio
araguanã,TO,Araguanã,TO,municipio
araguatins,TO,Araguatins,TO,municipio
araguaçu,TO,Araguaçu,TO,municipio
araguaína,TO,Araguaína,TO,municipio
arapoema,TO,Arapoema,TO,municipio
arraias,TO,Arraias,TO,municipio
augustinopolis,TO,Augustinópolis,TO,municipio
augustinópolis,TO,Augustinópolis,TO,municipio
aurora do tocantins,TO,Aurora do Tocantins,TO,municipio
axixa do tocantins,TO,Axixá do Tocantins,TO,municipio
axixá do tocantins,TO,Axixá do Tocantins,TO,municipio
babaculandia,TO,Babaçulândia,TO,municipio
bandeirantes do tocantins,TO,Bandeirantes do Tocantins,TO,municipio
barrolandia,TO,Barrolândia,TO,municipio
barrolândia,TO,Barrolândia,TO,municipio
bernardo sayao,TO,Bernardo Sayão,TO,municipio
bernardo sayão,TO,Bernardo Sayão,TO,municipio
bom jesus do tocantins,TO,Bom Jesus do Tocantins,TO,municipio
brasilandia do tocantins,TO,Brasilândia do Tocantins,TO,municipio
brasilândia do tocantins,TO,Brasilândia do Tocantins,TO,municipio
brejinho de nazare,TO,Brejinho de Nazaré,TO,municipio
brejinho de nazaré,TO,Brejinho de Nazaré,TO,municipio
buriti do tocantins,TO,Buriti do Tocantins,TO,municipio
cachoeirinha,TO,Cachoeirinha,TO,municipio
campos lindos,TO,Campos Lindos,TO,municipio
cariri do tocantins,TO,Cariri do Tocantins,TO,municipio
carmolandia,TO,Carmolândia,TO,municipio
caseara,TO,Caseara,TO,municipio
centenario,TO,Centenário,TO,municipio
chapada da natividade,TO,Chapada da Natividade,TO,municipio
colinas do tocantins,TO,Colinas do Tocantins,TO,municipio
colmeia,TO,Colméia,TO,municipio
colméia,TO,Colméia,TO,municipio
combinado,TO,Combinado,TO,municipio
conceicao do tocantins,TO,Conceição do Tocantins,TO,municipio
conceição do tocantins,TO,Conceição do Tocantins,TO,municipio
couto de magalhaes,TO,Couto Magalhães,TO,fuzzy
couto de magalhães,TO,Couto Magalhães,TO,fuzzy
cristalandia,TO,Cristalândia,TO,municipio
crixas do tocantins,TO,Crixás do Tocantins,TO,municipio
darcinopolis,TO,Darcinópolis,TO,municipio
dianopolis,TO,Dianópolis,TO,municipio
dianópolis,TO,Dianópolis,TO,municipio
divinopolis do tocantins,TO,Divinópolis do Tocantins,TO,municipio
divinópolis do tocantins,TO,Divinópolis do Tocantins,TO,municipio
dois irmaos do tocantins,TO,Dois Irmãos do Tocantins,TO,municipio
duere,TO,Dueré,TO,municipio
esperantina,TO,Esperantina,TO,municipio
fatima,TO,Fátima,TO,municipio
figueiropolis,TO,Figueirópolis,TO,municipio
filadelfia,TO,Filadélfia,TO,municipio
formoso do araguaia,TO,Formoso do Araguaia,TO,municipio
fortaleza do tabocao,TO,Tabocão,TO,viacep
fortaleza do tabocão,TO,Tabocão,TO,viacep
fátima,TO,Fátima,TO,municipio
goianorte,TO,Goianorte,TO,municipio
goiatins,TO,Goiatins,TO,municipio
guarai,TO,Guaraí,TO,municipio
guaraí,TO,Guaraí,TO,municipio
gurupi,TO,Gurupi,TO,municipio
itacaja,TO,Itacajá,TO,municipio
itacajá,TO,Itacajá,TO,municipio
itaguatins,TO,Itaguatins,TO,municipio
itapiratins,TO,Itapiratins,TO,municipio
itapora do tocantins,TO,Itaporã do Tocantins,TO,municipio
itaporã do tocantins,TO,Itaporã do Tocantins,TO,municipio
jau do tocantins,TO,Jaú do Tocantins,TO,municipio
jaú do tocantins,TO,Jaú do Tocantins,TO,municipio
juarina,TO,Juarina,TO,municipio
lagoa da confusao,TO,Lagoa da Confusão,TO,municipio
lagoa da confusão,TO,Lagoa da Confusão,TO,municipio
lagoa do tocantins,TO,Lagoa do Tocantins,TO,municipio
lajeado,TO,Lajeado,TO,municipio
lizarda,TO,Lizarda,TO,municipio
luzinopolis,TO,Luzinópolis,TO,municipio
luzinópolis,TO,Luzinópolis,TO,municipio
marianopolis do tocantins,TO,Marianópolis do Tocantins,TO,municipio
marianópolis do tocantins,TO,Marianópolis do Tocantins,TO,municipio
mateiros,TO,Mateiros,TO,municipio
maurilandia do tocantins,TO,Maurilândia do Tocantins,TO,municipio
maurilândia do tocantins,TO,Maurilândia do Tocantins,TO,municipio
miracema do tocantins,TO,Miracema do Tocantins,TO,municipio
miranorte,TO,Miranorte,TO,municipio
monte do carmo,TO,Monte do Carmo,TO,municipio
monte santo do tocantins,TO,Monte Santo do Tocantins,TO,municipio
muricilandia,TO,Muricilândia,TO,municipio
natividade,TO,Natividade,TO,municipio
nazare,TO,Nazaré,TO,municipio
nazaré,TO,Nazaré,TO,municipio
nova olinda,TO,Nova Olinda,TO,municipio
nova rosalandia,TO,Nova Rosalândia,TO,municipio
nova rosalândia,TO,Nova Rosalândia,TO,municipio
novo acordo,TO,Novo Acordo,TO,municipio
novo alegre,TO,Novo Alegre,TO,municipio
novo jardim,TO,Novo Jardim,TO,municipio
oliveira de fatima,TO,Oliveira de Fátima,TO,municipio
palmas,TO,Palmas,TO,municipio
palmeiras do tocantins,TO,Palmeiras do Tocantins,TO,municipio
palmeiropolis,TO,Palmeirópolis,TO,municipio
palmeirópolis,TO,Palmeirópolis,TO,municipio
paraiso do tocantins,TO,Paraíso do Tocantins,TO,municipio
parana,TO,Paranã,TO,municipio
paranã,TO,Paranã,TO,municipio
paraíso do tocantins,TO,Paraíso do Tocantins,TO,municipio
pau d'arco,TO,Pau D'Arco,TO,municipio
pedro afonso,TO,Pedro Afonso,TO,municipio
peixe,TO,Peixe,TO,municipio
pequizeiro,TO,Pequizeiro,TO,municipio
pindorama do tocantins,TO,Pindorama do Tocantins,TO,municipio
pium,TO,Pium,TO,municipio
ponte alta do bom jesus,TO,Ponte Alta do Bom Jesus,TO,municipio
ponte alta do tocantins,TO,Ponte Alta do Tocantins,TO,municipio
porto alegre do tocantins,TO,Porto Alegre do Tocantins,TO,municipio
porto nacional,TO,Porto Nacional,TO,municipio
praia norte,TO,Praia Norte,TO,municipio
presidente kennedy,TO,Presidente Kennedy,TO,municipio
pugmil,TO,Pugmil,TO,municipio
recursolandia,TO,Recursolândia,TO,municipio
rio da conceicao,TO,Rio da Conceição,TO,municipio
rio da conceição,TO,Rio da Conceição,TO,municipio
rio dos bois,TO,Rio dos Bois,TO,municipio
rio sono,TO,Rio Sono,TO,municipio
sampaio,TO,Sampaio,TO,municipio
sandolandia,TO,Sandolândia,TO,municipio
sandolândia,TO,Sandolândia,TO,municipio
santa fe do araguaia,TO,Santa Fé do Araguaia,TO,municipio
santa fé do araguaia,TO,Santa Fé do Araguaia,TO,municipio
santa maria do tocantins,TO,Santa Maria do Tocantins,TO,municipio
santa rosa do tocantins,TO,Santa Rosa do Tocantins,TO,municipio
santa tereza do tocantins,TO,Santa Tereza do Tocantins,TO,municipio
santa terezinha do tocantins,TO,Santa Terezinha do Tocantins,TO,municipio
sao bento do tocantins,TO,São Bento do Tocantins,TO,municipio
sao miguel do tocantins,TO,São Miguel do Tocantins,TO,municipio
sao salvador do tocantins,TO,São Salvador do Tocantins,TO,municipio
sao sebastiao do tocantins,TO,São Sebastião do Tocantins,TO,municipio
sao valerio da natividade,TO,São Valério,TO,viacep
silvanopolis,TO,Silvanópolis,TO,municipio
silvanópolis,TO,Silvanópolis,TO,municipio
sitio novo do tocantins,TO,Sítio Novo do Tocantins,TO,municipio
sucupira,TO,Sucupira,TO,municipio
são bento do tocantins,TO,São Bento do Tocantins,TO,municipio
são miguel do tocantins,TO,São Miguel do Tocantins,TO,municipio
são salvador do tocantins,TO,São Salvador do Tocantins,TO,municipio
são valério da natividade,TO,São Valério,TO,viacep
taguatinga,TO,Taguatinga,TO,municipio
taipas do tocantins,TO,Taipas do Tocantins,TO,municipio
talisma,TO,Talismã,TO,municipio
talismã,TO,Talismã,TO,municipio
tocantinia,TO,Tocantínia,TO,municipio
tocantinopolis,TO,Tocantinópolis,TO,municipio
tocantinópolis,TO,Tocantinópolis,TO,municipio
tocantínia,TO,Tocantínia,TO,municipio
tupirama,TO,Tupirama,TO,municipio
wanderlandia,TO,Wanderlândia,TO,municipio
wanderlândia,TO,Wanderlândia,TO,municipio
xambioa,TO,Xambioá,TO,municipio
xambioá,TO,Xambioá,TO,municipio
